<?xml version='1.0' encoding='UTF-8'?>
<AnimatedTexturePC width="32" height="32" actualWidth="11" actualHeight="7">
  <Frames>
    <FramePC duration="800000">
      <Rectangle x="0" y="0" w="11" h="7"/>
    </FramePC>
    <FramePC duration="800000">
      <Rectangle x="0" y="8" w="11" h="7"/>
    </FramePC>
    <FramePC duration="800000">
      <Rectangle x="12" y="0" w="11" h="7"/>
    </FramePC>
    <FramePC duration="800000">
      <Rectangle x="12" y="8" w="11" h="7"/>
    </FramePC>
    <FramePC duration="800000">
      <Rectangle x="0" y="16" w="11" h="7"/>
    </FramePC>
    <FramePC duration="800000">
      <Rectangle x="0" y="24" w="11" h="7"/>
    </FramePC>
    <FramePC duration="800000">
      <Rectangle x="12" y="16" w="11" h="7"/>
    </FramePC>
  </Frames>
</AnimatedTexturePC>
