<?xml version='1.0' encoding='UTF-8'?>
<AnimatedTexturePC width="128" height="128" actualWidth="16" actualHeight="11">
  <Frames>
    <FramePC duration="700000">
      <Rectangle x="0" y="0" w="16" h="11"/>
    </FramePC>
    <FramePC duration="700000">
      <Rectangle x="0" y="12" w="16" h="11"/>
    </FramePC>
    <FramePC duration="700000">
      <Rectangle x="17" y="0" w="16" h="11"/>
    </FramePC>
    <FramePC duration="700000">
      <Rectangle x="17" y="12" w="16" h="11"/>
    </FramePC>
    <FramePC duration="700000">
      <Rectangle x="34" y="0" w="16" h="11"/>
    </FramePC>
    <FramePC duration="700000">
      <Rectangle x="34" y="12" w="16" h="11"/>
    </FramePC>
    <FramePC duration="700000">
      <Rectangle x="0" y="24" w="16" h="11"/>
    </FramePC>
    <FramePC duration="700000">
      <Rectangle x="0" y="36" w="16" h="11"/>
    </FramePC>
    <FramePC duration="700000">
      <Rectangle x="17" y="24" w="16" h="11"/>
    </FramePC>
    <FramePC duration="700000">
      <Rectangle x="0" y="48" w="16" h="11"/>
    </FramePC>
    <FramePC duration="700000">
      <Rectangle x="17" y="36" w="16" h="11"/>
    </FramePC>
    <FramePC duration="700000">
      <Rectangle x="34" y="24" w="16" h="11"/>
    </FramePC>
    <FramePC duration="700000">
      <Rectangle x="17" y="48" w="16" h="11"/>
    </FramePC>
    <FramePC duration="700000">
      <Rectangle x="34" y="36" w="16" h="11"/>
    </FramePC>
    <FramePC duration="700000">
      <Rectangle x="34" y="48" w="16" h="11"/>
    </FramePC>
    <FramePC duration="700000">
      <Rectangle x="51" y="0" w="16" h="11"/>
    </FramePC>
    <FramePC duration="700000">
      <Rectangle x="51" y="12" w="16" h="11"/>
    </FramePC>
    <FramePC duration="700000">
      <Rectangle x="68" y="0" w="16" h="11"/>
    </FramePC>
    <FramePC duration="700000">
      <Rectangle x="51" y="24" w="16" h="11"/>
    </FramePC>
    <FramePC duration="700000">
      <Rectangle x="68" y="12" w="16" h="11"/>
    </FramePC>
    <FramePC duration="700000">
      <Rectangle x="85" y="0" w="16" h="11"/>
    </FramePC>
    <FramePC duration="700000">
      <Rectangle x="51" y="36" w="16" h="11"/>
    </FramePC>
    <FramePC duration="700000">
      <Rectangle x="68" y="24" w="16" h="11"/>
    </FramePC>
    <FramePC duration="700000">
      <Rectangle x="85" y="12" w="16" h="11"/>
    </FramePC>
    <FramePC duration="700000">
      <Rectangle x="51" y="48" w="16" h="11"/>
    </FramePC>
    <FramePC duration="700000">
      <Rectangle x="102" y="0" w="16" h="11"/>
    </FramePC>
    <FramePC duration="700000">
      <Rectangle x="68" y="36" w="16" h="11"/>
    </FramePC>
    <FramePC duration="700000">
      <Rectangle x="85" y="24" w="16" h="11"/>
    </FramePC>
    <FramePC duration="700000">
      <Rectangle x="102" y="12" w="16" h="11"/>
    </FramePC>
    <FramePC duration="700000">
      <Rectangle x="68" y="48" w="16" h="11"/>
    </FramePC>
    <FramePC duration="700000">
      <Rectangle x="85" y="36" w="16" h="11"/>
    </FramePC>
    <FramePC duration="700000">
      <Rectangle x="102" y="24" w="16" h="11"/>
    </FramePC>
    <FramePC duration="700000">
      <Rectangle x="85" y="48" w="16" h="11"/>
    </FramePC>
    <FramePC duration="700000">
      <Rectangle x="102" y="36" w="16" h="11"/>
    </FramePC>
    <FramePC duration="700000">
      <Rectangle x="102" y="48" w="16" h="11"/>
    </FramePC>
    <FramePC duration="700000">
      <Rectangle x="0" y="60" w="16" h="11"/>
    </FramePC>
    <FramePC duration="700000">
      <Rectangle x="0" y="72" w="16" h="11"/>
    </FramePC>
    <FramePC duration="700000">
      <Rectangle x="17" y="60" w="16" h="11"/>
    </FramePC>
    <FramePC duration="700000">
      <Rectangle x="0" y="84" w="16" h="11"/>
    </FramePC>
    <FramePC duration="700000">
      <Rectangle x="17" y="72" w="16" h="11"/>
    </FramePC>
    <FramePC duration="700000">
      <Rectangle x="34" y="60" w="16" h="11"/>
    </FramePC>
    <FramePC duration="700000">
      <Rectangle x="0" y="96" w="16" h="11"/>
    </FramePC>
    <FramePC duration="700000">
      <Rectangle x="17" y="84" w="16" h="11"/>
    </FramePC>
    <FramePC duration="700000">
      <Rectangle x="34" y="72" w="16" h="11"/>
    </FramePC>
    <FramePC duration="700000">
      <Rectangle x="0" y="108" w="16" h="11"/>
    </FramePC>
    <FramePC duration="700000">
      <Rectangle x="51" y="60" w="16" h="11"/>
    </FramePC>
    <FramePC duration="700000">
      <Rectangle x="17" y="96" w="16" h="11"/>
    </FramePC>
    <FramePC duration="700000">
      <Rectangle x="34" y="84" w="16" h="11"/>
    </FramePC>
    <FramePC duration="700000">
      <Rectangle x="51" y="72" w="16" h="11"/>
    </FramePC>
    <FramePC duration="700000">
      <Rectangle x="17" y="108" w="16" h="11"/>
    </FramePC>
    <FramePC duration="700000">
      <Rectangle x="68" y="60" w="16" h="11"/>
    </FramePC>
    <FramePC duration="700000">
      <Rectangle x="34" y="96" w="16" h="11"/>
    </FramePC>
    <FramePC duration="700000">
      <Rectangle x="51" y="84" w="16" h="11"/>
    </FramePC>
    <FramePC duration="700000">
      <Rectangle x="68" y="72" w="16" h="11"/>
    </FramePC>
    <FramePC duration="700000">
      <Rectangle x="34" y="108" w="16" h="11"/>
    </FramePC>
    <FramePC duration="700000">
      <Rectangle x="85" y="60" w="16" h="11"/>
    </FramePC>
    <FramePC duration="700000">
      <Rectangle x="51" y="96" w="16" h="11"/>
    </FramePC>
    <FramePC duration="700000">
      <Rectangle x="68" y="84" w="16" h="11"/>
    </FramePC>
    <FramePC duration="700000">
      <Rectangle x="85" y="72" w="16" h="11"/>
    </FramePC>
    <FramePC duration="700000">
      <Rectangle x="51" y="108" w="16" h="11"/>
    </FramePC>
    <FramePC duration="700000">
      <Rectangle x="102" y="60" w="16" h="11"/>
    </FramePC>
    <FramePC duration="700000">
      <Rectangle x="68" y="96" w="16" h="11"/>
    </FramePC>
    <FramePC duration="700000">
      <Rectangle x="85" y="84" w="16" h="11"/>
    </FramePC>
    <FramePC duration="700000">
      <Rectangle x="102" y="72" w="16" h="11"/>
    </FramePC>
    <FramePC duration="700000">
      <Rectangle x="68" y="108" w="16" h="11"/>
    </FramePC>
    <FramePC duration="700000">
      <Rectangle x="85" y="96" w="16" h="11"/>
    </FramePC>
    <FramePC duration="700000">
      <Rectangle x="102" y="84" w="16" h="11"/>
    </FramePC>
    <FramePC duration="700000">
      <Rectangle x="85" y="108" w="16" h="11"/>
    </FramePC>
    <FramePC duration="700000">
      <Rectangle x="102" y="96" w="16" h="11"/>
    </FramePC>
    <FramePC duration="700000">
      <Rectangle x="102" y="108" w="16" h="11"/>
    </FramePC>
  </Frames>
</AnimatedTexturePC>
