<?xml version='1.0' encoding='UTF-8'?>
<AnimatedTexturePC width="32" height="32" actualWidth="12" actualHeight="7">
  <Frames>
    <FramePC duration="700000">
      <Rectangle x="0" y="0" w="12" h="7"/>
    </FramePC>
    <FramePC duration="700000">
      <Rectangle x="0" y="8" w="12" h="7"/>
    </FramePC>
    <FramePC duration="700000">
      <Rectangle x="13" y="0" w="12" h="7"/>
    </FramePC>
    <FramePC duration="700000">
      <Rectangle x="13" y="8" w="12" h="7"/>
    </FramePC>
    <FramePC duration="5000000">
      <Rectangle x="0" y="16" w="12" h="7"/>
    </FramePC>
  </Frames>
</AnimatedTexturePC>
