<?xml version='1.0' encoding='UTF-8'?>
<AnimatedTexturePC width="32" height="32" actualWidth="12" actualHeight="10">
  <Frames>
    <FramePC duration="700000">
      <Rectangle x="0" y="0" w="12" h="10"/>
    </FramePC>
    <FramePC duration="700000">
      <Rectangle x="13" y="0" w="12" h="10"/>
    </FramePC>
    <FramePC duration="700000">
      <Rectangle x="0" y="11" w="12" h="10"/>
    </FramePC>
    <FramePC duration="700000">
      <Rectangle x="13" y="11" w="12" h="10"/>
    </FramePC>
  </Frames>
</AnimatedTexturePC>
