<?xml version='1.0' encoding='UTF-8'?>
<AnimatedTexturePC width="256" height="128" actualWidth="32" actualHeight="48">
  <Frames>
    <FramePC duration="500000">
      <Rectangle x="0" y="0" w="32" h="48"/>
    </FramePC>
    <FramePC duration="500000">
      <Rectangle x="33" y="0" w="32" h="48"/>
    </FramePC>
    <FramePC duration="500000">
      <Rectangle x="66" y="0" w="32" h="48"/>
    </FramePC>
    <FramePC duration="500000">
      <Rectangle x="0" y="49" w="32" h="48"/>
    </FramePC>
    <FramePC duration="500000">
      <Rectangle x="33" y="49" w="32" h="48"/>
    </FramePC>
    <FramePC duration="500000">
      <Rectangle x="66" y="49" w="32" h="48"/>
    </FramePC>
    <FramePC duration="500000">
      <Rectangle x="99" y="0" w="32" h="48"/>
    </FramePC>
    <FramePC duration="500000">
      <Rectangle x="132" y="0" w="32" h="48"/>
    </FramePC>
    <FramePC duration="500000">
      <Rectangle x="99" y="49" w="32" h="48"/>
    </FramePC>
    <FramePC duration="500000">
      <Rectangle x="165" y="0" w="32" h="48"/>
    </FramePC>
    <FramePC duration="500000">
      <Rectangle x="132" y="49" w="32" h="48"/>
    </FramePC>
    <FramePC duration="500000">
      <Rectangle x="198" y="0" w="32" h="48"/>
    </FramePC>
    <FramePC duration="500000">
      <Rectangle x="165" y="49" w="32" h="48"/>
    </FramePC>
    <FramePC duration="500000">
      <Rectangle x="198" y="49" w="32" h="48"/>
    </FramePC>
  </Frames>
</AnimatedTexturePC>
