<?xml version='1.0' encoding='UTF-8'?>
<AnimatedTexturePC width="64" height="64" actualWidth="18" actualHeight="13">
  <Frames>
    <FramePC duration="700000">
      <Rectangle x="0" y="0" w="18" h="13"/>
    </FramePC>
    <FramePC duration="700000">
      <Rectangle x="0" y="14" w="18" h="13"/>
    </FramePC>
    <FramePC duration="700000">
      <Rectangle x="19" y="0" w="18" h="13"/>
    </FramePC>
    <FramePC duration="700000">
      <Rectangle x="19" y="14" w="18" h="13"/>
    </FramePC>
    <FramePC duration="700000">
      <Rectangle x="38" y="0" w="18" h="13"/>
    </FramePC>
    <FramePC duration="700000">
      <Rectangle x="38" y="14" w="18" h="13"/>
    </FramePC>
    <FramePC duration="700000">
      <Rectangle x="0" y="28" w="18" h="13"/>
    </FramePC>
    <FramePC duration="700000">
      <Rectangle x="0" y="42" w="18" h="13"/>
    </FramePC>
    <FramePC duration="700000">
      <Rectangle x="19" y="28" w="18" h="13"/>
    </FramePC>
    <FramePC duration="700000">
      <Rectangle x="19" y="42" w="18" h="13"/>
    </FramePC>
  </Frames>
</AnimatedTexturePC>
