<?xml version='1.0' encoding='UTF-8'?>
<AnimatedTexturePC width="32" height="32" actualWidth="14" actualHeight="7">
  <Frames>
    <FramePC duration="700000">
      <Rectangle x="0" y="0" w="14" h="7"/>
    </FramePC>
    <FramePC duration="700000">
      <Rectangle x="0" y="8" w="14" h="7"/>
    </FramePC>
    <FramePC duration="700000">
      <Rectangle x="15" y="0" w="14" h="7"/>
    </FramePC>
    <FramePC duration="700000">
      <Rectangle x="15" y="8" w="14" h="7"/>
    </FramePC>
    <FramePC duration="700000">
      <Rectangle x="0" y="16" w="14" h="7"/>
    </FramePC>
    <FramePC duration="700000">
      <Rectangle x="0" y="24" w="14" h="7"/>
    </FramePC>
    <FramePC duration="700000">
      <Rectangle x="15" y="16" w="14" h="7"/>
    </FramePC>
  </Frames>
</AnimatedTexturePC>
