<?xml version='1.0' encoding='UTF-8'?>
<AnimatedTexturePC width="128" height="128" actualWidth="17" actualHeight="20">
  <Frames>
    <FramePC duration="1300000">
      <Rectangle x="0" y="0" w="17" h="20"/>
    </FramePC>
    <FramePC duration="1300000">
      <Rectangle x="18" y="0" w="17" h="20"/>
    </FramePC>
    <FramePC duration="1300000">
      <Rectangle x="36" y="0" w="17" h="20"/>
    </FramePC>
    <FramePC duration="1300000">
      <Rectangle x="0" y="21" w="17" h="20"/>
    </FramePC>
    <FramePC duration="1300000">
      <Rectangle x="18" y="21" w="17" h="20"/>
    </FramePC>
    <FramePC duration="2100000">
      <Rectangle x="0" y="42" w="17" h="20"/>
    </FramePC>
    <FramePC duration="2500000">
      <Rectangle x="36" y="21" w="17" h="20"/>
    </FramePC>
    <FramePC duration="3300000">
      <Rectangle x="18" y="42" w="17" h="20"/>
    </FramePC>
    <FramePC duration="1000000">
      <Rectangle x="36" y="42" w="17" h="20"/>
    </FramePC>
    <FramePC duration="2100000">
      <Rectangle x="54" y="0" w="17" h="20"/>
    </FramePC>
    <FramePC duration="4100000">
      <Rectangle x="72" y="0" w="17" h="20"/>
    </FramePC>
    <FramePC duration="2100000">
      <Rectangle x="54" y="21" w="17" h="20"/>
    </FramePC>
    <FramePC duration="1300000">
      <Rectangle x="90" y="0" w="17" h="20"/>
    </FramePC>
    <FramePC duration="800000">
      <Rectangle x="72" y="21" w="17" h="20"/>
    </FramePC>
    <FramePC duration="2500000">
      <Rectangle x="54" y="42" w="17" h="20"/>
    </FramePC>
    <FramePC duration="800000">
      <Rectangle x="108" y="0" w="17" h="20"/>
    </FramePC>
    <FramePC duration="2500000">
      <Rectangle x="90" y="21" w="17" h="20"/>
    </FramePC>
    <FramePC duration="2500000">
      <Rectangle x="72" y="42" w="17" h="20"/>
    </FramePC>
    <FramePC duration="3300000">
      <Rectangle x="108" y="21" w="17" h="20"/>
    </FramePC>
    <FramePC duration="2500000">
      <Rectangle x="90" y="42" w="17" h="20"/>
    </FramePC>
    <FramePC duration="3300000">
      <Rectangle x="108" y="42" w="17" h="20"/>
    </FramePC>
    <FramePC duration="1300000">
      <Rectangle x="0" y="63" w="17" h="20"/>
    </FramePC>
    <FramePC duration="3300000">
      <Rectangle x="18" y="63" w="17" h="20"/>
    </FramePC>
    <FramePC duration="5000000">
      <Rectangle x="0" y="84" w="17" h="20"/>
    </FramePC>
  </Frames>
</AnimatedTexturePC>
