<?xml version='1.0' encoding='UTF-8'?>
<AnimatedTexturePC width="64" height="64" actualWidth="17" actualHeight="20">
  <Frames>
    <FramePC duration="1500000">
      <Rectangle x="0" y="0" w="17" h="20"/>
    </FramePC>
    <FramePC duration="1500000">
      <Rectangle x="18" y="0" w="17" h="20"/>
    </FramePC>
    <FramePC duration="1500000">
      <Rectangle x="36" y="0" w="17" h="20"/>
    </FramePC>
    <FramePC duration="1500000">
      <Rectangle x="0" y="21" w="17" h="20"/>
    </FramePC>
    <FramePC duration="1500000">
      <Rectangle x="18" y="21" w="17" h="20"/>
    </FramePC>
    <FramePC duration="1500000">
      <Rectangle x="0" y="42" w="17" h="20"/>
    </FramePC>
  </Frames>
</AnimatedTexturePC>
