<?xml version='1.0' encoding='UTF-8'?>
<Sky name="INDUS_CITY" background="SkyBack" windSpeed="1.0" density="1.0" fogDensity="0.019999999553" verticalTiling="True" horizontalScrolling="False" layerBaseHeight="0.5" interLayerVerticalDistance="0.5" interLayerHorizontalDistance="0.5" horizontalDistance="0.20000000298" verticalDistance="0.20000000298" layerBaseSpacing="0.0" windParallax="0.0" windDistance="0.0" cloudsParallax="0.20000000298" shadowOpacity="0.699999988079" foliageShadows="False" noPerFaceLayerXOffset="False" layerBaseXOffset="0.0">
  <Layers>
    <SkyLayer name="OUTERSPACE_BACK" opacity="1.0" fogTint="0.0" inFront="False"/>
    <SkyLayer name="OUTERSPACE_C" opacity="0.0500000007451" fogTint="0.0" inFront="False"/>
    <SkyLayer name="OUTERSPACE_B" opacity="0.15000000596" fogTint="0.0" inFront="False"/>
    <SkyLayer name="OUTERSPACE_A" opacity="0.75" fogTint="0.0" inFront="False"/>
  </Layers>
  <Clouds>
    <Cloud>Cloud0</Cloud>
    <Cloud>Cloud1</Cloud>
    <Cloud>Cloud2</Cloud>
    <Cloud>Cloud3</Cloud>
    <Cloud>Cloud4</Cloud>
    <Cloud>Cloud5</Cloud>
    <Cloud>Cloud6</Cloud>
    <Cloud>Cloud7</Cloud>
  </Clouds>
</Sky>
