<?xml version='1.0' encoding='UTF-8'?>
<Sky name="LOVELINE" background="OUTERSPACE_BACK" windSpeed="1.0" density="1.0" fogDensity="0.019999999553" verticalTiling="False" horizontalScrolling="False" layerBaseHeight="0.449999988079" interLayerVerticalDistance="0.5" interLayerHorizontalDistance="0.0" horizontalDistance="0.0" verticalDistance="0.0" layerBaseSpacing="-0.125" windParallax="0.0" windDistance="0.0" cloudsParallax="1.0" shadowOpacity="0.699999988079" foliageShadows="False" noPerFaceLayerXOffset="False" layerBaseXOffset="0.0">
  <Layers>
    <SkyLayer name="LOVELINE" opacity="0.10000000149" fogTint="0.0" inFront="False"/>
    <SkyLayer name="LOVELINE" opacity="0.20000000298" fogTint="0.0" inFront="False"/>
    <SkyLayer name="LOVELINE" opacity="0.300000011921" fogTint="0.0" inFront="False"/>
    <SkyLayer name="LOVELINE" opacity="0.40000000596" fogTint="0.0" inFront="False"/>
    <SkyLayer name="LOVELINE" opacity="0.5" fogTint="0.0" inFront="False"/>
    <SkyLayer name="LOVELINE" opacity="0.600000023842" fogTint="0.0" inFront="False"/>
    <SkyLayer name="LOVELINE" opacity="0.699999988079" fogTint="0.0" inFront="False"/>
    <SkyLayer name="LOVELINE" opacity="0.800000011921" fogTint="0.0" inFront="False"/>
  </Layers>
  <Clouds/>
</Sky>
