<?xml version='1.0' encoding='UTF-8'?>
<ArtObject name="BOOKSHELF_BIGAO" noSilhouette="False" actorType="Bookcase">
  <Size>
    <Vector3 x="8.0" y="8.0" z="8.0"/>
  </Size>
  <ShaderInstancedIndexedPrimitives type="TriangleList">
    <Vertices>
      <VertexPositionNormalTextureInstance>
        <Position>
          <Vector3 x="-0.5625" y="-4.0" z="-0.5"/>
        </Position>
        <Normal>1</Normal>
        <TextureCoord>
          <Vector2 x="0.904947936535" y="0.5625"/>
        </TextureCoord>
      </VertexPositionNormalTextureInstance>
      <VertexPositionNormalTextureInstance>
        <Position>
          <Vector3 x="3.0625" y="-4.0" z="-0.5"/>
        </Position>
        <Normal>1</Normal>
        <TextureCoord>
          <Vector2 x="0.98046875" y="0.5625"/>
        </TextureCoord>
      </VertexPositionNormalTextureInstance>
      <VertexPositionNormalTextureInstance>
        <Position>
          <Vector3 x="3.0625" y="-4.0" z="0.5"/>
        </Position>
        <Normal>1</Normal>
        <TextureCoord>
          <Vector2 x="0.98046875" y="0.4375"/>
        </TextureCoord>
      </VertexPositionNormalTextureInstance>
      <VertexPositionNormalTextureInstance>
        <Position>
          <Vector3 x="-0.5625" y="-4.0" z="0.5"/>
        </Position>
        <Normal>1</Normal>
        <TextureCoord>
          <Vector2 x="0.904947936535" y="0.4375"/>
        </TextureCoord>
      </VertexPositionNormalTextureInstance>
      <VertexPositionNormalTextureInstance>
        <Position>
          <Vector3 x="-0.5625" y="-4.0" z="-0.5"/>
        </Position>
        <Normal>0</Normal>
        <TextureCoord>
          <Vector2 x="0.572916686535" y="1.0"/>
        </TextureCoord>
      </VertexPositionNormalTextureInstance>
      <VertexPositionNormalTextureInstance>
        <Position>
          <Vector3 x="-0.5625" y="-4.0" z="0.5"/>
        </Position>
        <Normal>0</Normal>
        <TextureCoord>
          <Vector2 x="0.59375" y="1.0"/>
        </TextureCoord>
      </VertexPositionNormalTextureInstance>
      <VertexPositionNormalTextureInstance>
        <Position>
          <Vector3 x="-0.5625" y="-0.625" z="0.5"/>
        </Position>
        <Normal>0</Normal>
        <TextureCoord>
          <Vector2 x="0.59375" y="0.578125"/>
        </TextureCoord>
      </VertexPositionNormalTextureInstance>
      <VertexPositionNormalTextureInstance>
        <Position>
          <Vector3 x="-0.5625" y="-0.625" z="-0.5"/>
        </Position>
        <Normal>0</Normal>
        <TextureCoord>
          <Vector2 x="0.572916686535" y="0.578125"/>
        </TextureCoord>
      </VertexPositionNormalTextureInstance>
      <VertexPositionNormalTextureInstance>
        <Position>
          <Vector3 x="-0.5625" y="-0.625" z="-0.5"/>
        </Position>
        <Normal>4</Normal>
        <TextureCoord>
          <Vector2 x="0.73828125" y="0.4375"/>
        </TextureCoord>
      </VertexPositionNormalTextureInstance>
      <VertexPositionNormalTextureInstance>
        <Position>
          <Vector3 x="3.0625" y="-0.625" z="-0.5"/>
        </Position>
        <Normal>4</Normal>
        <TextureCoord>
          <Vector2 x="0.81380212307" y="0.4375"/>
        </TextureCoord>
      </VertexPositionNormalTextureInstance>
      <VertexPositionNormalTextureInstance>
        <Position>
          <Vector3 x="3.0625" y="-0.625" z="0.5"/>
        </Position>
        <Normal>4</Normal>
        <TextureCoord>
          <Vector2 x="0.81380212307" y="0.5625"/>
        </TextureCoord>
      </VertexPositionNormalTextureInstance>
      <VertexPositionNormalTextureInstance>
        <Position>
          <Vector3 x="-0.5625" y="-0.625" z="0.5"/>
        </Position>
        <Normal>4</Normal>
        <TextureCoord>
          <Vector2 x="0.73828125" y="0.5625"/>
        </TextureCoord>
      </VertexPositionNormalTextureInstance>
      <VertexPositionNormalTextureInstance>
        <Position>
          <Vector3 x="3.0625" y="-4.0" z="-0.5"/>
        </Position>
        <Normal>3</Normal>
        <TextureCoord>
          <Vector2 x="0.260416686535" y="1.0"/>
        </TextureCoord>
      </VertexPositionNormalTextureInstance>
      <VertexPositionNormalTextureInstance>
        <Position>
          <Vector3 x="3.0625" y="-4.0" z="0.5"/>
        </Position>
        <Normal>3</Normal>
        <TextureCoord>
          <Vector2 x="0.239583343267" y="1.0"/>
        </TextureCoord>
      </VertexPositionNormalTextureInstance>
      <VertexPositionNormalTextureInstance>
        <Position>
          <Vector3 x="3.0625" y="-0.625" z="0.5"/>
        </Position>
        <Normal>3</Normal>
        <TextureCoord>
          <Vector2 x="0.239583343267" y="0.578125"/>
        </TextureCoord>
      </VertexPositionNormalTextureInstance>
      <VertexPositionNormalTextureInstance>
        <Position>
          <Vector3 x="3.0625" y="-0.625" z="-0.5"/>
        </Position>
        <Normal>3</Normal>
        <TextureCoord>
          <Vector2 x="0.260416686535" y="0.578125"/>
        </TextureCoord>
      </VertexPositionNormalTextureInstance>
      <VertexPositionNormalTextureInstance>
        <Position>
          <Vector3 x="-0.5625" y="-4.0" z="0.5"/>
        </Position>
        <Normal>5</Normal>
        <TextureCoord>
          <Vector2 x="0.0716145858169" y="1.0"/>
        </TextureCoord>
      </VertexPositionNormalTextureInstance>
      <VertexPositionNormalTextureInstance>
        <Position>
          <Vector3 x="-0.5625" y="-0.625" z="0.5"/>
        </Position>
        <Normal>5</Normal>
        <TextureCoord>
          <Vector2 x="0.0716145858169" y="0.578125"/>
        </TextureCoord>
      </VertexPositionNormalTextureInstance>
      <VertexPositionNormalTextureInstance>
        <Position>
          <Vector3 x="3.0625" y="-0.625" z="0.5"/>
        </Position>
        <Normal>5</Normal>
        <TextureCoord>
          <Vector2 x="0.147135421634" y="0.578125"/>
        </TextureCoord>
      </VertexPositionNormalTextureInstance>
      <VertexPositionNormalTextureInstance>
        <Position>
          <Vector3 x="3.0625" y="-4.0" z="0.5"/>
        </Position>
        <Normal>5</Normal>
        <TextureCoord>
          <Vector2 x="0.147135421634" y="1.0"/>
        </TextureCoord>
      </VertexPositionNormalTextureInstance>
      <VertexPositionNormalTextureInstance>
        <Position>
          <Vector3 x="-0.5625" y="-4.0" z="-0.5"/>
        </Position>
        <Normal>2</Normal>
        <TextureCoord>
          <Vector2 x="0.428385436535" y="1.0"/>
        </TextureCoord>
      </VertexPositionNormalTextureInstance>
      <VertexPositionNormalTextureInstance>
        <Position>
          <Vector3 x="-0.5625" y="-0.625" z="-0.5"/>
        </Position>
        <Normal>2</Normal>
        <TextureCoord>
          <Vector2 x="0.428385436535" y="0.578125"/>
        </TextureCoord>
      </VertexPositionNormalTextureInstance>
      <VertexPositionNormalTextureInstance>
        <Position>
          <Vector3 x="3.0625" y="-0.625" z="-0.5"/>
        </Position>
        <Normal>2</Normal>
        <TextureCoord>
          <Vector2 x="0.352864593267" y="0.578125"/>
        </TextureCoord>
      </VertexPositionNormalTextureInstance>
      <VertexPositionNormalTextureInstance>
        <Position>
          <Vector3 x="3.0625" y="-4.0" z="-0.5"/>
        </Position>
        <Normal>2</Normal>
        <TextureCoord>
          <Vector2 x="0.352864593267" y="1.0"/>
        </TextureCoord>
      </VertexPositionNormalTextureInstance>
    </Vertices>
    <Indices>
      <Index>0</Index>
      <Index>2</Index>
      <Index>1</Index>
      <Index>0</Index>
      <Index>3</Index>
      <Index>2</Index>
      <Index>4</Index>
      <Index>6</Index>
      <Index>5</Index>
      <Index>4</Index>
      <Index>7</Index>
      <Index>6</Index>
      <Index>8</Index>
      <Index>9</Index>
      <Index>10</Index>
      <Index>8</Index>
      <Index>10</Index>
      <Index>11</Index>
      <Index>12</Index>
      <Index>13</Index>
      <Index>14</Index>
      <Index>12</Index>
      <Index>14</Index>
      <Index>15</Index>
      <Index>16</Index>
      <Index>17</Index>
      <Index>18</Index>
      <Index>16</Index>
      <Index>18</Index>
      <Index>19</Index>
      <Index>20</Index>
      <Index>22</Index>
      <Index>21</Index>
      <Index>20</Index>
      <Index>23</Index>
      <Index>22</Index>
    </Indices>
  </ShaderInstancedIndexedPrimitives>
</ArtObject>
