<?xml version='1.0' encoding='UTF-8'?>
<ArtObject name="CMY_HEAD_BAO" noSilhouette="False" actorType="None">
  <Size>
    <Vector3 x="4.0" y="4.0" z="4.0"/>
  </Size>
  <ShaderInstancedIndexedPrimitives type="TriangleList">
    <Vertices>
      <VertexPositionNormalTextureInstance>
        <Position>
          <Vector3 x="-1.0" y="-2.0" z="-1.0"/>
        </Position>
        <Normal>1</Normal>
        <TextureCoord>
          <Vector2 x="0.875" y="0.75"/>
        </TextureCoord>
      </VertexPositionNormalTextureInstance>
      <VertexPositionNormalTextureInstance>
        <Position>
          <Vector3 x="1.0" y="-2.0" z="-1.0"/>
        </Position>
        <Normal>1</Normal>
        <TextureCoord>
          <Vector2 x="0.95833337307" y="0.75"/>
        </TextureCoord>
      </VertexPositionNormalTextureInstance>
      <VertexPositionNormalTextureInstance>
        <Position>
          <Vector3 x="1.0" y="-2.0" z="1.0"/>
        </Position>
        <Normal>1</Normal>
        <TextureCoord>
          <Vector2 x="0.95833337307" y="0.25"/>
        </TextureCoord>
      </VertexPositionNormalTextureInstance>
      <VertexPositionNormalTextureInstance>
        <Position>
          <Vector3 x="-1.0" y="-2.0" z="1.0"/>
        </Position>
        <Normal>1</Normal>
        <TextureCoord>
          <Vector2 x="0.875" y="0.25"/>
        </TextureCoord>
      </VertexPositionNormalTextureInstance>
      <VertexPositionNormalTextureInstance>
        <Position>
          <Vector3 x="-1.0" y="2.0" z="-1.0"/>
        </Position>
        <Normal>4</Normal>
        <TextureCoord>
          <Vector2 x="0.70833337307" y="0.25"/>
        </TextureCoord>
      </VertexPositionNormalTextureInstance>
      <VertexPositionNormalTextureInstance>
        <Position>
          <Vector3 x="1.0" y="2.0" z="-1.0"/>
        </Position>
        <Normal>4</Normal>
        <TextureCoord>
          <Vector2 x="0.791666686535" y="0.25"/>
        </TextureCoord>
      </VertexPositionNormalTextureInstance>
      <VertexPositionNormalTextureInstance>
        <Position>
          <Vector3 x="1.0" y="2.0" z="1.0"/>
        </Position>
        <Normal>4</Normal>
        <TextureCoord>
          <Vector2 x="0.791666686535" y="0.75"/>
        </TextureCoord>
      </VertexPositionNormalTextureInstance>
      <VertexPositionNormalTextureInstance>
        <Position>
          <Vector3 x="-1.0" y="2.0" z="1.0"/>
        </Position>
        <Normal>4</Normal>
        <TextureCoord>
          <Vector2 x="0.70833337307" y="0.75"/>
        </TextureCoord>
      </VertexPositionNormalTextureInstance>
      <VertexPositionNormalTextureInstance>
        <Position>
          <Vector3 x="-1.0" y="-2.0" z="-1.0"/>
        </Position>
        <Normal>0</Normal>
        <TextureCoord>
          <Vector2 x="0.541666686535" y="1.0"/>
        </TextureCoord>
      </VertexPositionNormalTextureInstance>
      <VertexPositionNormalTextureInstance>
        <Position>
          <Vector3 x="-1.0" y="-2.0" z="1.0"/>
        </Position>
        <Normal>0</Normal>
        <TextureCoord>
          <Vector2 x="0.625" y="1.0"/>
        </TextureCoord>
      </VertexPositionNormalTextureInstance>
      <VertexPositionNormalTextureInstance>
        <Position>
          <Vector3 x="-1.0" y="2.0" z="1.0"/>
        </Position>
        <Normal>0</Normal>
        <TextureCoord>
          <Vector2 x="0.625" y="0.0"/>
        </TextureCoord>
      </VertexPositionNormalTextureInstance>
      <VertexPositionNormalTextureInstance>
        <Position>
          <Vector3 x="-1.0" y="2.0" z="-1.0"/>
        </Position>
        <Normal>0</Normal>
        <TextureCoord>
          <Vector2 x="0.541666686535" y="0.0"/>
        </TextureCoord>
      </VertexPositionNormalTextureInstance>
      <VertexPositionNormalTextureInstance>
        <Position>
          <Vector3 x="1.0" y="-2.0" z="-1.0"/>
        </Position>
        <Normal>3</Normal>
        <TextureCoord>
          <Vector2 x="0.291666686535" y="1.0"/>
        </TextureCoord>
      </VertexPositionNormalTextureInstance>
      <VertexPositionNormalTextureInstance>
        <Position>
          <Vector3 x="1.0" y="-2.0" z="1.0"/>
        </Position>
        <Normal>3</Normal>
        <TextureCoord>
          <Vector2 x="0.208333343267" y="1.0"/>
        </TextureCoord>
      </VertexPositionNormalTextureInstance>
      <VertexPositionNormalTextureInstance>
        <Position>
          <Vector3 x="1.0" y="2.0" z="1.0"/>
        </Position>
        <Normal>3</Normal>
        <TextureCoord>
          <Vector2 x="0.208333343267" y="0.0"/>
        </TextureCoord>
      </VertexPositionNormalTextureInstance>
      <VertexPositionNormalTextureInstance>
        <Position>
          <Vector3 x="1.0" y="2.0" z="-1.0"/>
        </Position>
        <Normal>3</Normal>
        <TextureCoord>
          <Vector2 x="0.291666686535" y="0.0"/>
        </TextureCoord>
      </VertexPositionNormalTextureInstance>
      <VertexPositionNormalTextureInstance>
        <Position>
          <Vector3 x="-1.0" y="-2.0" z="1.0"/>
        </Position>
        <Normal>5</Normal>
        <TextureCoord>
          <Vector2 x="0.0416666679084" y="1.0"/>
        </TextureCoord>
      </VertexPositionNormalTextureInstance>
      <VertexPositionNormalTextureInstance>
        <Position>
          <Vector3 x="-1.0" y="2.0" z="1.0"/>
        </Position>
        <Normal>5</Normal>
        <TextureCoord>
          <Vector2 x="0.0416666679084" y="0.0"/>
        </TextureCoord>
      </VertexPositionNormalTextureInstance>
      <VertexPositionNormalTextureInstance>
        <Position>
          <Vector3 x="1.0" y="2.0" z="1.0"/>
        </Position>
        <Normal>5</Normal>
        <TextureCoord>
          <Vector2 x="0.125" y="0.0"/>
        </TextureCoord>
      </VertexPositionNormalTextureInstance>
      <VertexPositionNormalTextureInstance>
        <Position>
          <Vector3 x="1.0" y="-2.0" z="1.0"/>
        </Position>
        <Normal>5</Normal>
        <TextureCoord>
          <Vector2 x="0.125" y="1.0"/>
        </TextureCoord>
      </VertexPositionNormalTextureInstance>
      <VertexPositionNormalTextureInstance>
        <Position>
          <Vector3 x="-1.0" y="-2.0" z="-1.0"/>
        </Position>
        <Normal>2</Normal>
        <TextureCoord>
          <Vector2 x="0.458333343267" y="1.0"/>
        </TextureCoord>
      </VertexPositionNormalTextureInstance>
      <VertexPositionNormalTextureInstance>
        <Position>
          <Vector3 x="-1.0" y="2.0" z="-1.0"/>
        </Position>
        <Normal>2</Normal>
        <TextureCoord>
          <Vector2 x="0.458333343267" y="0.0"/>
        </TextureCoord>
      </VertexPositionNormalTextureInstance>
      <VertexPositionNormalTextureInstance>
        <Position>
          <Vector3 x="1.0" y="2.0" z="-1.0"/>
        </Position>
        <Normal>2</Normal>
        <TextureCoord>
          <Vector2 x="0.375" y="0.0"/>
        </TextureCoord>
      </VertexPositionNormalTextureInstance>
      <VertexPositionNormalTextureInstance>
        <Position>
          <Vector3 x="1.0" y="-2.0" z="-1.0"/>
        </Position>
        <Normal>2</Normal>
        <TextureCoord>
          <Vector2 x="0.375" y="1.0"/>
        </TextureCoord>
      </VertexPositionNormalTextureInstance>
    </Vertices>
    <Indices>
      <Index>0</Index>
      <Index>2</Index>
      <Index>1</Index>
      <Index>0</Index>
      <Index>3</Index>
      <Index>2</Index>
      <Index>4</Index>
      <Index>5</Index>
      <Index>6</Index>
      <Index>4</Index>
      <Index>6</Index>
      <Index>7</Index>
      <Index>8</Index>
      <Index>10</Index>
      <Index>9</Index>
      <Index>8</Index>
      <Index>11</Index>
      <Index>10</Index>
      <Index>12</Index>
      <Index>13</Index>
      <Index>14</Index>
      <Index>12</Index>
      <Index>14</Index>
      <Index>15</Index>
      <Index>16</Index>
      <Index>17</Index>
      <Index>18</Index>
      <Index>16</Index>
      <Index>18</Index>
      <Index>19</Index>
      <Index>20</Index>
      <Index>22</Index>
      <Index>21</Index>
      <Index>20</Index>
      <Index>23</Index>
      <Index>22</Index>
    </Indices>
  </ShaderInstancedIndexedPrimitives>
</ArtObject>
