<?xml version='1.0' encoding='UTF-8'?>
<ArtObject name="GLOBE_PILLARAO" noSilhouette="False" actorType="None">
  <Size>
    <Vector3 x="8.0" y="8.0" z="8.0"/>
  </Size>
  <ShaderInstancedIndexedPrimitives type="TriangleList">
    <Vertices>
      <VertexPositionNormalTextureInstance>
        <Position>
          <Vector3 x="-0.625" y="-4.0" z="-0.625"/>
        </Position>
        <Normal>1</Normal>
        <TextureCoord>
          <Vector2 x="0.90364587307" y="0.578125"/>
        </TextureCoord>
      </VertexPositionNormalTextureInstance>
      <VertexPositionNormalTextureInstance>
        <Position>
          <Vector3 x="0.625" y="-4.0" z="-0.625"/>
        </Position>
        <Normal>1</Normal>
        <TextureCoord>
          <Vector2 x="0.9296875" y="0.578125"/>
        </TextureCoord>
      </VertexPositionNormalTextureInstance>
      <VertexPositionNormalTextureInstance>
        <Position>
          <Vector3 x="0.625" y="-4.0" z="0.625"/>
        </Position>
        <Normal>1</Normal>
        <TextureCoord>
          <Vector2 x="0.9296875" y="0.421875"/>
        </TextureCoord>
      </VertexPositionNormalTextureInstance>
      <VertexPositionNormalTextureInstance>
        <Position>
          <Vector3 x="-0.625" y="-4.0" z="0.625"/>
        </Position>
        <Normal>1</Normal>
        <TextureCoord>
          <Vector2 x="0.90364587307" y="0.421875"/>
        </TextureCoord>
      </VertexPositionNormalTextureInstance>
      <VertexPositionNormalTextureInstance>
        <Position>
          <Vector3 x="-0.625" y="1.5" z="-0.625"/>
        </Position>
        <Normal>4</Normal>
        <TextureCoord>
          <Vector2 x="0.736979186535" y="0.421875"/>
        </TextureCoord>
      </VertexPositionNormalTextureInstance>
      <VertexPositionNormalTextureInstance>
        <Position>
          <Vector3 x="0.625" y="1.5" z="-0.625"/>
        </Position>
        <Normal>4</Normal>
        <TextureCoord>
          <Vector2 x="0.76302087307" y="0.421875"/>
        </TextureCoord>
      </VertexPositionNormalTextureInstance>
      <VertexPositionNormalTextureInstance>
        <Position>
          <Vector3 x="0.625" y="1.5" z="0.625"/>
        </Position>
        <Normal>4</Normal>
        <TextureCoord>
          <Vector2 x="0.76302087307" y="0.578125"/>
        </TextureCoord>
      </VertexPositionNormalTextureInstance>
      <VertexPositionNormalTextureInstance>
        <Position>
          <Vector3 x="-0.625" y="1.5" z="0.625"/>
        </Position>
        <Normal>4</Normal>
        <TextureCoord>
          <Vector2 x="0.736979186535" y="0.578125"/>
        </TextureCoord>
      </VertexPositionNormalTextureInstance>
      <VertexPositionNormalTextureInstance>
        <Position>
          <Vector3 x="-0.625" y="-4.0" z="-0.625"/>
        </Position>
        <Normal>2</Normal>
        <TextureCoord>
          <Vector2 x="0.4296875" y="1.0"/>
        </TextureCoord>
      </VertexPositionNormalTextureInstance>
      <VertexPositionNormalTextureInstance>
        <Position>
          <Vector3 x="-0.625" y="-3.8125" z="-0.625"/>
        </Position>
        <Normal>2</Normal>
        <TextureCoord>
          <Vector2 x="0.4296875" y="0.9765625"/>
        </TextureCoord>
      </VertexPositionNormalTextureInstance>
      <VertexPositionNormalTextureInstance>
        <Position>
          <Vector3 x="0.625" y="-3.8125" z="-0.625"/>
        </Position>
        <Normal>2</Normal>
        <TextureCoord>
          <Vector2 x="0.403645843267" y="0.9765625"/>
        </TextureCoord>
      </VertexPositionNormalTextureInstance>
      <VertexPositionNormalTextureInstance>
        <Position>
          <Vector3 x="0.625" y="-4.0" z="-0.625"/>
        </Position>
        <Normal>2</Normal>
        <TextureCoord>
          <Vector2 x="0.403645843267" y="1.0"/>
        </TextureCoord>
      </VertexPositionNormalTextureInstance>
      <VertexPositionNormalTextureInstance>
        <Position>
          <Vector3 x="-0.625" y="1.3125" z="-0.625"/>
        </Position>
        <Normal>2</Normal>
        <TextureCoord>
          <Vector2 x="0.4296875" y="0.3359375"/>
        </TextureCoord>
      </VertexPositionNormalTextureInstance>
      <VertexPositionNormalTextureInstance>
        <Position>
          <Vector3 x="-0.625" y="1.5" z="-0.625"/>
        </Position>
        <Normal>2</Normal>
        <TextureCoord>
          <Vector2 x="0.4296875" y="0.3125"/>
        </TextureCoord>
      </VertexPositionNormalTextureInstance>
      <VertexPositionNormalTextureInstance>
        <Position>
          <Vector3 x="0.625" y="1.5" z="-0.625"/>
        </Position>
        <Normal>2</Normal>
        <TextureCoord>
          <Vector2 x="0.403645843267" y="0.3125"/>
        </TextureCoord>
      </VertexPositionNormalTextureInstance>
      <VertexPositionNormalTextureInstance>
        <Position>
          <Vector3 x="0.625" y="1.3125" z="-0.625"/>
        </Position>
        <Normal>2</Normal>
        <TextureCoord>
          <Vector2 x="0.403645843267" y="0.3359375"/>
        </TextureCoord>
      </VertexPositionNormalTextureInstance>
      <VertexPositionNormalTextureInstance>
        <Position>
          <Vector3 x="-0.625" y="-4.0" z="0.625"/>
        </Position>
        <Normal>5</Normal>
        <TextureCoord>
          <Vector2 x="0.0703125" y="1.0"/>
        </TextureCoord>
      </VertexPositionNormalTextureInstance>
      <VertexPositionNormalTextureInstance>
        <Position>
          <Vector3 x="-0.625" y="-3.8125" z="0.625"/>
        </Position>
        <Normal>5</Normal>
        <TextureCoord>
          <Vector2 x="0.0703125" y="0.9765625"/>
        </TextureCoord>
      </VertexPositionNormalTextureInstance>
      <VertexPositionNormalTextureInstance>
        <Position>
          <Vector3 x="0.625" y="-3.8125" z="0.625"/>
        </Position>
        <Normal>5</Normal>
        <TextureCoord>
          <Vector2 x="0.0963541716337" y="0.9765625"/>
        </TextureCoord>
      </VertexPositionNormalTextureInstance>
      <VertexPositionNormalTextureInstance>
        <Position>
          <Vector3 x="0.625" y="-4.0" z="0.625"/>
        </Position>
        <Normal>5</Normal>
        <TextureCoord>
          <Vector2 x="0.0963541716337" y="1.0"/>
        </TextureCoord>
      </VertexPositionNormalTextureInstance>
      <VertexPositionNormalTextureInstance>
        <Position>
          <Vector3 x="-0.625" y="1.3125" z="0.625"/>
        </Position>
        <Normal>5</Normal>
        <TextureCoord>
          <Vector2 x="0.0703125" y="0.3359375"/>
        </TextureCoord>
      </VertexPositionNormalTextureInstance>
      <VertexPositionNormalTextureInstance>
        <Position>
          <Vector3 x="-0.625" y="1.5" z="0.625"/>
        </Position>
        <Normal>5</Normal>
        <TextureCoord>
          <Vector2 x="0.0703125" y="0.3125"/>
        </TextureCoord>
      </VertexPositionNormalTextureInstance>
      <VertexPositionNormalTextureInstance>
        <Position>
          <Vector3 x="0.625" y="1.5" z="0.625"/>
        </Position>
        <Normal>5</Normal>
        <TextureCoord>
          <Vector2 x="0.0963541716337" y="0.3125"/>
        </TextureCoord>
      </VertexPositionNormalTextureInstance>
      <VertexPositionNormalTextureInstance>
        <Position>
          <Vector3 x="0.625" y="1.3125" z="0.625"/>
        </Position>
        <Normal>5</Normal>
        <TextureCoord>
          <Vector2 x="0.0963541716337" y="0.3359375"/>
        </TextureCoord>
      </VertexPositionNormalTextureInstance>
      <VertexPositionNormalTextureInstance>
        <Position>
          <Vector3 x="0.625" y="-4.0" z="-0.625"/>
        </Position>
        <Normal>3</Normal>
        <TextureCoord>
          <Vector2 x="0.263020843267" y="1.0"/>
        </TextureCoord>
      </VertexPositionNormalTextureInstance>
      <VertexPositionNormalTextureInstance>
        <Position>
          <Vector3 x="0.625" y="-4.0" z="0.625"/>
        </Position>
        <Normal>3</Normal>
        <TextureCoord>
          <Vector2 x="0.236979171634" y="1.0"/>
        </TextureCoord>
      </VertexPositionNormalTextureInstance>
      <VertexPositionNormalTextureInstance>
        <Position>
          <Vector3 x="0.625" y="-3.8125" z="0.625"/>
        </Position>
        <Normal>3</Normal>
        <TextureCoord>
          <Vector2 x="0.236979171634" y="0.9765625"/>
        </TextureCoord>
      </VertexPositionNormalTextureInstance>
      <VertexPositionNormalTextureInstance>
        <Position>
          <Vector3 x="0.625" y="-3.8125" z="-0.625"/>
        </Position>
        <Normal>3</Normal>
        <TextureCoord>
          <Vector2 x="0.263020843267" y="0.9765625"/>
        </TextureCoord>
      </VertexPositionNormalTextureInstance>
      <VertexPositionNormalTextureInstance>
        <Position>
          <Vector3 x="0.625" y="1.3125" z="-0.625"/>
        </Position>
        <Normal>3</Normal>
        <TextureCoord>
          <Vector2 x="0.263020843267" y="0.3359375"/>
        </TextureCoord>
      </VertexPositionNormalTextureInstance>
      <VertexPositionNormalTextureInstance>
        <Position>
          <Vector3 x="0.625" y="1.3125" z="0.625"/>
        </Position>
        <Normal>3</Normal>
        <TextureCoord>
          <Vector2 x="0.236979171634" y="0.3359375"/>
        </TextureCoord>
      </VertexPositionNormalTextureInstance>
      <VertexPositionNormalTextureInstance>
        <Position>
          <Vector3 x="0.625" y="1.5" z="0.625"/>
        </Position>
        <Normal>3</Normal>
        <TextureCoord>
          <Vector2 x="0.236979171634" y="0.3125"/>
        </TextureCoord>
      </VertexPositionNormalTextureInstance>
      <VertexPositionNormalTextureInstance>
        <Position>
          <Vector3 x="0.625" y="1.5" z="-0.625"/>
        </Position>
        <Normal>3</Normal>
        <TextureCoord>
          <Vector2 x="0.263020843267" y="0.3125"/>
        </TextureCoord>
      </VertexPositionNormalTextureInstance>
      <VertexPositionNormalTextureInstance>
        <Position>
          <Vector3 x="-0.625" y="-4.0" z="-0.625"/>
        </Position>
        <Normal>0</Normal>
        <TextureCoord>
          <Vector2 x="0.5703125" y="1.0"/>
        </TextureCoord>
      </VertexPositionNormalTextureInstance>
      <VertexPositionNormalTextureInstance>
        <Position>
          <Vector3 x="-0.625" y="-4.0" z="0.625"/>
        </Position>
        <Normal>0</Normal>
        <TextureCoord>
          <Vector2 x="0.596354186535" y="1.0"/>
        </TextureCoord>
      </VertexPositionNormalTextureInstance>
      <VertexPositionNormalTextureInstance>
        <Position>
          <Vector3 x="-0.625" y="-3.8125" z="0.625"/>
        </Position>
        <Normal>0</Normal>
        <TextureCoord>
          <Vector2 x="0.596354186535" y="0.9765625"/>
        </TextureCoord>
      </VertexPositionNormalTextureInstance>
      <VertexPositionNormalTextureInstance>
        <Position>
          <Vector3 x="-0.625" y="-3.8125" z="-0.625"/>
        </Position>
        <Normal>0</Normal>
        <TextureCoord>
          <Vector2 x="0.5703125" y="0.9765625"/>
        </TextureCoord>
      </VertexPositionNormalTextureInstance>
      <VertexPositionNormalTextureInstance>
        <Position>
          <Vector3 x="-0.625" y="1.3125" z="-0.625"/>
        </Position>
        <Normal>0</Normal>
        <TextureCoord>
          <Vector2 x="0.5703125" y="0.3359375"/>
        </TextureCoord>
      </VertexPositionNormalTextureInstance>
      <VertexPositionNormalTextureInstance>
        <Position>
          <Vector3 x="-0.625" y="1.3125" z="0.625"/>
        </Position>
        <Normal>0</Normal>
        <TextureCoord>
          <Vector2 x="0.596354186535" y="0.3359375"/>
        </TextureCoord>
      </VertexPositionNormalTextureInstance>
      <VertexPositionNormalTextureInstance>
        <Position>
          <Vector3 x="-0.625" y="1.5" z="0.625"/>
        </Position>
        <Normal>0</Normal>
        <TextureCoord>
          <Vector2 x="0.596354186535" y="0.3125"/>
        </TextureCoord>
      </VertexPositionNormalTextureInstance>
      <VertexPositionNormalTextureInstance>
        <Position>
          <Vector3 x="-0.625" y="1.5" z="-0.625"/>
        </Position>
        <Normal>0</Normal>
        <TextureCoord>
          <Vector2 x="0.5703125" y="0.3125"/>
        </TextureCoord>
      </VertexPositionNormalTextureInstance>
      <VertexPositionNormalTextureInstance>
        <Position>
          <Vector3 x="-0.4375" y="1.1875" z="-0.4375"/>
        </Position>
        <Normal>1</Normal>
        <TextureCoord>
          <Vector2 x="0.90755212307" y="0.5546875"/>
        </TextureCoord>
      </VertexPositionNormalTextureInstance>
      <VertexPositionNormalTextureInstance>
        <Position>
          <Vector3 x="-0.25" y="1.1875" z="-0.4375"/>
        </Position>
        <Normal>1</Normal>
        <TextureCoord>
          <Vector2 x="0.91145837307" y="0.5546875"/>
        </TextureCoord>
      </VertexPositionNormalTextureInstance>
      <VertexPositionNormalTextureInstance>
        <Position>
          <Vector3 x="-0.25" y="1.1875" z="0.4375"/>
        </Position>
        <Normal>1</Normal>
        <TextureCoord>
          <Vector2 x="0.91145837307" y="0.4453125"/>
        </TextureCoord>
      </VertexPositionNormalTextureInstance>
      <VertexPositionNormalTextureInstance>
        <Position>
          <Vector3 x="-0.4375" y="1.1875" z="0.4375"/>
        </Position>
        <Normal>1</Normal>
        <TextureCoord>
          <Vector2 x="0.90755212307" y="0.4453125"/>
        </TextureCoord>
      </VertexPositionNormalTextureInstance>
      <VertexPositionNormalTextureInstance>
        <Position>
          <Vector3 x="0.25" y="1.1875" z="-0.4375"/>
        </Position>
        <Normal>1</Normal>
        <TextureCoord>
          <Vector2 x="0.921875" y="0.5546875"/>
        </TextureCoord>
      </VertexPositionNormalTextureInstance>
      <VertexPositionNormalTextureInstance>
        <Position>
          <Vector3 x="0.4375" y="1.1875" z="-0.4375"/>
        </Position>
        <Normal>1</Normal>
        <TextureCoord>
          <Vector2 x="0.92578125" y="0.5546875"/>
        </TextureCoord>
      </VertexPositionNormalTextureInstance>
      <VertexPositionNormalTextureInstance>
        <Position>
          <Vector3 x="0.4375" y="1.1875" z="0.4375"/>
        </Position>
        <Normal>1</Normal>
        <TextureCoord>
          <Vector2 x="0.92578125" y="0.4453125"/>
        </TextureCoord>
      </VertexPositionNormalTextureInstance>
      <VertexPositionNormalTextureInstance>
        <Position>
          <Vector3 x="0.25" y="1.1875" z="0.4375"/>
        </Position>
        <Normal>1</Normal>
        <TextureCoord>
          <Vector2 x="0.921875" y="0.4453125"/>
        </TextureCoord>
      </VertexPositionNormalTextureInstance>
      <VertexPositionNormalTextureInstance>
        <Position>
          <Vector3 x="0.25" y="1.1875" z="-0.25"/>
        </Position>
        <Normal>1</Normal>
        <TextureCoord>
          <Vector2 x="0.921875" y="0.53125"/>
        </TextureCoord>
      </VertexPositionNormalTextureInstance>
      <VertexPositionNormalTextureInstance>
        <Position>
          <Vector3 x="-0.25" y="1.1875" z="-0.25"/>
        </Position>
        <Normal>1</Normal>
        <TextureCoord>
          <Vector2 x="0.91145837307" y="0.53125"/>
        </TextureCoord>
      </VertexPositionNormalTextureInstance>
      <VertexPositionNormalTextureInstance>
        <Position>
          <Vector3 x="-0.25" y="1.1875" z="0.25"/>
        </Position>
        <Normal>1</Normal>
        <TextureCoord>
          <Vector2 x="0.91145837307" y="0.46875"/>
        </TextureCoord>
      </VertexPositionNormalTextureInstance>
      <VertexPositionNormalTextureInstance>
        <Position>
          <Vector3 x="0.25" y="1.1875" z="0.25"/>
        </Position>
        <Normal>1</Normal>
        <TextureCoord>
          <Vector2 x="0.921875" y="0.46875"/>
        </TextureCoord>
      </VertexPositionNormalTextureInstance>
      <VertexPositionNormalTextureInstance>
        <Position>
          <Vector3 x="0.3125" y="-3.625" z="-0.3125"/>
        </Position>
        <Normal>3</Normal>
        <TextureCoord>
          <Vector2 x="0.256510436535" y="0.953125"/>
        </TextureCoord>
      </VertexPositionNormalTextureInstance>
      <VertexPositionNormalTextureInstance>
        <Position>
          <Vector3 x="0.3125" y="-3.625" z="0.3125"/>
        </Position>
        <Normal>3</Normal>
        <TextureCoord>
          <Vector2 x="0.243489593267" y="0.953125"/>
        </TextureCoord>
      </VertexPositionNormalTextureInstance>
      <VertexPositionNormalTextureInstance>
        <Position>
          <Vector3 x="0.3125" y="1.125" z="0.3125"/>
        </Position>
        <Normal>3</Normal>
        <TextureCoord>
          <Vector2 x="0.243489593267" y="0.359375"/>
        </TextureCoord>
      </VertexPositionNormalTextureInstance>
      <VertexPositionNormalTextureInstance>
        <Position>
          <Vector3 x="0.3125" y="1.125" z="-0.3125"/>
        </Position>
        <Normal>3</Normal>
        <TextureCoord>
          <Vector2 x="0.256510436535" y="0.359375"/>
        </TextureCoord>
      </VertexPositionNormalTextureInstance>
      <VertexPositionNormalTextureInstance>
        <Position>
          <Vector3 x="-0.4375" y="-3.6875" z="-0.4375"/>
        </Position>
        <Normal>4</Normal>
        <TextureCoord>
          <Vector2 x="0.740885436535" y="0.4453125"/>
        </TextureCoord>
      </VertexPositionNormalTextureInstance>
      <VertexPositionNormalTextureInstance>
        <Position>
          <Vector3 x="-0.25" y="-3.6875" z="-0.4375"/>
        </Position>
        <Normal>4</Normal>
        <TextureCoord>
          <Vector2 x="0.744791686535" y="0.4453125"/>
        </TextureCoord>
      </VertexPositionNormalTextureInstance>
      <VertexPositionNormalTextureInstance>
        <Position>
          <Vector3 x="-0.25" y="-3.6875" z="0.4375"/>
        </Position>
        <Normal>4</Normal>
        <TextureCoord>
          <Vector2 x="0.744791686535" y="0.5546875"/>
        </TextureCoord>
      </VertexPositionNormalTextureInstance>
      <VertexPositionNormalTextureInstance>
        <Position>
          <Vector3 x="-0.4375" y="-3.6875" z="0.4375"/>
        </Position>
        <Normal>4</Normal>
        <TextureCoord>
          <Vector2 x="0.740885436535" y="0.5546875"/>
        </TextureCoord>
      </VertexPositionNormalTextureInstance>
      <VertexPositionNormalTextureInstance>
        <Position>
          <Vector3 x="0.25" y="-3.6875" z="-0.4375"/>
        </Position>
        <Normal>4</Normal>
        <TextureCoord>
          <Vector2 x="0.75520837307" y="0.4453125"/>
        </TextureCoord>
      </VertexPositionNormalTextureInstance>
      <VertexPositionNormalTextureInstance>
        <Position>
          <Vector3 x="0.4375" y="-3.6875" z="-0.4375"/>
        </Position>
        <Normal>4</Normal>
        <TextureCoord>
          <Vector2 x="0.75911462307" y="0.4453125"/>
        </TextureCoord>
      </VertexPositionNormalTextureInstance>
      <VertexPositionNormalTextureInstance>
        <Position>
          <Vector3 x="0.4375" y="-3.6875" z="0.4375"/>
        </Position>
        <Normal>4</Normal>
        <TextureCoord>
          <Vector2 x="0.75911462307" y="0.5546875"/>
        </TextureCoord>
      </VertexPositionNormalTextureInstance>
      <VertexPositionNormalTextureInstance>
        <Position>
          <Vector3 x="0.25" y="-3.6875" z="0.4375"/>
        </Position>
        <Normal>4</Normal>
        <TextureCoord>
          <Vector2 x="0.75520837307" y="0.5546875"/>
        </TextureCoord>
      </VertexPositionNormalTextureInstance>
      <VertexPositionNormalTextureInstance>
        <Position>
          <Vector3 x="0.25" y="-3.6875" z="-0.25"/>
        </Position>
        <Normal>4</Normal>
        <TextureCoord>
          <Vector2 x="0.75520837307" y="0.46875"/>
        </TextureCoord>
      </VertexPositionNormalTextureInstance>
      <VertexPositionNormalTextureInstance>
        <Position>
          <Vector3 x="-0.25" y="-3.6875" z="-0.25"/>
        </Position>
        <Normal>4</Normal>
        <TextureCoord>
          <Vector2 x="0.744791686535" y="0.46875"/>
        </TextureCoord>
      </VertexPositionNormalTextureInstance>
      <VertexPositionNormalTextureInstance>
        <Position>
          <Vector3 x="-0.25" y="-3.6875" z="0.25"/>
        </Position>
        <Normal>4</Normal>
        <TextureCoord>
          <Vector2 x="0.744791686535" y="0.53125"/>
        </TextureCoord>
      </VertexPositionNormalTextureInstance>
      <VertexPositionNormalTextureInstance>
        <Position>
          <Vector3 x="0.25" y="-3.6875" z="0.25"/>
        </Position>
        <Normal>4</Normal>
        <TextureCoord>
          <Vector2 x="0.75520837307" y="0.53125"/>
        </TextureCoord>
      </VertexPositionNormalTextureInstance>
      <VertexPositionNormalTextureInstance>
        <Position>
          <Vector3 x="-0.3125" y="-3.625" z="-0.3125"/>
        </Position>
        <Normal>0</Normal>
        <TextureCoord>
          <Vector2 x="0.576822936535" y="0.953125"/>
        </TextureCoord>
      </VertexPositionNormalTextureInstance>
      <VertexPositionNormalTextureInstance>
        <Position>
          <Vector3 x="-0.3125" y="-3.625" z="0.3125"/>
        </Position>
        <Normal>0</Normal>
        <TextureCoord>
          <Vector2 x="0.58984375" y="0.953125"/>
        </TextureCoord>
      </VertexPositionNormalTextureInstance>
      <VertexPositionNormalTextureInstance>
        <Position>
          <Vector3 x="-0.3125" y="1.125" z="0.3125"/>
        </Position>
        <Normal>0</Normal>
        <TextureCoord>
          <Vector2 x="0.58984375" y="0.359375"/>
        </TextureCoord>
      </VertexPositionNormalTextureInstance>
      <VertexPositionNormalTextureInstance>
        <Position>
          <Vector3 x="-0.3125" y="1.125" z="-0.3125"/>
        </Position>
        <Normal>0</Normal>
        <TextureCoord>
          <Vector2 x="0.576822936535" y="0.359375"/>
        </TextureCoord>
      </VertexPositionNormalTextureInstance>
      <VertexPositionNormalTextureInstance>
        <Position>
          <Vector3 x="-0.3125" y="-3.625" z="0.3125"/>
        </Position>
        <Normal>5</Normal>
        <TextureCoord>
          <Vector2 x="0.0768229216337" y="0.953125"/>
        </TextureCoord>
      </VertexPositionNormalTextureInstance>
      <VertexPositionNormalTextureInstance>
        <Position>
          <Vector3 x="-0.3125" y="1.125" z="0.3125"/>
        </Position>
        <Normal>5</Normal>
        <TextureCoord>
          <Vector2 x="0.0768229216337" y="0.359375"/>
        </TextureCoord>
      </VertexPositionNormalTextureInstance>
      <VertexPositionNormalTextureInstance>
        <Position>
          <Vector3 x="0.3125" y="1.125" z="0.3125"/>
        </Position>
        <Normal>5</Normal>
        <TextureCoord>
          <Vector2 x="0.08984375" y="0.359375"/>
        </TextureCoord>
      </VertexPositionNormalTextureInstance>
      <VertexPositionNormalTextureInstance>
        <Position>
          <Vector3 x="0.3125" y="-3.625" z="0.3125"/>
        </Position>
        <Normal>5</Normal>
        <TextureCoord>
          <Vector2 x="0.08984375" y="0.953125"/>
        </TextureCoord>
      </VertexPositionNormalTextureInstance>
      <VertexPositionNormalTextureInstance>
        <Position>
          <Vector3 x="-0.3125" y="-3.625" z="-0.3125"/>
        </Position>
        <Normal>2</Normal>
        <TextureCoord>
          <Vector2 x="0.423177093267" y="0.953125"/>
        </TextureCoord>
      </VertexPositionNormalTextureInstance>
      <VertexPositionNormalTextureInstance>
        <Position>
          <Vector3 x="-0.3125" y="1.125" z="-0.3125"/>
        </Position>
        <Normal>2</Normal>
        <TextureCoord>
          <Vector2 x="0.423177093267" y="0.359375"/>
        </TextureCoord>
      </VertexPositionNormalTextureInstance>
      <VertexPositionNormalTextureInstance>
        <Position>
          <Vector3 x="0.3125" y="1.125" z="-0.3125"/>
        </Position>
        <Normal>2</Normal>
        <TextureCoord>
          <Vector2 x="0.41015625" y="0.359375"/>
        </TextureCoord>
      </VertexPositionNormalTextureInstance>
      <VertexPositionNormalTextureInstance>
        <Position>
          <Vector3 x="0.3125" y="-3.625" z="-0.3125"/>
        </Position>
        <Normal>2</Normal>
        <TextureCoord>
          <Vector2 x="0.41015625" y="0.953125"/>
        </TextureCoord>
      </VertexPositionNormalTextureInstance>
      <VertexPositionNormalTextureInstance>
        <Position>
          <Vector3 x="-0.625" y="1.3125" z="-0.625"/>
        </Position>
        <Normal>1</Normal>
        <TextureCoord>
          <Vector2 x="0.90364587307" y="0.578125"/>
        </TextureCoord>
      </VertexPositionNormalTextureInstance>
      <VertexPositionNormalTextureInstance>
        <Position>
          <Vector3 x="-0.5" y="1.3125" z="-0.625"/>
        </Position>
        <Normal>1</Normal>
        <TextureCoord>
          <Vector2 x="0.90625" y="0.578125"/>
        </TextureCoord>
      </VertexPositionNormalTextureInstance>
      <VertexPositionNormalTextureInstance>
        <Position>
          <Vector3 x="-0.5" y="1.3125" z="0.625"/>
        </Position>
        <Normal>1</Normal>
        <TextureCoord>
          <Vector2 x="0.90625" y="0.421875"/>
        </TextureCoord>
      </VertexPositionNormalTextureInstance>
      <VertexPositionNormalTextureInstance>
        <Position>
          <Vector3 x="-0.625" y="1.3125" z="0.625"/>
        </Position>
        <Normal>1</Normal>
        <TextureCoord>
          <Vector2 x="0.90364587307" y="0.421875"/>
        </TextureCoord>
      </VertexPositionNormalTextureInstance>
      <VertexPositionNormalTextureInstance>
        <Position>
          <Vector3 x="0.5" y="1.3125" z="-0.625"/>
        </Position>
        <Normal>1</Normal>
        <TextureCoord>
          <Vector2 x="0.92708337307" y="0.578125"/>
        </TextureCoord>
      </VertexPositionNormalTextureInstance>
      <VertexPositionNormalTextureInstance>
        <Position>
          <Vector3 x="0.625" y="1.3125" z="-0.625"/>
        </Position>
        <Normal>1</Normal>
        <TextureCoord>
          <Vector2 x="0.9296875" y="0.578125"/>
        </TextureCoord>
      </VertexPositionNormalTextureInstance>
      <VertexPositionNormalTextureInstance>
        <Position>
          <Vector3 x="0.625" y="1.3125" z="0.625"/>
        </Position>
        <Normal>1</Normal>
        <TextureCoord>
          <Vector2 x="0.9296875" y="0.421875"/>
        </TextureCoord>
      </VertexPositionNormalTextureInstance>
      <VertexPositionNormalTextureInstance>
        <Position>
          <Vector3 x="0.5" y="1.3125" z="0.625"/>
        </Position>
        <Normal>1</Normal>
        <TextureCoord>
          <Vector2 x="0.92708337307" y="0.421875"/>
        </TextureCoord>
      </VertexPositionNormalTextureInstance>
      <VertexPositionNormalTextureInstance>
        <Position>
          <Vector3 x="0.5" y="1.3125" z="-0.5"/>
        </Position>
        <Normal>1</Normal>
        <TextureCoord>
          <Vector2 x="0.92708337307" y="0.5625"/>
        </TextureCoord>
      </VertexPositionNormalTextureInstance>
      <VertexPositionNormalTextureInstance>
        <Position>
          <Vector3 x="-0.5" y="1.3125" z="-0.5"/>
        </Position>
        <Normal>1</Normal>
        <TextureCoord>
          <Vector2 x="0.90625" y="0.5625"/>
        </TextureCoord>
      </VertexPositionNormalTextureInstance>
      <VertexPositionNormalTextureInstance>
        <Position>
          <Vector3 x="-0.5" y="1.3125" z="0.5"/>
        </Position>
        <Normal>1</Normal>
        <TextureCoord>
          <Vector2 x="0.90625" y="0.4375"/>
        </TextureCoord>
      </VertexPositionNormalTextureInstance>
      <VertexPositionNormalTextureInstance>
        <Position>
          <Vector3 x="0.5" y="1.3125" z="0.5"/>
        </Position>
        <Normal>1</Normal>
        <TextureCoord>
          <Vector2 x="0.92708337307" y="0.4375"/>
        </TextureCoord>
      </VertexPositionNormalTextureInstance>
      <VertexPositionNormalTextureInstance>
        <Position>
          <Vector3 x="0.5" y="1.25" z="-0.5"/>
        </Position>
        <Normal>3</Normal>
        <TextureCoord>
          <Vector2 x="0.260416686535" y="0.34375"/>
        </TextureCoord>
      </VertexPositionNormalTextureInstance>
      <VertexPositionNormalTextureInstance>
        <Position>
          <Vector3 x="0.5" y="1.25" z="0.5"/>
        </Position>
        <Normal>3</Normal>
        <TextureCoord>
          <Vector2 x="0.239583343267" y="0.34375"/>
        </TextureCoord>
      </VertexPositionNormalTextureInstance>
      <VertexPositionNormalTextureInstance>
        <Position>
          <Vector3 x="0.5" y="1.3125" z="0.5"/>
        </Position>
        <Normal>3</Normal>
        <TextureCoord>
          <Vector2 x="0.239583343267" y="0.3359375"/>
        </TextureCoord>
      </VertexPositionNormalTextureInstance>
      <VertexPositionNormalTextureInstance>
        <Position>
          <Vector3 x="0.5" y="1.3125" z="-0.5"/>
        </Position>
        <Normal>3</Normal>
        <TextureCoord>
          <Vector2 x="0.260416686535" y="0.3359375"/>
        </TextureCoord>
      </VertexPositionNormalTextureInstance>
      <VertexPositionNormalTextureInstance>
        <Position>
          <Vector3 x="-0.5" y="1.25" z="-0.5"/>
        </Position>
        <Normal>0</Normal>
        <TextureCoord>
          <Vector2 x="0.572916686535" y="0.34375"/>
        </TextureCoord>
      </VertexPositionNormalTextureInstance>
      <VertexPositionNormalTextureInstance>
        <Position>
          <Vector3 x="-0.5" y="1.25" z="0.5"/>
        </Position>
        <Normal>0</Normal>
        <TextureCoord>
          <Vector2 x="0.59375" y="0.34375"/>
        </TextureCoord>
      </VertexPositionNormalTextureInstance>
      <VertexPositionNormalTextureInstance>
        <Position>
          <Vector3 x="-0.5" y="1.3125" z="0.5"/>
        </Position>
        <Normal>0</Normal>
        <TextureCoord>
          <Vector2 x="0.59375" y="0.3359375"/>
        </TextureCoord>
      </VertexPositionNormalTextureInstance>
      <VertexPositionNormalTextureInstance>
        <Position>
          <Vector3 x="-0.5" y="1.3125" z="-0.5"/>
        </Position>
        <Normal>0</Normal>
        <TextureCoord>
          <Vector2 x="0.572916686535" y="0.3359375"/>
        </TextureCoord>
      </VertexPositionNormalTextureInstance>
      <VertexPositionNormalTextureInstance>
        <Position>
          <Vector3 x="-0.5" y="1.25" z="-0.5"/>
        </Position>
        <Normal>1</Normal>
        <TextureCoord>
          <Vector2 x="0.90625" y="0.5625"/>
        </TextureCoord>
      </VertexPositionNormalTextureInstance>
      <VertexPositionNormalTextureInstance>
        <Position>
          <Vector3 x="-0.4375" y="1.25" z="-0.5"/>
        </Position>
        <Normal>1</Normal>
        <TextureCoord>
          <Vector2 x="0.90755212307" y="0.5625"/>
        </TextureCoord>
      </VertexPositionNormalTextureInstance>
      <VertexPositionNormalTextureInstance>
        <Position>
          <Vector3 x="-0.4375" y="1.25" z="0.5"/>
        </Position>
        <Normal>1</Normal>
        <TextureCoord>
          <Vector2 x="0.90755212307" y="0.4375"/>
        </TextureCoord>
      </VertexPositionNormalTextureInstance>
      <VertexPositionNormalTextureInstance>
        <Position>
          <Vector3 x="-0.5" y="1.25" z="0.5"/>
        </Position>
        <Normal>1</Normal>
        <TextureCoord>
          <Vector2 x="0.90625" y="0.4375"/>
        </TextureCoord>
      </VertexPositionNormalTextureInstance>
      <VertexPositionNormalTextureInstance>
        <Position>
          <Vector3 x="0.4375" y="1.25" z="-0.5"/>
        </Position>
        <Normal>1</Normal>
        <TextureCoord>
          <Vector2 x="0.92578125" y="0.5625"/>
        </TextureCoord>
      </VertexPositionNormalTextureInstance>
      <VertexPositionNormalTextureInstance>
        <Position>
          <Vector3 x="0.5" y="1.25" z="-0.5"/>
        </Position>
        <Normal>1</Normal>
        <TextureCoord>
          <Vector2 x="0.92708337307" y="0.5625"/>
        </TextureCoord>
      </VertexPositionNormalTextureInstance>
      <VertexPositionNormalTextureInstance>
        <Position>
          <Vector3 x="0.5" y="1.25" z="0.5"/>
        </Position>
        <Normal>1</Normal>
        <TextureCoord>
          <Vector2 x="0.92708337307" y="0.4375"/>
        </TextureCoord>
      </VertexPositionNormalTextureInstance>
      <VertexPositionNormalTextureInstance>
        <Position>
          <Vector3 x="0.4375" y="1.25" z="0.5"/>
        </Position>
        <Normal>1</Normal>
        <TextureCoord>
          <Vector2 x="0.92578125" y="0.4375"/>
        </TextureCoord>
      </VertexPositionNormalTextureInstance>
      <VertexPositionNormalTextureInstance>
        <Position>
          <Vector3 x="0.4375" y="1.25" z="-0.4375"/>
        </Position>
        <Normal>1</Normal>
        <TextureCoord>
          <Vector2 x="0.92578125" y="0.5546875"/>
        </TextureCoord>
      </VertexPositionNormalTextureInstance>
      <VertexPositionNormalTextureInstance>
        <Position>
          <Vector3 x="-0.4375" y="1.25" z="-0.4375"/>
        </Position>
        <Normal>1</Normal>
        <TextureCoord>
          <Vector2 x="0.90755212307" y="0.5546875"/>
        </TextureCoord>
      </VertexPositionNormalTextureInstance>
      <VertexPositionNormalTextureInstance>
        <Position>
          <Vector3 x="-0.4375" y="1.25" z="0.4375"/>
        </Position>
        <Normal>1</Normal>
        <TextureCoord>
          <Vector2 x="0.90755212307" y="0.4453125"/>
        </TextureCoord>
      </VertexPositionNormalTextureInstance>
      <VertexPositionNormalTextureInstance>
        <Position>
          <Vector3 x="0.4375" y="1.25" z="0.4375"/>
        </Position>
        <Normal>1</Normal>
        <TextureCoord>
          <Vector2 x="0.92578125" y="0.4453125"/>
        </TextureCoord>
      </VertexPositionNormalTextureInstance>
      <VertexPositionNormalTextureInstance>
        <Position>
          <Vector3 x="0.4375" y="1.1875" z="-0.4375"/>
        </Position>
        <Normal>3</Normal>
        <TextureCoord>
          <Vector2 x="0.259114593267" y="0.3515625"/>
        </TextureCoord>
      </VertexPositionNormalTextureInstance>
      <VertexPositionNormalTextureInstance>
        <Position>
          <Vector3 x="0.4375" y="1.1875" z="0.4375"/>
        </Position>
        <Normal>3</Normal>
        <TextureCoord>
          <Vector2 x="0.240885421634" y="0.3515625"/>
        </TextureCoord>
      </VertexPositionNormalTextureInstance>
      <VertexPositionNormalTextureInstance>
        <Position>
          <Vector3 x="0.4375" y="1.25" z="0.4375"/>
        </Position>
        <Normal>3</Normal>
        <TextureCoord>
          <Vector2 x="0.240885421634" y="0.34375"/>
        </TextureCoord>
      </VertexPositionNormalTextureInstance>
      <VertexPositionNormalTextureInstance>
        <Position>
          <Vector3 x="0.4375" y="1.25" z="-0.4375"/>
        </Position>
        <Normal>3</Normal>
        <TextureCoord>
          <Vector2 x="0.259114593267" y="0.34375"/>
        </TextureCoord>
      </VertexPositionNormalTextureInstance>
      <VertexPositionNormalTextureInstance>
        <Position>
          <Vector3 x="-0.4375" y="1.1875" z="-0.4375"/>
        </Position>
        <Normal>0</Normal>
        <TextureCoord>
          <Vector2 x="0.57421875" y="0.3515625"/>
        </TextureCoord>
      </VertexPositionNormalTextureInstance>
      <VertexPositionNormalTextureInstance>
        <Position>
          <Vector3 x="-0.4375" y="1.1875" z="0.4375"/>
        </Position>
        <Normal>0</Normal>
        <TextureCoord>
          <Vector2 x="0.592447936535" y="0.3515625"/>
        </TextureCoord>
      </VertexPositionNormalTextureInstance>
      <VertexPositionNormalTextureInstance>
        <Position>
          <Vector3 x="-0.4375" y="1.25" z="0.4375"/>
        </Position>
        <Normal>0</Normal>
        <TextureCoord>
          <Vector2 x="0.592447936535" y="0.34375"/>
        </TextureCoord>
      </VertexPositionNormalTextureInstance>
      <VertexPositionNormalTextureInstance>
        <Position>
          <Vector3 x="-0.4375" y="1.25" z="-0.4375"/>
        </Position>
        <Normal>0</Normal>
        <TextureCoord>
          <Vector2 x="0.57421875" y="0.34375"/>
        </TextureCoord>
      </VertexPositionNormalTextureInstance>
      <VertexPositionNormalTextureInstance>
        <Position>
          <Vector3 x="-0.4375" y="1.1875" z="0.4375"/>
        </Position>
        <Normal>5</Normal>
        <TextureCoord>
          <Vector2 x="0.07421875" y="0.3515625"/>
        </TextureCoord>
      </VertexPositionNormalTextureInstance>
      <VertexPositionNormalTextureInstance>
        <Position>
          <Vector3 x="-0.4375" y="1.25" z="0.4375"/>
        </Position>
        <Normal>5</Normal>
        <TextureCoord>
          <Vector2 x="0.07421875" y="0.34375"/>
        </TextureCoord>
      </VertexPositionNormalTextureInstance>
      <VertexPositionNormalTextureInstance>
        <Position>
          <Vector3 x="0.4375" y="1.25" z="0.4375"/>
        </Position>
        <Normal>5</Normal>
        <TextureCoord>
          <Vector2 x="0.0924479216337" y="0.34375"/>
        </TextureCoord>
      </VertexPositionNormalTextureInstance>
      <VertexPositionNormalTextureInstance>
        <Position>
          <Vector3 x="0.4375" y="1.1875" z="0.4375"/>
        </Position>
        <Normal>5</Normal>
        <TextureCoord>
          <Vector2 x="0.0924479216337" y="0.3515625"/>
        </TextureCoord>
      </VertexPositionNormalTextureInstance>
      <VertexPositionNormalTextureInstance>
        <Position>
          <Vector3 x="-0.5" y="1.25" z="0.5"/>
        </Position>
        <Normal>5</Normal>
        <TextureCoord>
          <Vector2 x="0.0729166716337" y="0.34375"/>
        </TextureCoord>
      </VertexPositionNormalTextureInstance>
      <VertexPositionNormalTextureInstance>
        <Position>
          <Vector3 x="-0.5" y="1.3125" z="0.5"/>
        </Position>
        <Normal>5</Normal>
        <TextureCoord>
          <Vector2 x="0.0729166716337" y="0.3359375"/>
        </TextureCoord>
      </VertexPositionNormalTextureInstance>
      <VertexPositionNormalTextureInstance>
        <Position>
          <Vector3 x="0.5" y="1.3125" z="0.5"/>
        </Position>
        <Normal>5</Normal>
        <TextureCoord>
          <Vector2 x="0.09375" y="0.3359375"/>
        </TextureCoord>
      </VertexPositionNormalTextureInstance>
      <VertexPositionNormalTextureInstance>
        <Position>
          <Vector3 x="0.5" y="1.25" z="0.5"/>
        </Position>
        <Normal>5</Normal>
        <TextureCoord>
          <Vector2 x="0.09375" y="0.34375"/>
        </TextureCoord>
      </VertexPositionNormalTextureInstance>
      <VertexPositionNormalTextureInstance>
        <Position>
          <Vector3 x="-0.3125" y="1.125" z="-0.3125"/>
        </Position>
        <Normal>4</Normal>
        <TextureCoord>
          <Vector2 x="0.74348962307" y="0.4609375"/>
        </TextureCoord>
      </VertexPositionNormalTextureInstance>
      <VertexPositionNormalTextureInstance>
        <Position>
          <Vector3 x="-0.25" y="1.125" z="-0.3125"/>
        </Position>
        <Normal>4</Normal>
        <TextureCoord>
          <Vector2 x="0.744791686535" y="0.4609375"/>
        </TextureCoord>
      </VertexPositionNormalTextureInstance>
      <VertexPositionNormalTextureInstance>
        <Position>
          <Vector3 x="-0.25" y="1.125" z="0.3125"/>
        </Position>
        <Normal>4</Normal>
        <TextureCoord>
          <Vector2 x="0.744791686535" y="0.5390625"/>
        </TextureCoord>
      </VertexPositionNormalTextureInstance>
      <VertexPositionNormalTextureInstance>
        <Position>
          <Vector3 x="-0.3125" y="1.125" z="0.3125"/>
        </Position>
        <Normal>4</Normal>
        <TextureCoord>
          <Vector2 x="0.74348962307" y="0.5390625"/>
        </TextureCoord>
      </VertexPositionNormalTextureInstance>
      <VertexPositionNormalTextureInstance>
        <Position>
          <Vector3 x="0.25" y="1.125" z="-0.3125"/>
        </Position>
        <Normal>4</Normal>
        <TextureCoord>
          <Vector2 x="0.75520837307" y="0.4609375"/>
        </TextureCoord>
      </VertexPositionNormalTextureInstance>
      <VertexPositionNormalTextureInstance>
        <Position>
          <Vector3 x="0.3125" y="1.125" z="-0.3125"/>
        </Position>
        <Normal>4</Normal>
        <TextureCoord>
          <Vector2 x="0.756510436535" y="0.4609375"/>
        </TextureCoord>
      </VertexPositionNormalTextureInstance>
      <VertexPositionNormalTextureInstance>
        <Position>
          <Vector3 x="0.3125" y="1.125" z="0.3125"/>
        </Position>
        <Normal>4</Normal>
        <TextureCoord>
          <Vector2 x="0.756510436535" y="0.5390625"/>
        </TextureCoord>
      </VertexPositionNormalTextureInstance>
      <VertexPositionNormalTextureInstance>
        <Position>
          <Vector3 x="0.25" y="1.125" z="0.3125"/>
        </Position>
        <Normal>4</Normal>
        <TextureCoord>
          <Vector2 x="0.75520837307" y="0.5390625"/>
        </TextureCoord>
      </VertexPositionNormalTextureInstance>
      <VertexPositionNormalTextureInstance>
        <Position>
          <Vector3 x="-0.25" y="1.125" z="0.25"/>
        </Position>
        <Normal>4</Normal>
        <TextureCoord>
          <Vector2 x="0.744791686535" y="0.53125"/>
        </TextureCoord>
      </VertexPositionNormalTextureInstance>
      <VertexPositionNormalTextureInstance>
        <Position>
          <Vector3 x="0.25" y="1.125" z="0.25"/>
        </Position>
        <Normal>4</Normal>
        <TextureCoord>
          <Vector2 x="0.75520837307" y="0.53125"/>
        </TextureCoord>
      </VertexPositionNormalTextureInstance>
      <VertexPositionNormalTextureInstance>
        <Position>
          <Vector3 x="0.25" y="1.125" z="-0.25"/>
        </Position>
        <Normal>4</Normal>
        <TextureCoord>
          <Vector2 x="0.75520837307" y="0.46875"/>
        </TextureCoord>
      </VertexPositionNormalTextureInstance>
      <VertexPositionNormalTextureInstance>
        <Position>
          <Vector3 x="-0.25" y="1.125" z="-0.25"/>
        </Position>
        <Normal>4</Normal>
        <TextureCoord>
          <Vector2 x="0.744791686535" y="0.46875"/>
        </TextureCoord>
      </VertexPositionNormalTextureInstance>
      <VertexPositionNormalTextureInstance>
        <Position>
          <Vector3 x="-0.25" y="1.125" z="0.25"/>
        </Position>
        <Normal>5</Normal>
        <TextureCoord>
          <Vector2 x="0.078125" y="0.359375"/>
        </TextureCoord>
      </VertexPositionNormalTextureInstance>
      <VertexPositionNormalTextureInstance>
        <Position>
          <Vector3 x="-0.25" y="1.1875" z="0.25"/>
        </Position>
        <Normal>5</Normal>
        <TextureCoord>
          <Vector2 x="0.078125" y="0.3515625"/>
        </TextureCoord>
      </VertexPositionNormalTextureInstance>
      <VertexPositionNormalTextureInstance>
        <Position>
          <Vector3 x="0.25" y="1.1875" z="0.25"/>
        </Position>
        <Normal>5</Normal>
        <TextureCoord>
          <Vector2 x="0.0885416716337" y="0.3515625"/>
        </TextureCoord>
      </VertexPositionNormalTextureInstance>
      <VertexPositionNormalTextureInstance>
        <Position>
          <Vector3 x="0.25" y="1.125" z="0.25"/>
        </Position>
        <Normal>5</Normal>
        <TextureCoord>
          <Vector2 x="0.0885416716337" y="0.359375"/>
        </TextureCoord>
      </VertexPositionNormalTextureInstance>
      <VertexPositionNormalTextureInstance>
        <Position>
          <Vector3 x="-0.4375" y="1.1875" z="-0.4375"/>
        </Position>
        <Normal>2</Normal>
        <TextureCoord>
          <Vector2 x="0.42578125" y="0.3515625"/>
        </TextureCoord>
      </VertexPositionNormalTextureInstance>
      <VertexPositionNormalTextureInstance>
        <Position>
          <Vector3 x="-0.4375" y="1.25" z="-0.4375"/>
        </Position>
        <Normal>2</Normal>
        <TextureCoord>
          <Vector2 x="0.42578125" y="0.34375"/>
        </TextureCoord>
      </VertexPositionNormalTextureInstance>
      <VertexPositionNormalTextureInstance>
        <Position>
          <Vector3 x="0.4375" y="1.25" z="-0.4375"/>
        </Position>
        <Normal>2</Normal>
        <TextureCoord>
          <Vector2 x="0.407552093267" y="0.34375"/>
        </TextureCoord>
      </VertexPositionNormalTextureInstance>
      <VertexPositionNormalTextureInstance>
        <Position>
          <Vector3 x="0.4375" y="1.1875" z="-0.4375"/>
        </Position>
        <Normal>2</Normal>
        <TextureCoord>
          <Vector2 x="0.407552093267" y="0.3515625"/>
        </TextureCoord>
      </VertexPositionNormalTextureInstance>
      <VertexPositionNormalTextureInstance>
        <Position>
          <Vector3 x="-0.5" y="1.25" z="-0.5"/>
        </Position>
        <Normal>2</Normal>
        <TextureCoord>
          <Vector2 x="0.427083343267" y="0.34375"/>
        </TextureCoord>
      </VertexPositionNormalTextureInstance>
      <VertexPositionNormalTextureInstance>
        <Position>
          <Vector3 x="-0.5" y="1.3125" z="-0.5"/>
        </Position>
        <Normal>2</Normal>
        <TextureCoord>
          <Vector2 x="0.427083343267" y="0.3359375"/>
        </TextureCoord>
      </VertexPositionNormalTextureInstance>
      <VertexPositionNormalTextureInstance>
        <Position>
          <Vector3 x="0.5" y="1.3125" z="-0.5"/>
        </Position>
        <Normal>2</Normal>
        <TextureCoord>
          <Vector2 x="0.40625" y="0.3359375"/>
        </TextureCoord>
      </VertexPositionNormalTextureInstance>
      <VertexPositionNormalTextureInstance>
        <Position>
          <Vector3 x="0.5" y="1.25" z="-0.5"/>
        </Position>
        <Normal>2</Normal>
        <TextureCoord>
          <Vector2 x="0.40625" y="0.34375"/>
        </TextureCoord>
      </VertexPositionNormalTextureInstance>
      <VertexPositionNormalTextureInstance>
        <Position>
          <Vector3 x="-0.25" y="1.125" z="-0.25"/>
        </Position>
        <Normal>2</Normal>
        <TextureCoord>
          <Vector2 x="0.421875" y="0.359375"/>
        </TextureCoord>
      </VertexPositionNormalTextureInstance>
      <VertexPositionNormalTextureInstance>
        <Position>
          <Vector3 x="-0.25" y="1.1875" z="-0.25"/>
        </Position>
        <Normal>2</Normal>
        <TextureCoord>
          <Vector2 x="0.421875" y="0.3515625"/>
        </TextureCoord>
      </VertexPositionNormalTextureInstance>
      <VertexPositionNormalTextureInstance>
        <Position>
          <Vector3 x="0.25" y="1.1875" z="-0.25"/>
        </Position>
        <Normal>2</Normal>
        <TextureCoord>
          <Vector2 x="0.411458343267" y="0.3515625"/>
        </TextureCoord>
      </VertexPositionNormalTextureInstance>
      <VertexPositionNormalTextureInstance>
        <Position>
          <Vector3 x="0.25" y="1.125" z="-0.25"/>
        </Position>
        <Normal>2</Normal>
        <TextureCoord>
          <Vector2 x="0.411458343267" y="0.359375"/>
        </TextureCoord>
      </VertexPositionNormalTextureInstance>
      <VertexPositionNormalTextureInstance>
        <Position>
          <Vector3 x="0.25" y="1.125" z="-0.25"/>
        </Position>
        <Normal>3</Normal>
        <TextureCoord>
          <Vector2 x="0.255208343267" y="0.359375"/>
        </TextureCoord>
      </VertexPositionNormalTextureInstance>
      <VertexPositionNormalTextureInstance>
        <Position>
          <Vector3 x="0.25" y="1.125" z="0.25"/>
        </Position>
        <Normal>3</Normal>
        <TextureCoord>
          <Vector2 x="0.244791671634" y="0.359375"/>
        </TextureCoord>
      </VertexPositionNormalTextureInstance>
      <VertexPositionNormalTextureInstance>
        <Position>
          <Vector3 x="0.25" y="1.1875" z="0.25"/>
        </Position>
        <Normal>3</Normal>
        <TextureCoord>
          <Vector2 x="0.244791671634" y="0.3515625"/>
        </TextureCoord>
      </VertexPositionNormalTextureInstance>
      <VertexPositionNormalTextureInstance>
        <Position>
          <Vector3 x="0.25" y="1.1875" z="-0.25"/>
        </Position>
        <Normal>3</Normal>
        <TextureCoord>
          <Vector2 x="0.255208343267" y="0.3515625"/>
        </TextureCoord>
      </VertexPositionNormalTextureInstance>
      <VertexPositionNormalTextureInstance>
        <Position>
          <Vector3 x="-0.25" y="1.125" z="-0.25"/>
        </Position>
        <Normal>0</Normal>
        <TextureCoord>
          <Vector2 x="0.578125" y="0.359375"/>
        </TextureCoord>
      </VertexPositionNormalTextureInstance>
      <VertexPositionNormalTextureInstance>
        <Position>
          <Vector3 x="-0.25" y="1.125" z="0.25"/>
        </Position>
        <Normal>0</Normal>
        <TextureCoord>
          <Vector2 x="0.588541686535" y="0.359375"/>
        </TextureCoord>
      </VertexPositionNormalTextureInstance>
      <VertexPositionNormalTextureInstance>
        <Position>
          <Vector3 x="-0.25" y="1.1875" z="0.25"/>
        </Position>
        <Normal>0</Normal>
        <TextureCoord>
          <Vector2 x="0.588541686535" y="0.3515625"/>
        </TextureCoord>
      </VertexPositionNormalTextureInstance>
      <VertexPositionNormalTextureInstance>
        <Position>
          <Vector3 x="-0.25" y="1.1875" z="-0.25"/>
        </Position>
        <Normal>0</Normal>
        <TextureCoord>
          <Vector2 x="0.578125" y="0.3515625"/>
        </TextureCoord>
      </VertexPositionNormalTextureInstance>
      <VertexPositionNormalTextureInstance>
        <Position>
          <Vector3 x="-0.5" y="-3.8125" z="-0.5"/>
        </Position>
        <Normal>0</Normal>
        <TextureCoord>
          <Vector2 x="0.572916686535" y="0.9765625"/>
        </TextureCoord>
      </VertexPositionNormalTextureInstance>
      <VertexPositionNormalTextureInstance>
        <Position>
          <Vector3 x="-0.5" y="-3.8125" z="0.5"/>
        </Position>
        <Normal>0</Normal>
        <TextureCoord>
          <Vector2 x="0.59375" y="0.9765625"/>
        </TextureCoord>
      </VertexPositionNormalTextureInstance>
      <VertexPositionNormalTextureInstance>
        <Position>
          <Vector3 x="-0.5" y="-3.75" z="0.5"/>
        </Position>
        <Normal>0</Normal>
        <TextureCoord>
          <Vector2 x="0.59375" y="0.96875"/>
        </TextureCoord>
      </VertexPositionNormalTextureInstance>
      <VertexPositionNormalTextureInstance>
        <Position>
          <Vector3 x="-0.5" y="-3.75" z="-0.5"/>
        </Position>
        <Normal>0</Normal>
        <TextureCoord>
          <Vector2 x="0.572916686535" y="0.96875"/>
        </TextureCoord>
      </VertexPositionNormalTextureInstance>
      <VertexPositionNormalTextureInstance>
        <Position>
          <Vector3 x="-0.625" y="-3.8125" z="-0.625"/>
        </Position>
        <Normal>4</Normal>
        <TextureCoord>
          <Vector2 x="0.736979186535" y="0.421875"/>
        </TextureCoord>
      </VertexPositionNormalTextureInstance>
      <VertexPositionNormalTextureInstance>
        <Position>
          <Vector3 x="-0.5" y="-3.8125" z="-0.625"/>
        </Position>
        <Normal>4</Normal>
        <TextureCoord>
          <Vector2 x="0.73958337307" y="0.421875"/>
        </TextureCoord>
      </VertexPositionNormalTextureInstance>
      <VertexPositionNormalTextureInstance>
        <Position>
          <Vector3 x="-0.5" y="-3.8125" z="0.625"/>
        </Position>
        <Normal>4</Normal>
        <TextureCoord>
          <Vector2 x="0.73958337307" y="0.578125"/>
        </TextureCoord>
      </VertexPositionNormalTextureInstance>
      <VertexPositionNormalTextureInstance>
        <Position>
          <Vector3 x="-0.625" y="-3.8125" z="0.625"/>
        </Position>
        <Normal>4</Normal>
        <TextureCoord>
          <Vector2 x="0.736979186535" y="0.578125"/>
        </TextureCoord>
      </VertexPositionNormalTextureInstance>
      <VertexPositionNormalTextureInstance>
        <Position>
          <Vector3 x="0.5" y="-3.8125" z="-0.625"/>
        </Position>
        <Normal>4</Normal>
        <TextureCoord>
          <Vector2 x="0.760416686535" y="0.421875"/>
        </TextureCoord>
      </VertexPositionNormalTextureInstance>
      <VertexPositionNormalTextureInstance>
        <Position>
          <Vector3 x="0.625" y="-3.8125" z="-0.625"/>
        </Position>
        <Normal>4</Normal>
        <TextureCoord>
          <Vector2 x="0.76302087307" y="0.421875"/>
        </TextureCoord>
      </VertexPositionNormalTextureInstance>
      <VertexPositionNormalTextureInstance>
        <Position>
          <Vector3 x="0.625" y="-3.8125" z="0.625"/>
        </Position>
        <Normal>4</Normal>
        <TextureCoord>
          <Vector2 x="0.76302087307" y="0.578125"/>
        </TextureCoord>
      </VertexPositionNormalTextureInstance>
      <VertexPositionNormalTextureInstance>
        <Position>
          <Vector3 x="0.5" y="-3.8125" z="0.625"/>
        </Position>
        <Normal>4</Normal>
        <TextureCoord>
          <Vector2 x="0.760416686535" y="0.578125"/>
        </TextureCoord>
      </VertexPositionNormalTextureInstance>
      <VertexPositionNormalTextureInstance>
        <Position>
          <Vector3 x="0.5" y="-3.8125" z="-0.5"/>
        </Position>
        <Normal>4</Normal>
        <TextureCoord>
          <Vector2 x="0.760416686535" y="0.4375"/>
        </TextureCoord>
      </VertexPositionNormalTextureInstance>
      <VertexPositionNormalTextureInstance>
        <Position>
          <Vector3 x="-0.5" y="-3.8125" z="-0.5"/>
        </Position>
        <Normal>4</Normal>
        <TextureCoord>
          <Vector2 x="0.73958337307" y="0.4375"/>
        </TextureCoord>
      </VertexPositionNormalTextureInstance>
      <VertexPositionNormalTextureInstance>
        <Position>
          <Vector3 x="-0.5" y="-3.8125" z="0.5"/>
        </Position>
        <Normal>4</Normal>
        <TextureCoord>
          <Vector2 x="0.73958337307" y="0.5625"/>
        </TextureCoord>
      </VertexPositionNormalTextureInstance>
      <VertexPositionNormalTextureInstance>
        <Position>
          <Vector3 x="0.5" y="-3.8125" z="0.5"/>
        </Position>
        <Normal>4</Normal>
        <TextureCoord>
          <Vector2 x="0.760416686535" y="0.5625"/>
        </TextureCoord>
      </VertexPositionNormalTextureInstance>
      <VertexPositionNormalTextureInstance>
        <Position>
          <Vector3 x="0.5" y="-3.8125" z="-0.5"/>
        </Position>
        <Normal>3</Normal>
        <TextureCoord>
          <Vector2 x="0.260416686535" y="0.9765625"/>
        </TextureCoord>
      </VertexPositionNormalTextureInstance>
      <VertexPositionNormalTextureInstance>
        <Position>
          <Vector3 x="0.5" y="-3.8125" z="0.5"/>
        </Position>
        <Normal>3</Normal>
        <TextureCoord>
          <Vector2 x="0.239583343267" y="0.9765625"/>
        </TextureCoord>
      </VertexPositionNormalTextureInstance>
      <VertexPositionNormalTextureInstance>
        <Position>
          <Vector3 x="0.5" y="-3.75" z="0.5"/>
        </Position>
        <Normal>3</Normal>
        <TextureCoord>
          <Vector2 x="0.239583343267" y="0.96875"/>
        </TextureCoord>
      </VertexPositionNormalTextureInstance>
      <VertexPositionNormalTextureInstance>
        <Position>
          <Vector3 x="0.5" y="-3.75" z="-0.5"/>
        </Position>
        <Normal>3</Normal>
        <TextureCoord>
          <Vector2 x="0.260416686535" y="0.96875"/>
        </TextureCoord>
      </VertexPositionNormalTextureInstance>
      <VertexPositionNormalTextureInstance>
        <Position>
          <Vector3 x="-0.4375" y="-3.75" z="-0.4375"/>
        </Position>
        <Normal>0</Normal>
        <TextureCoord>
          <Vector2 x="0.57421875" y="0.96875"/>
        </TextureCoord>
      </VertexPositionNormalTextureInstance>
      <VertexPositionNormalTextureInstance>
        <Position>
          <Vector3 x="-0.4375" y="-3.75" z="0.4375"/>
        </Position>
        <Normal>0</Normal>
        <TextureCoord>
          <Vector2 x="0.592447936535" y="0.96875"/>
        </TextureCoord>
      </VertexPositionNormalTextureInstance>
      <VertexPositionNormalTextureInstance>
        <Position>
          <Vector3 x="-0.4375" y="-3.6875" z="0.4375"/>
        </Position>
        <Normal>0</Normal>
        <TextureCoord>
          <Vector2 x="0.592447936535" y="0.9609375"/>
        </TextureCoord>
      </VertexPositionNormalTextureInstance>
      <VertexPositionNormalTextureInstance>
        <Position>
          <Vector3 x="-0.4375" y="-3.6875" z="-0.4375"/>
        </Position>
        <Normal>0</Normal>
        <TextureCoord>
          <Vector2 x="0.57421875" y="0.9609375"/>
        </TextureCoord>
      </VertexPositionNormalTextureInstance>
      <VertexPositionNormalTextureInstance>
        <Position>
          <Vector3 x="-0.5" y="-3.75" z="-0.5"/>
        </Position>
        <Normal>4</Normal>
        <TextureCoord>
          <Vector2 x="0.73958337307" y="0.4375"/>
        </TextureCoord>
      </VertexPositionNormalTextureInstance>
      <VertexPositionNormalTextureInstance>
        <Position>
          <Vector3 x="-0.4375" y="-3.75" z="-0.5"/>
        </Position>
        <Normal>4</Normal>
        <TextureCoord>
          <Vector2 x="0.740885436535" y="0.4375"/>
        </TextureCoord>
      </VertexPositionNormalTextureInstance>
      <VertexPositionNormalTextureInstance>
        <Position>
          <Vector3 x="-0.4375" y="-3.75" z="0.5"/>
        </Position>
        <Normal>4</Normal>
        <TextureCoord>
          <Vector2 x="0.740885436535" y="0.5625"/>
        </TextureCoord>
      </VertexPositionNormalTextureInstance>
      <VertexPositionNormalTextureInstance>
        <Position>
          <Vector3 x="-0.5" y="-3.75" z="0.5"/>
        </Position>
        <Normal>4</Normal>
        <TextureCoord>
          <Vector2 x="0.73958337307" y="0.5625"/>
        </TextureCoord>
      </VertexPositionNormalTextureInstance>
      <VertexPositionNormalTextureInstance>
        <Position>
          <Vector3 x="0.4375" y="-3.75" z="-0.5"/>
        </Position>
        <Normal>4</Normal>
        <TextureCoord>
          <Vector2 x="0.75911462307" y="0.4375"/>
        </TextureCoord>
      </VertexPositionNormalTextureInstance>
      <VertexPositionNormalTextureInstance>
        <Position>
          <Vector3 x="0.5" y="-3.75" z="-0.5"/>
        </Position>
        <Normal>4</Normal>
        <TextureCoord>
          <Vector2 x="0.760416686535" y="0.4375"/>
        </TextureCoord>
      </VertexPositionNormalTextureInstance>
      <VertexPositionNormalTextureInstance>
        <Position>
          <Vector3 x="0.5" y="-3.75" z="0.5"/>
        </Position>
        <Normal>4</Normal>
        <TextureCoord>
          <Vector2 x="0.760416686535" y="0.5625"/>
        </TextureCoord>
      </VertexPositionNormalTextureInstance>
      <VertexPositionNormalTextureInstance>
        <Position>
          <Vector3 x="0.4375" y="-3.75" z="0.5"/>
        </Position>
        <Normal>4</Normal>
        <TextureCoord>
          <Vector2 x="0.75911462307" y="0.5625"/>
        </TextureCoord>
      </VertexPositionNormalTextureInstance>
      <VertexPositionNormalTextureInstance>
        <Position>
          <Vector3 x="-0.4375" y="-3.75" z="0.4375"/>
        </Position>
        <Normal>4</Normal>
        <TextureCoord>
          <Vector2 x="0.740885436535" y="0.5546875"/>
        </TextureCoord>
      </VertexPositionNormalTextureInstance>
      <VertexPositionNormalTextureInstance>
        <Position>
          <Vector3 x="0.4375" y="-3.75" z="0.4375"/>
        </Position>
        <Normal>4</Normal>
        <TextureCoord>
          <Vector2 x="0.75911462307" y="0.5546875"/>
        </TextureCoord>
      </VertexPositionNormalTextureInstance>
      <VertexPositionNormalTextureInstance>
        <Position>
          <Vector3 x="0.4375" y="-3.75" z="-0.4375"/>
        </Position>
        <Normal>4</Normal>
        <TextureCoord>
          <Vector2 x="0.75911462307" y="0.4453125"/>
        </TextureCoord>
      </VertexPositionNormalTextureInstance>
      <VertexPositionNormalTextureInstance>
        <Position>
          <Vector3 x="-0.4375" y="-3.75" z="-0.4375"/>
        </Position>
        <Normal>4</Normal>
        <TextureCoord>
          <Vector2 x="0.740885436535" y="0.4453125"/>
        </TextureCoord>
      </VertexPositionNormalTextureInstance>
      <VertexPositionNormalTextureInstance>
        <Position>
          <Vector3 x="0.4375" y="-3.75" z="-0.4375"/>
        </Position>
        <Normal>3</Normal>
        <TextureCoord>
          <Vector2 x="0.259114593267" y="0.96875"/>
        </TextureCoord>
      </VertexPositionNormalTextureInstance>
      <VertexPositionNormalTextureInstance>
        <Position>
          <Vector3 x="0.4375" y="-3.75" z="0.4375"/>
        </Position>
        <Normal>3</Normal>
        <TextureCoord>
          <Vector2 x="0.240885421634" y="0.96875"/>
        </TextureCoord>
      </VertexPositionNormalTextureInstance>
      <VertexPositionNormalTextureInstance>
        <Position>
          <Vector3 x="0.4375" y="-3.6875" z="0.4375"/>
        </Position>
        <Normal>3</Normal>
        <TextureCoord>
          <Vector2 x="0.240885421634" y="0.9609375"/>
        </TextureCoord>
      </VertexPositionNormalTextureInstance>
      <VertexPositionNormalTextureInstance>
        <Position>
          <Vector3 x="0.4375" y="-3.6875" z="-0.4375"/>
        </Position>
        <Normal>3</Normal>
        <TextureCoord>
          <Vector2 x="0.259114593267" y="0.9609375"/>
        </TextureCoord>
      </VertexPositionNormalTextureInstance>
      <VertexPositionNormalTextureInstance>
        <Position>
          <Vector3 x="-0.25" y="-3.6875" z="-0.25"/>
        </Position>
        <Normal>0</Normal>
        <TextureCoord>
          <Vector2 x="0.578125" y="0.9609375"/>
        </TextureCoord>
      </VertexPositionNormalTextureInstance>
      <VertexPositionNormalTextureInstance>
        <Position>
          <Vector3 x="-0.25" y="-3.6875" z="0.25"/>
        </Position>
        <Normal>0</Normal>
        <TextureCoord>
          <Vector2 x="0.588541686535" y="0.9609375"/>
        </TextureCoord>
      </VertexPositionNormalTextureInstance>
      <VertexPositionNormalTextureInstance>
        <Position>
          <Vector3 x="-0.25" y="-3.625" z="0.25"/>
        </Position>
        <Normal>0</Normal>
        <TextureCoord>
          <Vector2 x="0.588541686535" y="0.953125"/>
        </TextureCoord>
      </VertexPositionNormalTextureInstance>
      <VertexPositionNormalTextureInstance>
        <Position>
          <Vector3 x="-0.25" y="-3.625" z="-0.25"/>
        </Position>
        <Normal>0</Normal>
        <TextureCoord>
          <Vector2 x="0.578125" y="0.953125"/>
        </TextureCoord>
      </VertexPositionNormalTextureInstance>
      <VertexPositionNormalTextureInstance>
        <Position>
          <Vector3 x="-0.3125" y="-3.625" z="-0.3125"/>
        </Position>
        <Normal>1</Normal>
        <TextureCoord>
          <Vector2 x="0.91015625" y="0.5390625"/>
        </TextureCoord>
      </VertexPositionNormalTextureInstance>
      <VertexPositionNormalTextureInstance>
        <Position>
          <Vector3 x="-0.25" y="-3.625" z="-0.3125"/>
        </Position>
        <Normal>1</Normal>
        <TextureCoord>
          <Vector2 x="0.91145837307" y="0.5390625"/>
        </TextureCoord>
      </VertexPositionNormalTextureInstance>
      <VertexPositionNormalTextureInstance>
        <Position>
          <Vector3 x="-0.25" y="-3.625" z="0.3125"/>
        </Position>
        <Normal>1</Normal>
        <TextureCoord>
          <Vector2 x="0.91145837307" y="0.4609375"/>
        </TextureCoord>
      </VertexPositionNormalTextureInstance>
      <VertexPositionNormalTextureInstance>
        <Position>
          <Vector3 x="-0.3125" y="-3.625" z="0.3125"/>
        </Position>
        <Normal>1</Normal>
        <TextureCoord>
          <Vector2 x="0.91015625" y="0.4609375"/>
        </TextureCoord>
      </VertexPositionNormalTextureInstance>
      <VertexPositionNormalTextureInstance>
        <Position>
          <Vector3 x="0.25" y="-3.625" z="-0.3125"/>
        </Position>
        <Normal>1</Normal>
        <TextureCoord>
          <Vector2 x="0.921875" y="0.5390625"/>
        </TextureCoord>
      </VertexPositionNormalTextureInstance>
      <VertexPositionNormalTextureInstance>
        <Position>
          <Vector3 x="0.3125" y="-3.625" z="-0.3125"/>
        </Position>
        <Normal>1</Normal>
        <TextureCoord>
          <Vector2 x="0.92317712307" y="0.5390625"/>
        </TextureCoord>
      </VertexPositionNormalTextureInstance>
      <VertexPositionNormalTextureInstance>
        <Position>
          <Vector3 x="0.3125" y="-3.625" z="0.3125"/>
        </Position>
        <Normal>1</Normal>
        <TextureCoord>
          <Vector2 x="0.92317712307" y="0.4609375"/>
        </TextureCoord>
      </VertexPositionNormalTextureInstance>
      <VertexPositionNormalTextureInstance>
        <Position>
          <Vector3 x="0.25" y="-3.625" z="0.3125"/>
        </Position>
        <Normal>1</Normal>
        <TextureCoord>
          <Vector2 x="0.921875" y="0.4609375"/>
        </TextureCoord>
      </VertexPositionNormalTextureInstance>
      <VertexPositionNormalTextureInstance>
        <Position>
          <Vector3 x="0.25" y="-3.625" z="-0.25"/>
        </Position>
        <Normal>1</Normal>
        <TextureCoord>
          <Vector2 x="0.921875" y="0.53125"/>
        </TextureCoord>
      </VertexPositionNormalTextureInstance>
      <VertexPositionNormalTextureInstance>
        <Position>
          <Vector3 x="-0.25" y="-3.625" z="-0.25"/>
        </Position>
        <Normal>1</Normal>
        <TextureCoord>
          <Vector2 x="0.91145837307" y="0.53125"/>
        </TextureCoord>
      </VertexPositionNormalTextureInstance>
      <VertexPositionNormalTextureInstance>
        <Position>
          <Vector3 x="-0.25" y="-3.625" z="0.25"/>
        </Position>
        <Normal>1</Normal>
        <TextureCoord>
          <Vector2 x="0.91145837307" y="0.46875"/>
        </TextureCoord>
      </VertexPositionNormalTextureInstance>
      <VertexPositionNormalTextureInstance>
        <Position>
          <Vector3 x="0.25" y="-3.625" z="0.25"/>
        </Position>
        <Normal>1</Normal>
        <TextureCoord>
          <Vector2 x="0.921875" y="0.46875"/>
        </TextureCoord>
      </VertexPositionNormalTextureInstance>
      <VertexPositionNormalTextureInstance>
        <Position>
          <Vector3 x="0.25" y="-3.6875" z="-0.25"/>
        </Position>
        <Normal>3</Normal>
        <TextureCoord>
          <Vector2 x="0.255208343267" y="0.9609375"/>
        </TextureCoord>
      </VertexPositionNormalTextureInstance>
      <VertexPositionNormalTextureInstance>
        <Position>
          <Vector3 x="0.25" y="-3.6875" z="0.25"/>
        </Position>
        <Normal>3</Normal>
        <TextureCoord>
          <Vector2 x="0.244791671634" y="0.9609375"/>
        </TextureCoord>
      </VertexPositionNormalTextureInstance>
      <VertexPositionNormalTextureInstance>
        <Position>
          <Vector3 x="0.25" y="-3.625" z="0.25"/>
        </Position>
        <Normal>3</Normal>
        <TextureCoord>
          <Vector2 x="0.244791671634" y="0.953125"/>
        </TextureCoord>
      </VertexPositionNormalTextureInstance>
      <VertexPositionNormalTextureInstance>
        <Position>
          <Vector3 x="0.25" y="-3.625" z="-0.25"/>
        </Position>
        <Normal>3</Normal>
        <TextureCoord>
          <Vector2 x="0.255208343267" y="0.953125"/>
        </TextureCoord>
      </VertexPositionNormalTextureInstance>
      <VertexPositionNormalTextureInstance>
        <Position>
          <Vector3 x="-0.25" y="-3.6875" z="-0.25"/>
        </Position>
        <Normal>2</Normal>
        <TextureCoord>
          <Vector2 x="0.421875" y="0.9609375"/>
        </TextureCoord>
      </VertexPositionNormalTextureInstance>
      <VertexPositionNormalTextureInstance>
        <Position>
          <Vector3 x="-0.25" y="-3.625" z="-0.25"/>
        </Position>
        <Normal>2</Normal>
        <TextureCoord>
          <Vector2 x="0.421875" y="0.953125"/>
        </TextureCoord>
      </VertexPositionNormalTextureInstance>
      <VertexPositionNormalTextureInstance>
        <Position>
          <Vector3 x="0.25" y="-3.625" z="-0.25"/>
        </Position>
        <Normal>2</Normal>
        <TextureCoord>
          <Vector2 x="0.411458343267" y="0.953125"/>
        </TextureCoord>
      </VertexPositionNormalTextureInstance>
      <VertexPositionNormalTextureInstance>
        <Position>
          <Vector3 x="0.25" y="-3.6875" z="-0.25"/>
        </Position>
        <Normal>2</Normal>
        <TextureCoord>
          <Vector2 x="0.411458343267" y="0.9609375"/>
        </TextureCoord>
      </VertexPositionNormalTextureInstance>
      <VertexPositionNormalTextureInstance>
        <Position>
          <Vector3 x="-0.25" y="-3.6875" z="0.25"/>
        </Position>
        <Normal>5</Normal>
        <TextureCoord>
          <Vector2 x="0.078125" y="0.9609375"/>
        </TextureCoord>
      </VertexPositionNormalTextureInstance>
      <VertexPositionNormalTextureInstance>
        <Position>
          <Vector3 x="-0.25" y="-3.625" z="0.25"/>
        </Position>
        <Normal>5</Normal>
        <TextureCoord>
          <Vector2 x="0.078125" y="0.953125"/>
        </TextureCoord>
      </VertexPositionNormalTextureInstance>
      <VertexPositionNormalTextureInstance>
        <Position>
          <Vector3 x="0.25" y="-3.625" z="0.25"/>
        </Position>
        <Normal>5</Normal>
        <TextureCoord>
          <Vector2 x="0.0885416716337" y="0.953125"/>
        </TextureCoord>
      </VertexPositionNormalTextureInstance>
      <VertexPositionNormalTextureInstance>
        <Position>
          <Vector3 x="0.25" y="-3.6875" z="0.25"/>
        </Position>
        <Normal>5</Normal>
        <TextureCoord>
          <Vector2 x="0.0885416716337" y="0.9609375"/>
        </TextureCoord>
      </VertexPositionNormalTextureInstance>
      <VertexPositionNormalTextureInstance>
        <Position>
          <Vector3 x="-0.4375" y="-3.75" z="-0.4375"/>
        </Position>
        <Normal>2</Normal>
        <TextureCoord>
          <Vector2 x="0.42578125" y="0.96875"/>
        </TextureCoord>
      </VertexPositionNormalTextureInstance>
      <VertexPositionNormalTextureInstance>
        <Position>
          <Vector3 x="-0.4375" y="-3.6875" z="-0.4375"/>
        </Position>
        <Normal>2</Normal>
        <TextureCoord>
          <Vector2 x="0.42578125" y="0.9609375"/>
        </TextureCoord>
      </VertexPositionNormalTextureInstance>
      <VertexPositionNormalTextureInstance>
        <Position>
          <Vector3 x="0.4375" y="-3.6875" z="-0.4375"/>
        </Position>
        <Normal>2</Normal>
        <TextureCoord>
          <Vector2 x="0.407552093267" y="0.9609375"/>
        </TextureCoord>
      </VertexPositionNormalTextureInstance>
      <VertexPositionNormalTextureInstance>
        <Position>
          <Vector3 x="0.4375" y="-3.75" z="-0.4375"/>
        </Position>
        <Normal>2</Normal>
        <TextureCoord>
          <Vector2 x="0.407552093267" y="0.96875"/>
        </TextureCoord>
      </VertexPositionNormalTextureInstance>
      <VertexPositionNormalTextureInstance>
        <Position>
          <Vector3 x="-0.5" y="-3.8125" z="-0.5"/>
        </Position>
        <Normal>2</Normal>
        <TextureCoord>
          <Vector2 x="0.427083343267" y="0.9765625"/>
        </TextureCoord>
      </VertexPositionNormalTextureInstance>
      <VertexPositionNormalTextureInstance>
        <Position>
          <Vector3 x="-0.5" y="-3.75" z="-0.5"/>
        </Position>
        <Normal>2</Normal>
        <TextureCoord>
          <Vector2 x="0.427083343267" y="0.96875"/>
        </TextureCoord>
      </VertexPositionNormalTextureInstance>
      <VertexPositionNormalTextureInstance>
        <Position>
          <Vector3 x="0.5" y="-3.75" z="-0.5"/>
        </Position>
        <Normal>2</Normal>
        <TextureCoord>
          <Vector2 x="0.40625" y="0.96875"/>
        </TextureCoord>
      </VertexPositionNormalTextureInstance>
      <VertexPositionNormalTextureInstance>
        <Position>
          <Vector3 x="0.5" y="-3.8125" z="-0.5"/>
        </Position>
        <Normal>2</Normal>
        <TextureCoord>
          <Vector2 x="0.40625" y="0.9765625"/>
        </TextureCoord>
      </VertexPositionNormalTextureInstance>
      <VertexPositionNormalTextureInstance>
        <Position>
          <Vector3 x="-0.4375" y="-3.75" z="0.4375"/>
        </Position>
        <Normal>5</Normal>
        <TextureCoord>
          <Vector2 x="0.07421875" y="0.96875"/>
        </TextureCoord>
      </VertexPositionNormalTextureInstance>
      <VertexPositionNormalTextureInstance>
        <Position>
          <Vector3 x="-0.4375" y="-3.6875" z="0.4375"/>
        </Position>
        <Normal>5</Normal>
        <TextureCoord>
          <Vector2 x="0.07421875" y="0.9609375"/>
        </TextureCoord>
      </VertexPositionNormalTextureInstance>
      <VertexPositionNormalTextureInstance>
        <Position>
          <Vector3 x="0.4375" y="-3.6875" z="0.4375"/>
        </Position>
        <Normal>5</Normal>
        <TextureCoord>
          <Vector2 x="0.0924479216337" y="0.9609375"/>
        </TextureCoord>
      </VertexPositionNormalTextureInstance>
      <VertexPositionNormalTextureInstance>
        <Position>
          <Vector3 x="0.4375" y="-3.75" z="0.4375"/>
        </Position>
        <Normal>5</Normal>
        <TextureCoord>
          <Vector2 x="0.0924479216337" y="0.96875"/>
        </TextureCoord>
      </VertexPositionNormalTextureInstance>
      <VertexPositionNormalTextureInstance>
        <Position>
          <Vector3 x="-0.5" y="-3.8125" z="0.5"/>
        </Position>
        <Normal>5</Normal>
        <TextureCoord>
          <Vector2 x="0.0729166716337" y="0.9765625"/>
        </TextureCoord>
      </VertexPositionNormalTextureInstance>
      <VertexPositionNormalTextureInstance>
        <Position>
          <Vector3 x="-0.5" y="-3.75" z="0.5"/>
        </Position>
        <Normal>5</Normal>
        <TextureCoord>
          <Vector2 x="0.0729166716337" y="0.96875"/>
        </TextureCoord>
      </VertexPositionNormalTextureInstance>
      <VertexPositionNormalTextureInstance>
        <Position>
          <Vector3 x="0.5" y="-3.75" z="0.5"/>
        </Position>
        <Normal>5</Normal>
        <TextureCoord>
          <Vector2 x="0.09375" y="0.96875"/>
        </TextureCoord>
      </VertexPositionNormalTextureInstance>
      <VertexPositionNormalTextureInstance>
        <Position>
          <Vector3 x="0.5" y="-3.8125" z="0.5"/>
        </Position>
        <Normal>5</Normal>
        <TextureCoord>
          <Vector2 x="0.09375" y="0.9765625"/>
        </TextureCoord>
      </VertexPositionNormalTextureInstance>
    </Vertices>
    <Indices>
      <Index>0</Index>
      <Index>2</Index>
      <Index>1</Index>
      <Index>0</Index>
      <Index>3</Index>
      <Index>2</Index>
      <Index>4</Index>
      <Index>5</Index>
      <Index>6</Index>
      <Index>4</Index>
      <Index>6</Index>
      <Index>7</Index>
      <Index>8</Index>
      <Index>10</Index>
      <Index>9</Index>
      <Index>8</Index>
      <Index>11</Index>
      <Index>10</Index>
      <Index>12</Index>
      <Index>14</Index>
      <Index>13</Index>
      <Index>12</Index>
      <Index>15</Index>
      <Index>14</Index>
      <Index>16</Index>
      <Index>17</Index>
      <Index>18</Index>
      <Index>16</Index>
      <Index>18</Index>
      <Index>19</Index>
      <Index>20</Index>
      <Index>21</Index>
      <Index>22</Index>
      <Index>20</Index>
      <Index>22</Index>
      <Index>23</Index>
      <Index>24</Index>
      <Index>25</Index>
      <Index>26</Index>
      <Index>24</Index>
      <Index>26</Index>
      <Index>27</Index>
      <Index>28</Index>
      <Index>29</Index>
      <Index>30</Index>
      <Index>28</Index>
      <Index>30</Index>
      <Index>31</Index>
      <Index>32</Index>
      <Index>34</Index>
      <Index>33</Index>
      <Index>32</Index>
      <Index>35</Index>
      <Index>34</Index>
      <Index>36</Index>
      <Index>38</Index>
      <Index>37</Index>
      <Index>36</Index>
      <Index>39</Index>
      <Index>38</Index>
      <Index>40</Index>
      <Index>42</Index>
      <Index>41</Index>
      <Index>40</Index>
      <Index>43</Index>
      <Index>42</Index>
      <Index>44</Index>
      <Index>46</Index>
      <Index>45</Index>
      <Index>44</Index>
      <Index>47</Index>
      <Index>46</Index>
      <Index>41</Index>
      <Index>48</Index>
      <Index>44</Index>
      <Index>41</Index>
      <Index>49</Index>
      <Index>48</Index>
      <Index>50</Index>
      <Index>47</Index>
      <Index>51</Index>
      <Index>50</Index>
      <Index>42</Index>
      <Index>47</Index>
      <Index>52</Index>
      <Index>53</Index>
      <Index>54</Index>
      <Index>52</Index>
      <Index>54</Index>
      <Index>55</Index>
      <Index>56</Index>
      <Index>57</Index>
      <Index>58</Index>
      <Index>56</Index>
      <Index>58</Index>
      <Index>59</Index>
      <Index>60</Index>
      <Index>61</Index>
      <Index>62</Index>
      <Index>60</Index>
      <Index>62</Index>
      <Index>63</Index>
      <Index>57</Index>
      <Index>60</Index>
      <Index>64</Index>
      <Index>57</Index>
      <Index>64</Index>
      <Index>65</Index>
      <Index>66</Index>
      <Index>67</Index>
      <Index>63</Index>
      <Index>66</Index>
      <Index>63</Index>
      <Index>58</Index>
      <Index>68</Index>
      <Index>70</Index>
      <Index>69</Index>
      <Index>68</Index>
      <Index>71</Index>
      <Index>70</Index>
      <Index>72</Index>
      <Index>73</Index>
      <Index>74</Index>
      <Index>72</Index>
      <Index>74</Index>
      <Index>75</Index>
      <Index>76</Index>
      <Index>78</Index>
      <Index>77</Index>
      <Index>76</Index>
      <Index>79</Index>
      <Index>78</Index>
      <Index>80</Index>
      <Index>82</Index>
      <Index>81</Index>
      <Index>80</Index>
      <Index>83</Index>
      <Index>82</Index>
      <Index>84</Index>
      <Index>86</Index>
      <Index>85</Index>
      <Index>84</Index>
      <Index>87</Index>
      <Index>86</Index>
      <Index>81</Index>
      <Index>88</Index>
      <Index>84</Index>
      <Index>81</Index>
      <Index>89</Index>
      <Index>88</Index>
      <Index>90</Index>
      <Index>87</Index>
      <Index>91</Index>
      <Index>90</Index>
      <Index>82</Index>
      <Index>87</Index>
      <Index>92</Index>
      <Index>93</Index>
      <Index>94</Index>
      <Index>92</Index>
      <Index>94</Index>
      <Index>95</Index>
      <Index>96</Index>
      <Index>98</Index>
      <Index>97</Index>
      <Index>96</Index>
      <Index>99</Index>
      <Index>98</Index>
      <Index>100</Index>
      <Index>102</Index>
      <Index>101</Index>
      <Index>100</Index>
      <Index>103</Index>
      <Index>102</Index>
      <Index>104</Index>
      <Index>106</Index>
      <Index>105</Index>
      <Index>104</Index>
      <Index>107</Index>
      <Index>106</Index>
      <Index>101</Index>
      <Index>108</Index>
      <Index>104</Index>
      <Index>101</Index>
      <Index>109</Index>
      <Index>108</Index>
      <Index>110</Index>
      <Index>107</Index>
      <Index>111</Index>
      <Index>110</Index>
      <Index>102</Index>
      <Index>107</Index>
      <Index>112</Index>
      <Index>113</Index>
      <Index>114</Index>
      <Index>112</Index>
      <Index>114</Index>
      <Index>115</Index>
      <Index>116</Index>
      <Index>118</Index>
      <Index>117</Index>
      <Index>116</Index>
      <Index>119</Index>
      <Index>118</Index>
      <Index>120</Index>
      <Index>121</Index>
      <Index>122</Index>
      <Index>120</Index>
      <Index>122</Index>
      <Index>123</Index>
      <Index>124</Index>
      <Index>125</Index>
      <Index>126</Index>
      <Index>124</Index>
      <Index>126</Index>
      <Index>127</Index>
      <Index>128</Index>
      <Index>129</Index>
      <Index>130</Index>
      <Index>128</Index>
      <Index>130</Index>
      <Index>131</Index>
      <Index>132</Index>
      <Index>133</Index>
      <Index>134</Index>
      <Index>132</Index>
      <Index>134</Index>
      <Index>135</Index>
      <Index>136</Index>
      <Index>137</Index>
      <Index>135</Index>
      <Index>136</Index>
      <Index>135</Index>
      <Index>130</Index>
      <Index>129</Index>
      <Index>132</Index>
      <Index>138</Index>
      <Index>129</Index>
      <Index>138</Index>
      <Index>139</Index>
      <Index>140</Index>
      <Index>141</Index>
      <Index>142</Index>
      <Index>140</Index>
      <Index>142</Index>
      <Index>143</Index>
      <Index>144</Index>
      <Index>146</Index>
      <Index>145</Index>
      <Index>144</Index>
      <Index>147</Index>
      <Index>146</Index>
      <Index>148</Index>
      <Index>150</Index>
      <Index>149</Index>
      <Index>148</Index>
      <Index>151</Index>
      <Index>150</Index>
      <Index>152</Index>
      <Index>154</Index>
      <Index>153</Index>
      <Index>152</Index>
      <Index>155</Index>
      <Index>154</Index>
      <Index>156</Index>
      <Index>157</Index>
      <Index>158</Index>
      <Index>156</Index>
      <Index>158</Index>
      <Index>159</Index>
      <Index>160</Index>
      <Index>162</Index>
      <Index>161</Index>
      <Index>160</Index>
      <Index>163</Index>
      <Index>162</Index>
      <Index>164</Index>
      <Index>166</Index>
      <Index>165</Index>
      <Index>164</Index>
      <Index>167</Index>
      <Index>166</Index>
      <Index>168</Index>
      <Index>169</Index>
      <Index>170</Index>
      <Index>168</Index>
      <Index>170</Index>
      <Index>171</Index>
      <Index>172</Index>
      <Index>173</Index>
      <Index>174</Index>
      <Index>172</Index>
      <Index>174</Index>
      <Index>175</Index>
      <Index>169</Index>
      <Index>172</Index>
      <Index>176</Index>
      <Index>169</Index>
      <Index>176</Index>
      <Index>177</Index>
      <Index>178</Index>
      <Index>179</Index>
      <Index>175</Index>
      <Index>178</Index>
      <Index>175</Index>
      <Index>170</Index>
      <Index>180</Index>
      <Index>181</Index>
      <Index>182</Index>
      <Index>180</Index>
      <Index>182</Index>
      <Index>183</Index>
      <Index>184</Index>
      <Index>186</Index>
      <Index>185</Index>
      <Index>184</Index>
      <Index>187</Index>
      <Index>186</Index>
      <Index>188</Index>
      <Index>189</Index>
      <Index>190</Index>
      <Index>188</Index>
      <Index>190</Index>
      <Index>191</Index>
      <Index>192</Index>
      <Index>193</Index>
      <Index>194</Index>
      <Index>192</Index>
      <Index>194</Index>
      <Index>195</Index>
      <Index>196</Index>
      <Index>197</Index>
      <Index>195</Index>
      <Index>196</Index>
      <Index>195</Index>
      <Index>190</Index>
      <Index>189</Index>
      <Index>192</Index>
      <Index>198</Index>
      <Index>189</Index>
      <Index>198</Index>
      <Index>199</Index>
      <Index>200</Index>
      <Index>201</Index>
      <Index>202</Index>
      <Index>200</Index>
      <Index>202</Index>
      <Index>203</Index>
      <Index>204</Index>
      <Index>206</Index>
      <Index>205</Index>
      <Index>204</Index>
      <Index>207</Index>
      <Index>206</Index>
      <Index>208</Index>
      <Index>210</Index>
      <Index>209</Index>
      <Index>208</Index>
      <Index>211</Index>
      <Index>210</Index>
      <Index>212</Index>
      <Index>214</Index>
      <Index>213</Index>
      <Index>212</Index>
      <Index>215</Index>
      <Index>214</Index>
      <Index>209</Index>
      <Index>216</Index>
      <Index>212</Index>
      <Index>209</Index>
      <Index>217</Index>
      <Index>216</Index>
      <Index>218</Index>
      <Index>215</Index>
      <Index>219</Index>
      <Index>218</Index>
      <Index>210</Index>
      <Index>215</Index>
      <Index>220</Index>
      <Index>221</Index>
      <Index>222</Index>
      <Index>220</Index>
      <Index>222</Index>
      <Index>223</Index>
      <Index>224</Index>
      <Index>226</Index>
      <Index>225</Index>
      <Index>224</Index>
      <Index>227</Index>
      <Index>226</Index>
      <Index>228</Index>
      <Index>229</Index>
      <Index>230</Index>
      <Index>228</Index>
      <Index>230</Index>
      <Index>231</Index>
      <Index>232</Index>
      <Index>234</Index>
      <Index>233</Index>
      <Index>232</Index>
      <Index>235</Index>
      <Index>234</Index>
      <Index>236</Index>
      <Index>238</Index>
      <Index>237</Index>
      <Index>236</Index>
      <Index>239</Index>
      <Index>238</Index>
      <Index>240</Index>
      <Index>241</Index>
      <Index>242</Index>
      <Index>240</Index>
      <Index>242</Index>
      <Index>243</Index>
      <Index>244</Index>
      <Index>245</Index>
      <Index>246</Index>
      <Index>244</Index>
      <Index>246</Index>
      <Index>247</Index>
    </Indices>
  </ShaderInstancedIndexedPrimitives>
</ArtObject>
