<?xml version='1.0' encoding='UTF-8'?>
<ArtObject name="HEX_BASEAO" noSilhouette="False" actorType="None">
  <Size>
    <Vector3 x="8.0" y="8.0" z="8.0"/>
  </Size>
  <ShaderInstancedIndexedPrimitives type="TriangleList">
    <Vertices>
      <VertexPositionNormalTextureInstance>
        <Position>
          <Vector3 x="-2.5" y="-4.0" z="-2.5"/>
        </Position>
        <Normal>1</Normal>
        <TextureCoord>
          <Vector2 x="0.86458337307" y="0.8125"/>
        </TextureCoord>
      </VertexPositionNormalTextureInstance>
      <VertexPositionNormalTextureInstance>
        <Position>
          <Vector3 x="2.5" y="-4.0" z="-2.5"/>
        </Position>
        <Normal>1</Normal>
        <TextureCoord>
          <Vector2 x="0.96875" y="0.8125"/>
        </TextureCoord>
      </VertexPositionNormalTextureInstance>
      <VertexPositionNormalTextureInstance>
        <Position>
          <Vector3 x="2.5" y="-4.0" z="2.5"/>
        </Position>
        <Normal>1</Normal>
        <TextureCoord>
          <Vector2 x="0.96875" y="0.1875"/>
        </TextureCoord>
      </VertexPositionNormalTextureInstance>
      <VertexPositionNormalTextureInstance>
        <Position>
          <Vector3 x="-2.5" y="-4.0" z="2.5"/>
        </Position>
        <Normal>1</Normal>
        <TextureCoord>
          <Vector2 x="0.86458337307" y="0.1875"/>
        </TextureCoord>
      </VertexPositionNormalTextureInstance>
      <VertexPositionNormalTextureInstance>
        <Position>
          <Vector3 x="-2.4375" y="-4.0" z="-2.5"/>
        </Position>
        <Normal>2</Normal>
        <TextureCoord>
          <Vector2 x="0.467447936535" y="1.0"/>
        </TextureCoord>
      </VertexPositionNormalTextureInstance>
      <VertexPositionNormalTextureInstance>
        <Position>
          <Vector3 x="-2.4375" y="-3.0" z="-2.5"/>
        </Position>
        <Normal>2</Normal>
        <TextureCoord>
          <Vector2 x="0.467447936535" y="0.875"/>
        </TextureCoord>
      </VertexPositionNormalTextureInstance>
      <VertexPositionNormalTextureInstance>
        <Position>
          <Vector3 x="2.4375" y="-3.0" z="-2.5"/>
        </Position>
        <Normal>2</Normal>
        <TextureCoord>
          <Vector2 x="0.365885436535" y="0.875"/>
        </TextureCoord>
      </VertexPositionNormalTextureInstance>
      <VertexPositionNormalTextureInstance>
        <Position>
          <Vector3 x="2.4375" y="-4.0" z="-2.5"/>
        </Position>
        <Normal>2</Normal>
        <TextureCoord>
          <Vector2 x="0.365885436535" y="1.0"/>
        </TextureCoord>
      </VertexPositionNormalTextureInstance>
      <VertexPositionNormalTextureInstance>
        <Position>
          <Vector3 x="-2.5" y="-4.0" z="-2.5"/>
        </Position>
        <Normal>2</Normal>
        <TextureCoord>
          <Vector2 x="0.46875" y="1.0"/>
        </TextureCoord>
      </VertexPositionNormalTextureInstance>
      <VertexPositionNormalTextureInstance>
        <Position>
          <Vector3 x="-2.5" y="-3.8125" z="-2.5"/>
        </Position>
        <Normal>2</Normal>
        <TextureCoord>
          <Vector2 x="0.46875" y="0.9765625"/>
        </TextureCoord>
      </VertexPositionNormalTextureInstance>
      <VertexPositionNormalTextureInstance>
        <Position>
          <Vector3 x="-2.4375" y="-3.8125" z="-2.5"/>
        </Position>
        <Normal>2</Normal>
        <TextureCoord>
          <Vector2 x="0.467447936535" y="0.9765625"/>
        </TextureCoord>
      </VertexPositionNormalTextureInstance>
      <VertexPositionNormalTextureInstance>
        <Position>
          <Vector3 x="2.4375" y="-3.8125" z="-2.5"/>
        </Position>
        <Normal>2</Normal>
        <TextureCoord>
          <Vector2 x="0.365885436535" y="0.9765625"/>
        </TextureCoord>
      </VertexPositionNormalTextureInstance>
      <VertexPositionNormalTextureInstance>
        <Position>
          <Vector3 x="2.5" y="-3.8125" z="-2.5"/>
        </Position>
        <Normal>2</Normal>
        <TextureCoord>
          <Vector2 x="0.364583343267" y="0.9765625"/>
        </TextureCoord>
      </VertexPositionNormalTextureInstance>
      <VertexPositionNormalTextureInstance>
        <Position>
          <Vector3 x="2.5" y="-4.0" z="-2.5"/>
        </Position>
        <Normal>2</Normal>
        <TextureCoord>
          <Vector2 x="0.364583343267" y="1.0"/>
        </TextureCoord>
      </VertexPositionNormalTextureInstance>
      <VertexPositionNormalTextureInstance>
        <Position>
          <Vector3 x="-2.5" y="-3.6875" z="-2.5"/>
        </Position>
        <Normal>2</Normal>
        <TextureCoord>
          <Vector2 x="0.46875" y="0.9609375"/>
        </TextureCoord>
      </VertexPositionNormalTextureInstance>
      <VertexPositionNormalTextureInstance>
        <Position>
          <Vector3 x="-2.5" y="-3.5625" z="-2.5"/>
        </Position>
        <Normal>2</Normal>
        <TextureCoord>
          <Vector2 x="0.46875" y="0.9453125"/>
        </TextureCoord>
      </VertexPositionNormalTextureInstance>
      <VertexPositionNormalTextureInstance>
        <Position>
          <Vector3 x="-2.4375" y="-3.5625" z="-2.5"/>
        </Position>
        <Normal>2</Normal>
        <TextureCoord>
          <Vector2 x="0.467447936535" y="0.9453125"/>
        </TextureCoord>
      </VertexPositionNormalTextureInstance>
      <VertexPositionNormalTextureInstance>
        <Position>
          <Vector3 x="-2.4375" y="-3.6875" z="-2.5"/>
        </Position>
        <Normal>2</Normal>
        <TextureCoord>
          <Vector2 x="0.467447936535" y="0.9609375"/>
        </TextureCoord>
      </VertexPositionNormalTextureInstance>
      <VertexPositionNormalTextureInstance>
        <Position>
          <Vector3 x="2.4375" y="-3.6875" z="-2.5"/>
        </Position>
        <Normal>2</Normal>
        <TextureCoord>
          <Vector2 x="0.365885436535" y="0.9609375"/>
        </TextureCoord>
      </VertexPositionNormalTextureInstance>
      <VertexPositionNormalTextureInstance>
        <Position>
          <Vector3 x="2.4375" y="-3.5625" z="-2.5"/>
        </Position>
        <Normal>2</Normal>
        <TextureCoord>
          <Vector2 x="0.365885436535" y="0.9453125"/>
        </TextureCoord>
      </VertexPositionNormalTextureInstance>
      <VertexPositionNormalTextureInstance>
        <Position>
          <Vector3 x="2.5" y="-3.5625" z="-2.5"/>
        </Position>
        <Normal>2</Normal>
        <TextureCoord>
          <Vector2 x="0.364583343267" y="0.9453125"/>
        </TextureCoord>
      </VertexPositionNormalTextureInstance>
      <VertexPositionNormalTextureInstance>
        <Position>
          <Vector3 x="2.5" y="-3.6875" z="-2.5"/>
        </Position>
        <Normal>2</Normal>
        <TextureCoord>
          <Vector2 x="0.364583343267" y="0.9609375"/>
        </TextureCoord>
      </VertexPositionNormalTextureInstance>
      <VertexPositionNormalTextureInstance>
        <Position>
          <Vector3 x="-2.5" y="-3.4375" z="-2.5"/>
        </Position>
        <Normal>2</Normal>
        <TextureCoord>
          <Vector2 x="0.46875" y="0.9296875"/>
        </TextureCoord>
      </VertexPositionNormalTextureInstance>
      <VertexPositionNormalTextureInstance>
        <Position>
          <Vector3 x="-2.5" y="-3.0" z="-2.5"/>
        </Position>
        <Normal>2</Normal>
        <TextureCoord>
          <Vector2 x="0.46875" y="0.875"/>
        </TextureCoord>
      </VertexPositionNormalTextureInstance>
      <VertexPositionNormalTextureInstance>
        <Position>
          <Vector3 x="-2.4375" y="-3.4375" z="-2.5"/>
        </Position>
        <Normal>2</Normal>
        <TextureCoord>
          <Vector2 x="0.467447936535" y="0.9296875"/>
        </TextureCoord>
      </VertexPositionNormalTextureInstance>
      <VertexPositionNormalTextureInstance>
        <Position>
          <Vector3 x="2.4375" y="-3.4375" z="-2.5"/>
        </Position>
        <Normal>2</Normal>
        <TextureCoord>
          <Vector2 x="0.365885436535" y="0.9296875"/>
        </TextureCoord>
      </VertexPositionNormalTextureInstance>
      <VertexPositionNormalTextureInstance>
        <Position>
          <Vector3 x="2.5" y="-3.0" z="-2.5"/>
        </Position>
        <Normal>2</Normal>
        <TextureCoord>
          <Vector2 x="0.364583343267" y="0.875"/>
        </TextureCoord>
      </VertexPositionNormalTextureInstance>
      <VertexPositionNormalTextureInstance>
        <Position>
          <Vector3 x="2.5" y="-3.4375" z="-2.5"/>
        </Position>
        <Normal>2</Normal>
        <TextureCoord>
          <Vector2 x="0.364583343267" y="0.9296875"/>
        </TextureCoord>
      </VertexPositionNormalTextureInstance>
      <VertexPositionNormalTextureInstance>
        <Position>
          <Vector3 x="-2.5" y="-4.0" z="-2.4375"/>
        </Position>
        <Normal>0</Normal>
        <TextureCoord>
          <Vector2 x="0.53255212307" y="1.0"/>
        </TextureCoord>
      </VertexPositionNormalTextureInstance>
      <VertexPositionNormalTextureInstance>
        <Position>
          <Vector3 x="-2.5" y="-4.0" z="2.4375"/>
        </Position>
        <Normal>0</Normal>
        <TextureCoord>
          <Vector2 x="0.63411462307" y="1.0"/>
        </TextureCoord>
      </VertexPositionNormalTextureInstance>
      <VertexPositionNormalTextureInstance>
        <Position>
          <Vector3 x="-2.5" y="-3.0" z="2.4375"/>
        </Position>
        <Normal>0</Normal>
        <TextureCoord>
          <Vector2 x="0.63411462307" y="0.875"/>
        </TextureCoord>
      </VertexPositionNormalTextureInstance>
      <VertexPositionNormalTextureInstance>
        <Position>
          <Vector3 x="-2.5" y="-3.0" z="-2.4375"/>
        </Position>
        <Normal>0</Normal>
        <TextureCoord>
          <Vector2 x="0.53255212307" y="0.875"/>
        </TextureCoord>
      </VertexPositionNormalTextureInstance>
      <VertexPositionNormalTextureInstance>
        <Position>
          <Vector3 x="-2.5" y="-4.0" z="-2.5"/>
        </Position>
        <Normal>0</Normal>
        <TextureCoord>
          <Vector2 x="0.53125" y="1.0"/>
        </TextureCoord>
      </VertexPositionNormalTextureInstance>
      <VertexPositionNormalTextureInstance>
        <Position>
          <Vector3 x="-2.5" y="-3.8125" z="-2.4375"/>
        </Position>
        <Normal>0</Normal>
        <TextureCoord>
          <Vector2 x="0.53255212307" y="0.9765625"/>
        </TextureCoord>
      </VertexPositionNormalTextureInstance>
      <VertexPositionNormalTextureInstance>
        <Position>
          <Vector3 x="-2.5" y="-3.8125" z="-2.5"/>
        </Position>
        <Normal>0</Normal>
        <TextureCoord>
          <Vector2 x="0.53125" y="0.9765625"/>
        </TextureCoord>
      </VertexPositionNormalTextureInstance>
      <VertexPositionNormalTextureInstance>
        <Position>
          <Vector3 x="-2.5" y="-3.6875" z="-2.5"/>
        </Position>
        <Normal>0</Normal>
        <TextureCoord>
          <Vector2 x="0.53125" y="0.9609375"/>
        </TextureCoord>
      </VertexPositionNormalTextureInstance>
      <VertexPositionNormalTextureInstance>
        <Position>
          <Vector3 x="-2.5" y="-3.6875" z="-2.4375"/>
        </Position>
        <Normal>0</Normal>
        <TextureCoord>
          <Vector2 x="0.53255212307" y="0.9609375"/>
        </TextureCoord>
      </VertexPositionNormalTextureInstance>
      <VertexPositionNormalTextureInstance>
        <Position>
          <Vector3 x="-2.5" y="-3.5625" z="-2.4375"/>
        </Position>
        <Normal>0</Normal>
        <TextureCoord>
          <Vector2 x="0.53255212307" y="0.9453125"/>
        </TextureCoord>
      </VertexPositionNormalTextureInstance>
      <VertexPositionNormalTextureInstance>
        <Position>
          <Vector3 x="-2.5" y="-3.5625" z="-2.5"/>
        </Position>
        <Normal>0</Normal>
        <TextureCoord>
          <Vector2 x="0.53125" y="0.9453125"/>
        </TextureCoord>
      </VertexPositionNormalTextureInstance>
      <VertexPositionNormalTextureInstance>
        <Position>
          <Vector3 x="-2.5" y="-3.4375" z="-2.5"/>
        </Position>
        <Normal>0</Normal>
        <TextureCoord>
          <Vector2 x="0.53125" y="0.9296875"/>
        </TextureCoord>
      </VertexPositionNormalTextureInstance>
      <VertexPositionNormalTextureInstance>
        <Position>
          <Vector3 x="-2.5" y="-3.4375" z="-2.4375"/>
        </Position>
        <Normal>0</Normal>
        <TextureCoord>
          <Vector2 x="0.53255212307" y="0.9296875"/>
        </TextureCoord>
      </VertexPositionNormalTextureInstance>
      <VertexPositionNormalTextureInstance>
        <Position>
          <Vector3 x="-2.5" y="-3.0" z="-2.5"/>
        </Position>
        <Normal>0</Normal>
        <TextureCoord>
          <Vector2 x="0.53125" y="0.875"/>
        </TextureCoord>
      </VertexPositionNormalTextureInstance>
      <VertexPositionNormalTextureInstance>
        <Position>
          <Vector3 x="-2.5" y="-4.0" z="2.5"/>
        </Position>
        <Normal>0</Normal>
        <TextureCoord>
          <Vector2 x="0.635416686535" y="1.0"/>
        </TextureCoord>
      </VertexPositionNormalTextureInstance>
      <VertexPositionNormalTextureInstance>
        <Position>
          <Vector3 x="-2.5" y="-3.8125" z="2.5"/>
        </Position>
        <Normal>0</Normal>
        <TextureCoord>
          <Vector2 x="0.635416686535" y="0.9765625"/>
        </TextureCoord>
      </VertexPositionNormalTextureInstance>
      <VertexPositionNormalTextureInstance>
        <Position>
          <Vector3 x="-2.5" y="-3.8125" z="2.4375"/>
        </Position>
        <Normal>0</Normal>
        <TextureCoord>
          <Vector2 x="0.63411462307" y="0.9765625"/>
        </TextureCoord>
      </VertexPositionNormalTextureInstance>
      <VertexPositionNormalTextureInstance>
        <Position>
          <Vector3 x="-2.5" y="-3.6875" z="2.4375"/>
        </Position>
        <Normal>0</Normal>
        <TextureCoord>
          <Vector2 x="0.63411462307" y="0.9609375"/>
        </TextureCoord>
      </VertexPositionNormalTextureInstance>
      <VertexPositionNormalTextureInstance>
        <Position>
          <Vector3 x="-2.5" y="-3.6875" z="2.5"/>
        </Position>
        <Normal>0</Normal>
        <TextureCoord>
          <Vector2 x="0.635416686535" y="0.9609375"/>
        </TextureCoord>
      </VertexPositionNormalTextureInstance>
      <VertexPositionNormalTextureInstance>
        <Position>
          <Vector3 x="-2.5" y="-3.5625" z="2.5"/>
        </Position>
        <Normal>0</Normal>
        <TextureCoord>
          <Vector2 x="0.635416686535" y="0.9453125"/>
        </TextureCoord>
      </VertexPositionNormalTextureInstance>
      <VertexPositionNormalTextureInstance>
        <Position>
          <Vector3 x="-2.5" y="-3.5625" z="2.4375"/>
        </Position>
        <Normal>0</Normal>
        <TextureCoord>
          <Vector2 x="0.63411462307" y="0.9453125"/>
        </TextureCoord>
      </VertexPositionNormalTextureInstance>
      <VertexPositionNormalTextureInstance>
        <Position>
          <Vector3 x="-2.5" y="-3.4375" z="2.4375"/>
        </Position>
        <Normal>0</Normal>
        <TextureCoord>
          <Vector2 x="0.63411462307" y="0.9296875"/>
        </TextureCoord>
      </VertexPositionNormalTextureInstance>
      <VertexPositionNormalTextureInstance>
        <Position>
          <Vector3 x="-2.5" y="-3.4375" z="2.5"/>
        </Position>
        <Normal>0</Normal>
        <TextureCoord>
          <Vector2 x="0.635416686535" y="0.9296875"/>
        </TextureCoord>
      </VertexPositionNormalTextureInstance>
      <VertexPositionNormalTextureInstance>
        <Position>
          <Vector3 x="-2.5" y="-3.0" z="2.5"/>
        </Position>
        <Normal>0</Normal>
        <TextureCoord>
          <Vector2 x="0.635416686535" y="0.875"/>
        </TextureCoord>
      </VertexPositionNormalTextureInstance>
      <VertexPositionNormalTextureInstance>
        <Position>
          <Vector3 x="-2.4375" y="-4.0" z="2.5"/>
        </Position>
        <Normal>5</Normal>
        <TextureCoord>
          <Vector2 x="0.0325520858169" y="1.0"/>
        </TextureCoord>
      </VertexPositionNormalTextureInstance>
      <VertexPositionNormalTextureInstance>
        <Position>
          <Vector3 x="-2.4375" y="-3.0" z="2.5"/>
        </Position>
        <Normal>5</Normal>
        <TextureCoord>
          <Vector2 x="0.0325520858169" y="0.875"/>
        </TextureCoord>
      </VertexPositionNormalTextureInstance>
      <VertexPositionNormalTextureInstance>
        <Position>
          <Vector3 x="2.4375" y="-3.0" z="2.5"/>
        </Position>
        <Normal>5</Normal>
        <TextureCoord>
          <Vector2 x="0.134114593267" y="0.875"/>
        </TextureCoord>
      </VertexPositionNormalTextureInstance>
      <VertexPositionNormalTextureInstance>
        <Position>
          <Vector3 x="2.4375" y="-4.0" z="2.5"/>
        </Position>
        <Normal>5</Normal>
        <TextureCoord>
          <Vector2 x="0.134114593267" y="1.0"/>
        </TextureCoord>
      </VertexPositionNormalTextureInstance>
      <VertexPositionNormalTextureInstance>
        <Position>
          <Vector3 x="-2.5" y="-4.0" z="2.5"/>
        </Position>
        <Normal>5</Normal>
        <TextureCoord>
          <Vector2 x="0.03125" y="1.0"/>
        </TextureCoord>
      </VertexPositionNormalTextureInstance>
      <VertexPositionNormalTextureInstance>
        <Position>
          <Vector3 x="-2.5" y="-3.8125" z="2.5"/>
        </Position>
        <Normal>5</Normal>
        <TextureCoord>
          <Vector2 x="0.03125" y="0.9765625"/>
        </TextureCoord>
      </VertexPositionNormalTextureInstance>
      <VertexPositionNormalTextureInstance>
        <Position>
          <Vector3 x="-2.4375" y="-3.8125" z="2.5"/>
        </Position>
        <Normal>5</Normal>
        <TextureCoord>
          <Vector2 x="0.0325520858169" y="0.9765625"/>
        </TextureCoord>
      </VertexPositionNormalTextureInstance>
      <VertexPositionNormalTextureInstance>
        <Position>
          <Vector3 x="2.4375" y="-3.8125" z="2.5"/>
        </Position>
        <Normal>5</Normal>
        <TextureCoord>
          <Vector2 x="0.134114593267" y="0.9765625"/>
        </TextureCoord>
      </VertexPositionNormalTextureInstance>
      <VertexPositionNormalTextureInstance>
        <Position>
          <Vector3 x="2.5" y="-3.8125" z="2.5"/>
        </Position>
        <Normal>5</Normal>
        <TextureCoord>
          <Vector2 x="0.135416671634" y="0.9765625"/>
        </TextureCoord>
      </VertexPositionNormalTextureInstance>
      <VertexPositionNormalTextureInstance>
        <Position>
          <Vector3 x="2.5" y="-4.0" z="2.5"/>
        </Position>
        <Normal>5</Normal>
        <TextureCoord>
          <Vector2 x="0.135416671634" y="1.0"/>
        </TextureCoord>
      </VertexPositionNormalTextureInstance>
      <VertexPositionNormalTextureInstance>
        <Position>
          <Vector3 x="-2.5" y="-3.6875" z="2.5"/>
        </Position>
        <Normal>5</Normal>
        <TextureCoord>
          <Vector2 x="0.03125" y="0.9609375"/>
        </TextureCoord>
      </VertexPositionNormalTextureInstance>
      <VertexPositionNormalTextureInstance>
        <Position>
          <Vector3 x="-2.5" y="-3.5625" z="2.5"/>
        </Position>
        <Normal>5</Normal>
        <TextureCoord>
          <Vector2 x="0.03125" y="0.9453125"/>
        </TextureCoord>
      </VertexPositionNormalTextureInstance>
      <VertexPositionNormalTextureInstance>
        <Position>
          <Vector3 x="-2.4375" y="-3.5625" z="2.5"/>
        </Position>
        <Normal>5</Normal>
        <TextureCoord>
          <Vector2 x="0.0325520858169" y="0.9453125"/>
        </TextureCoord>
      </VertexPositionNormalTextureInstance>
      <VertexPositionNormalTextureInstance>
        <Position>
          <Vector3 x="-2.4375" y="-3.6875" z="2.5"/>
        </Position>
        <Normal>5</Normal>
        <TextureCoord>
          <Vector2 x="0.0325520858169" y="0.9609375"/>
        </TextureCoord>
      </VertexPositionNormalTextureInstance>
      <VertexPositionNormalTextureInstance>
        <Position>
          <Vector3 x="2.4375" y="-3.6875" z="2.5"/>
        </Position>
        <Normal>5</Normal>
        <TextureCoord>
          <Vector2 x="0.134114593267" y="0.9609375"/>
        </TextureCoord>
      </VertexPositionNormalTextureInstance>
      <VertexPositionNormalTextureInstance>
        <Position>
          <Vector3 x="2.4375" y="-3.5625" z="2.5"/>
        </Position>
        <Normal>5</Normal>
        <TextureCoord>
          <Vector2 x="0.134114593267" y="0.9453125"/>
        </TextureCoord>
      </VertexPositionNormalTextureInstance>
      <VertexPositionNormalTextureInstance>
        <Position>
          <Vector3 x="2.5" y="-3.5625" z="2.5"/>
        </Position>
        <Normal>5</Normal>
        <TextureCoord>
          <Vector2 x="0.135416671634" y="0.9453125"/>
        </TextureCoord>
      </VertexPositionNormalTextureInstance>
      <VertexPositionNormalTextureInstance>
        <Position>
          <Vector3 x="2.5" y="-3.6875" z="2.5"/>
        </Position>
        <Normal>5</Normal>
        <TextureCoord>
          <Vector2 x="0.135416671634" y="0.9609375"/>
        </TextureCoord>
      </VertexPositionNormalTextureInstance>
      <VertexPositionNormalTextureInstance>
        <Position>
          <Vector3 x="-2.5" y="-3.4375" z="2.5"/>
        </Position>
        <Normal>5</Normal>
        <TextureCoord>
          <Vector2 x="0.03125" y="0.9296875"/>
        </TextureCoord>
      </VertexPositionNormalTextureInstance>
      <VertexPositionNormalTextureInstance>
        <Position>
          <Vector3 x="-2.5" y="-3.0" z="2.5"/>
        </Position>
        <Normal>5</Normal>
        <TextureCoord>
          <Vector2 x="0.03125" y="0.875"/>
        </TextureCoord>
      </VertexPositionNormalTextureInstance>
      <VertexPositionNormalTextureInstance>
        <Position>
          <Vector3 x="-2.4375" y="-3.4375" z="2.5"/>
        </Position>
        <Normal>5</Normal>
        <TextureCoord>
          <Vector2 x="0.0325520858169" y="0.9296875"/>
        </TextureCoord>
      </VertexPositionNormalTextureInstance>
      <VertexPositionNormalTextureInstance>
        <Position>
          <Vector3 x="2.4375" y="-3.4375" z="2.5"/>
        </Position>
        <Normal>5</Normal>
        <TextureCoord>
          <Vector2 x="0.134114593267" y="0.9296875"/>
        </TextureCoord>
      </VertexPositionNormalTextureInstance>
      <VertexPositionNormalTextureInstance>
        <Position>
          <Vector3 x="2.5" y="-3.0" z="2.5"/>
        </Position>
        <Normal>5</Normal>
        <TextureCoord>
          <Vector2 x="0.135416671634" y="0.875"/>
        </TextureCoord>
      </VertexPositionNormalTextureInstance>
      <VertexPositionNormalTextureInstance>
        <Position>
          <Vector3 x="2.5" y="-3.4375" z="2.5"/>
        </Position>
        <Normal>5</Normal>
        <TextureCoord>
          <Vector2 x="0.135416671634" y="0.9296875"/>
        </TextureCoord>
      </VertexPositionNormalTextureInstance>
      <VertexPositionNormalTextureInstance>
        <Position>
          <Vector3 x="-2.5" y="-3.0" z="-2.5"/>
        </Position>
        <Normal>4</Normal>
        <TextureCoord>
          <Vector2 x="0.697916686535" y="0.1875"/>
        </TextureCoord>
      </VertexPositionNormalTextureInstance>
      <VertexPositionNormalTextureInstance>
        <Position>
          <Vector3 x="2.5" y="-3.0" z="-2.5"/>
        </Position>
        <Normal>4</Normal>
        <TextureCoord>
          <Vector2 x="0.80208337307" y="0.1875"/>
        </TextureCoord>
      </VertexPositionNormalTextureInstance>
      <VertexPositionNormalTextureInstance>
        <Position>
          <Vector3 x="2.5" y="-3.0" z="2.5"/>
        </Position>
        <Normal>4</Normal>
        <TextureCoord>
          <Vector2 x="0.80208337307" y="0.8125"/>
        </TextureCoord>
      </VertexPositionNormalTextureInstance>
      <VertexPositionNormalTextureInstance>
        <Position>
          <Vector3 x="-2.5" y="-3.0" z="2.5"/>
        </Position>
        <Normal>4</Normal>
        <TextureCoord>
          <Vector2 x="0.697916686535" y="0.8125"/>
        </TextureCoord>
      </VertexPositionNormalTextureInstance>
      <VertexPositionNormalTextureInstance>
        <Position>
          <Vector3 x="2.5" y="-4.0" z="-2.4375"/>
        </Position>
        <Normal>3</Normal>
        <TextureCoord>
          <Vector2 x="0.30078125" y="1.0"/>
        </TextureCoord>
      </VertexPositionNormalTextureInstance>
      <VertexPositionNormalTextureInstance>
        <Position>
          <Vector3 x="2.5" y="-4.0" z="2.4375"/>
        </Position>
        <Normal>3</Normal>
        <TextureCoord>
          <Vector2 x="0.19921875" y="1.0"/>
        </TextureCoord>
      </VertexPositionNormalTextureInstance>
      <VertexPositionNormalTextureInstance>
        <Position>
          <Vector3 x="2.5" y="-3.0" z="2.4375"/>
        </Position>
        <Normal>3</Normal>
        <TextureCoord>
          <Vector2 x="0.19921875" y="0.875"/>
        </TextureCoord>
      </VertexPositionNormalTextureInstance>
      <VertexPositionNormalTextureInstance>
        <Position>
          <Vector3 x="2.5" y="-3.0" z="-2.4375"/>
        </Position>
        <Normal>3</Normal>
        <TextureCoord>
          <Vector2 x="0.30078125" y="0.875"/>
        </TextureCoord>
      </VertexPositionNormalTextureInstance>
      <VertexPositionNormalTextureInstance>
        <Position>
          <Vector3 x="2.5" y="-4.0" z="-2.5"/>
        </Position>
        <Normal>3</Normal>
        <TextureCoord>
          <Vector2 x="0.302083343267" y="1.0"/>
        </TextureCoord>
      </VertexPositionNormalTextureInstance>
      <VertexPositionNormalTextureInstance>
        <Position>
          <Vector3 x="2.5" y="-3.8125" z="-2.4375"/>
        </Position>
        <Normal>3</Normal>
        <TextureCoord>
          <Vector2 x="0.30078125" y="0.9765625"/>
        </TextureCoord>
      </VertexPositionNormalTextureInstance>
      <VertexPositionNormalTextureInstance>
        <Position>
          <Vector3 x="2.5" y="-3.8125" z="-2.5"/>
        </Position>
        <Normal>3</Normal>
        <TextureCoord>
          <Vector2 x="0.302083343267" y="0.9765625"/>
        </TextureCoord>
      </VertexPositionNormalTextureInstance>
      <VertexPositionNormalTextureInstance>
        <Position>
          <Vector3 x="2.5" y="-3.6875" z="-2.5"/>
        </Position>
        <Normal>3</Normal>
        <TextureCoord>
          <Vector2 x="0.302083343267" y="0.9609375"/>
        </TextureCoord>
      </VertexPositionNormalTextureInstance>
      <VertexPositionNormalTextureInstance>
        <Position>
          <Vector3 x="2.5" y="-3.6875" z="-2.4375"/>
        </Position>
        <Normal>3</Normal>
        <TextureCoord>
          <Vector2 x="0.30078125" y="0.9609375"/>
        </TextureCoord>
      </VertexPositionNormalTextureInstance>
      <VertexPositionNormalTextureInstance>
        <Position>
          <Vector3 x="2.5" y="-3.5625" z="-2.4375"/>
        </Position>
        <Normal>3</Normal>
        <TextureCoord>
          <Vector2 x="0.30078125" y="0.9453125"/>
        </TextureCoord>
      </VertexPositionNormalTextureInstance>
      <VertexPositionNormalTextureInstance>
        <Position>
          <Vector3 x="2.5" y="-3.5625" z="-2.5"/>
        </Position>
        <Normal>3</Normal>
        <TextureCoord>
          <Vector2 x="0.302083343267" y="0.9453125"/>
        </TextureCoord>
      </VertexPositionNormalTextureInstance>
      <VertexPositionNormalTextureInstance>
        <Position>
          <Vector3 x="2.5" y="-3.4375" z="-2.5"/>
        </Position>
        <Normal>3</Normal>
        <TextureCoord>
          <Vector2 x="0.302083343267" y="0.9296875"/>
        </TextureCoord>
      </VertexPositionNormalTextureInstance>
      <VertexPositionNormalTextureInstance>
        <Position>
          <Vector3 x="2.5" y="-3.4375" z="-2.4375"/>
        </Position>
        <Normal>3</Normal>
        <TextureCoord>
          <Vector2 x="0.30078125" y="0.9296875"/>
        </TextureCoord>
      </VertexPositionNormalTextureInstance>
      <VertexPositionNormalTextureInstance>
        <Position>
          <Vector3 x="2.5" y="-3.0" z="-2.5"/>
        </Position>
        <Normal>3</Normal>
        <TextureCoord>
          <Vector2 x="0.302083343267" y="0.875"/>
        </TextureCoord>
      </VertexPositionNormalTextureInstance>
      <VertexPositionNormalTextureInstance>
        <Position>
          <Vector3 x="2.5" y="-4.0" z="2.5"/>
        </Position>
        <Normal>3</Normal>
        <TextureCoord>
          <Vector2 x="0.197916671634" y="1.0"/>
        </TextureCoord>
      </VertexPositionNormalTextureInstance>
      <VertexPositionNormalTextureInstance>
        <Position>
          <Vector3 x="2.5" y="-3.8125" z="2.5"/>
        </Position>
        <Normal>3</Normal>
        <TextureCoord>
          <Vector2 x="0.197916671634" y="0.9765625"/>
        </TextureCoord>
      </VertexPositionNormalTextureInstance>
      <VertexPositionNormalTextureInstance>
        <Position>
          <Vector3 x="2.5" y="-3.8125" z="2.4375"/>
        </Position>
        <Normal>3</Normal>
        <TextureCoord>
          <Vector2 x="0.19921875" y="0.9765625"/>
        </TextureCoord>
      </VertexPositionNormalTextureInstance>
      <VertexPositionNormalTextureInstance>
        <Position>
          <Vector3 x="2.5" y="-3.6875" z="2.4375"/>
        </Position>
        <Normal>3</Normal>
        <TextureCoord>
          <Vector2 x="0.19921875" y="0.9609375"/>
        </TextureCoord>
      </VertexPositionNormalTextureInstance>
      <VertexPositionNormalTextureInstance>
        <Position>
          <Vector3 x="2.5" y="-3.6875" z="2.5"/>
        </Position>
        <Normal>3</Normal>
        <TextureCoord>
          <Vector2 x="0.197916671634" y="0.9609375"/>
        </TextureCoord>
      </VertexPositionNormalTextureInstance>
      <VertexPositionNormalTextureInstance>
        <Position>
          <Vector3 x="2.5" y="-3.5625" z="2.5"/>
        </Position>
        <Normal>3</Normal>
        <TextureCoord>
          <Vector2 x="0.197916671634" y="0.9453125"/>
        </TextureCoord>
      </VertexPositionNormalTextureInstance>
      <VertexPositionNormalTextureInstance>
        <Position>
          <Vector3 x="2.5" y="-3.5625" z="2.4375"/>
        </Position>
        <Normal>3</Normal>
        <TextureCoord>
          <Vector2 x="0.19921875" y="0.9453125"/>
        </TextureCoord>
      </VertexPositionNormalTextureInstance>
      <VertexPositionNormalTextureInstance>
        <Position>
          <Vector3 x="2.5" y="-3.4375" z="2.4375"/>
        </Position>
        <Normal>3</Normal>
        <TextureCoord>
          <Vector2 x="0.19921875" y="0.9296875"/>
        </TextureCoord>
      </VertexPositionNormalTextureInstance>
      <VertexPositionNormalTextureInstance>
        <Position>
          <Vector3 x="2.5" y="-3.4375" z="2.5"/>
        </Position>
        <Normal>3</Normal>
        <TextureCoord>
          <Vector2 x="0.197916671634" y="0.9296875"/>
        </TextureCoord>
      </VertexPositionNormalTextureInstance>
      <VertexPositionNormalTextureInstance>
        <Position>
          <Vector3 x="2.5" y="-3.0" z="2.5"/>
        </Position>
        <Normal>3</Normal>
        <TextureCoord>
          <Vector2 x="0.197916671634" y="0.875"/>
        </TextureCoord>
      </VertexPositionNormalTextureInstance>
      <VertexPositionNormalTextureInstance>
        <Position>
          <Vector3 x="2.4375" y="-3.4375" z="-2.5"/>
        </Position>
        <Normal>1</Normal>
        <TextureCoord>
          <Vector2 x="0.967447936535" y="0.8125"/>
        </TextureCoord>
      </VertexPositionNormalTextureInstance>
      <VertexPositionNormalTextureInstance>
        <Position>
          <Vector3 x="2.5" y="-3.4375" z="-2.5"/>
        </Position>
        <Normal>1</Normal>
        <TextureCoord>
          <Vector2 x="0.96875" y="0.8125"/>
        </TextureCoord>
      </VertexPositionNormalTextureInstance>
      <VertexPositionNormalTextureInstance>
        <Position>
          <Vector3 x="2.5" y="-3.4375" z="-2.4375"/>
        </Position>
        <Normal>1</Normal>
        <TextureCoord>
          <Vector2 x="0.96875" y="0.8046875"/>
        </TextureCoord>
      </VertexPositionNormalTextureInstance>
      <VertexPositionNormalTextureInstance>
        <Position>
          <Vector3 x="2.4375" y="-3.4375" z="-2.4375"/>
        </Position>
        <Normal>1</Normal>
        <TextureCoord>
          <Vector2 x="0.967447936535" y="0.8046875"/>
        </TextureCoord>
      </VertexPositionNormalTextureInstance>
      <VertexPositionNormalTextureInstance>
        <Position>
          <Vector3 x="2.4375" y="-3.5625" z="-2.5"/>
        </Position>
        <Normal>3</Normal>
        <TextureCoord>
          <Vector2 x="0.302083343267" y="0.9453125"/>
        </TextureCoord>
      </VertexPositionNormalTextureInstance>
      <VertexPositionNormalTextureInstance>
        <Position>
          <Vector3 x="2.4375" y="-3.5625" z="-2.4375"/>
        </Position>
        <Normal>3</Normal>
        <TextureCoord>
          <Vector2 x="0.30078125" y="0.9453125"/>
        </TextureCoord>
      </VertexPositionNormalTextureInstance>
      <VertexPositionNormalTextureInstance>
        <Position>
          <Vector3 x="2.4375" y="-3.4375" z="-2.4375"/>
        </Position>
        <Normal>3</Normal>
        <TextureCoord>
          <Vector2 x="0.30078125" y="0.9296875"/>
        </TextureCoord>
      </VertexPositionNormalTextureInstance>
      <VertexPositionNormalTextureInstance>
        <Position>
          <Vector3 x="2.4375" y="-3.4375" z="-2.5"/>
        </Position>
        <Normal>3</Normal>
        <TextureCoord>
          <Vector2 x="0.302083343267" y="0.9296875"/>
        </TextureCoord>
      </VertexPositionNormalTextureInstance>
      <VertexPositionNormalTextureInstance>
        <Position>
          <Vector3 x="2.4375" y="-3.5625" z="-2.5"/>
        </Position>
        <Normal>4</Normal>
        <TextureCoord>
          <Vector2 x="0.80078125" y="0.1875"/>
        </TextureCoord>
      </VertexPositionNormalTextureInstance>
      <VertexPositionNormalTextureInstance>
        <Position>
          <Vector3 x="2.5" y="-3.5625" z="-2.5"/>
        </Position>
        <Normal>4</Normal>
        <TextureCoord>
          <Vector2 x="0.80208337307" y="0.1875"/>
        </TextureCoord>
      </VertexPositionNormalTextureInstance>
      <VertexPositionNormalTextureInstance>
        <Position>
          <Vector3 x="2.5" y="-3.5625" z="-2.4375"/>
        </Position>
        <Normal>4</Normal>
        <TextureCoord>
          <Vector2 x="0.80208337307" y="0.1953125"/>
        </TextureCoord>
      </VertexPositionNormalTextureInstance>
      <VertexPositionNormalTextureInstance>
        <Position>
          <Vector3 x="2.4375" y="-3.5625" z="-2.4375"/>
        </Position>
        <Normal>4</Normal>
        <TextureCoord>
          <Vector2 x="0.80078125" y="0.1953125"/>
        </TextureCoord>
      </VertexPositionNormalTextureInstance>
      <VertexPositionNormalTextureInstance>
        <Position>
          <Vector3 x="2.4375" y="-3.6875" z="-2.5"/>
        </Position>
        <Normal>1</Normal>
        <TextureCoord>
          <Vector2 x="0.967447936535" y="0.8125"/>
        </TextureCoord>
      </VertexPositionNormalTextureInstance>
      <VertexPositionNormalTextureInstance>
        <Position>
          <Vector3 x="2.5" y="-3.6875" z="-2.5"/>
        </Position>
        <Normal>1</Normal>
        <TextureCoord>
          <Vector2 x="0.96875" y="0.8125"/>
        </TextureCoord>
      </VertexPositionNormalTextureInstance>
      <VertexPositionNormalTextureInstance>
        <Position>
          <Vector3 x="2.5" y="-3.6875" z="-2.4375"/>
        </Position>
        <Normal>1</Normal>
        <TextureCoord>
          <Vector2 x="0.96875" y="0.8046875"/>
        </TextureCoord>
      </VertexPositionNormalTextureInstance>
      <VertexPositionNormalTextureInstance>
        <Position>
          <Vector3 x="2.4375" y="-3.6875" z="-2.4375"/>
        </Position>
        <Normal>1</Normal>
        <TextureCoord>
          <Vector2 x="0.967447936535" y="0.8046875"/>
        </TextureCoord>
      </VertexPositionNormalTextureInstance>
      <VertexPositionNormalTextureInstance>
        <Position>
          <Vector3 x="2.4375" y="-3.8125" z="-2.4375"/>
        </Position>
        <Normal>2</Normal>
        <TextureCoord>
          <Vector2 x="0.365885436535" y="0.9765625"/>
        </TextureCoord>
      </VertexPositionNormalTextureInstance>
      <VertexPositionNormalTextureInstance>
        <Position>
          <Vector3 x="2.4375" y="-3.6875" z="-2.4375"/>
        </Position>
        <Normal>2</Normal>
        <TextureCoord>
          <Vector2 x="0.365885436535" y="0.9609375"/>
        </TextureCoord>
      </VertexPositionNormalTextureInstance>
      <VertexPositionNormalTextureInstance>
        <Position>
          <Vector3 x="2.5" y="-3.6875" z="-2.4375"/>
        </Position>
        <Normal>2</Normal>
        <TextureCoord>
          <Vector2 x="0.364583343267" y="0.9609375"/>
        </TextureCoord>
      </VertexPositionNormalTextureInstance>
      <VertexPositionNormalTextureInstance>
        <Position>
          <Vector3 x="2.5" y="-3.8125" z="-2.4375"/>
        </Position>
        <Normal>2</Normal>
        <TextureCoord>
          <Vector2 x="0.364583343267" y="0.9765625"/>
        </TextureCoord>
      </VertexPositionNormalTextureInstance>
      <VertexPositionNormalTextureInstance>
        <Position>
          <Vector3 x="2.4375" y="-3.8125" z="-2.5"/>
        </Position>
        <Normal>3</Normal>
        <TextureCoord>
          <Vector2 x="0.302083343267" y="0.9765625"/>
        </TextureCoord>
      </VertexPositionNormalTextureInstance>
      <VertexPositionNormalTextureInstance>
        <Position>
          <Vector3 x="2.4375" y="-3.8125" z="-2.4375"/>
        </Position>
        <Normal>3</Normal>
        <TextureCoord>
          <Vector2 x="0.30078125" y="0.9765625"/>
        </TextureCoord>
      </VertexPositionNormalTextureInstance>
      <VertexPositionNormalTextureInstance>
        <Position>
          <Vector3 x="2.4375" y="-3.6875" z="-2.4375"/>
        </Position>
        <Normal>3</Normal>
        <TextureCoord>
          <Vector2 x="0.30078125" y="0.9609375"/>
        </TextureCoord>
      </VertexPositionNormalTextureInstance>
      <VertexPositionNormalTextureInstance>
        <Position>
          <Vector3 x="2.4375" y="-3.6875" z="-2.5"/>
        </Position>
        <Normal>3</Normal>
        <TextureCoord>
          <Vector2 x="0.302083343267" y="0.9609375"/>
        </TextureCoord>
      </VertexPositionNormalTextureInstance>
      <VertexPositionNormalTextureInstance>
        <Position>
          <Vector3 x="2.4375" y="-3.8125" z="-2.5"/>
        </Position>
        <Normal>4</Normal>
        <TextureCoord>
          <Vector2 x="0.80078125" y="0.1875"/>
        </TextureCoord>
      </VertexPositionNormalTextureInstance>
      <VertexPositionNormalTextureInstance>
        <Position>
          <Vector3 x="2.5" y="-3.8125" z="-2.5"/>
        </Position>
        <Normal>4</Normal>
        <TextureCoord>
          <Vector2 x="0.80208337307" y="0.1875"/>
        </TextureCoord>
      </VertexPositionNormalTextureInstance>
      <VertexPositionNormalTextureInstance>
        <Position>
          <Vector3 x="2.5" y="-3.8125" z="-2.4375"/>
        </Position>
        <Normal>4</Normal>
        <TextureCoord>
          <Vector2 x="0.80208337307" y="0.1953125"/>
        </TextureCoord>
      </VertexPositionNormalTextureInstance>
      <VertexPositionNormalTextureInstance>
        <Position>
          <Vector3 x="2.4375" y="-3.8125" z="-2.4375"/>
        </Position>
        <Normal>4</Normal>
        <TextureCoord>
          <Vector2 x="0.80078125" y="0.1953125"/>
        </TextureCoord>
      </VertexPositionNormalTextureInstance>
      <VertexPositionNormalTextureInstance>
        <Position>
          <Vector3 x="2.4375" y="-3.5625" z="-2.4375"/>
        </Position>
        <Normal>2</Normal>
        <TextureCoord>
          <Vector2 x="0.365885436535" y="0.9453125"/>
        </TextureCoord>
      </VertexPositionNormalTextureInstance>
      <VertexPositionNormalTextureInstance>
        <Position>
          <Vector3 x="2.4375" y="-3.4375" z="-2.4375"/>
        </Position>
        <Normal>2</Normal>
        <TextureCoord>
          <Vector2 x="0.365885436535" y="0.9296875"/>
        </TextureCoord>
      </VertexPositionNormalTextureInstance>
      <VertexPositionNormalTextureInstance>
        <Position>
          <Vector3 x="2.5" y="-3.4375" z="-2.4375"/>
        </Position>
        <Normal>2</Normal>
        <TextureCoord>
          <Vector2 x="0.364583343267" y="0.9296875"/>
        </TextureCoord>
      </VertexPositionNormalTextureInstance>
      <VertexPositionNormalTextureInstance>
        <Position>
          <Vector3 x="2.5" y="-3.5625" z="-2.4375"/>
        </Position>
        <Normal>2</Normal>
        <TextureCoord>
          <Vector2 x="0.364583343267" y="0.9453125"/>
        </TextureCoord>
      </VertexPositionNormalTextureInstance>
      <VertexPositionNormalTextureInstance>
        <Position>
          <Vector3 x="-2.4375" y="-3.5625" z="-2.5"/>
        </Position>
        <Normal>0</Normal>
        <TextureCoord>
          <Vector2 x="0.53125" y="0.9453125"/>
        </TextureCoord>
      </VertexPositionNormalTextureInstance>
      <VertexPositionNormalTextureInstance>
        <Position>
          <Vector3 x="-2.4375" y="-3.5625" z="-2.4375"/>
        </Position>
        <Normal>0</Normal>
        <TextureCoord>
          <Vector2 x="0.53255212307" y="0.9453125"/>
        </TextureCoord>
      </VertexPositionNormalTextureInstance>
      <VertexPositionNormalTextureInstance>
        <Position>
          <Vector3 x="-2.4375" y="-3.4375" z="-2.4375"/>
        </Position>
        <Normal>0</Normal>
        <TextureCoord>
          <Vector2 x="0.53255212307" y="0.9296875"/>
        </TextureCoord>
      </VertexPositionNormalTextureInstance>
      <VertexPositionNormalTextureInstance>
        <Position>
          <Vector3 x="-2.4375" y="-3.4375" z="-2.5"/>
        </Position>
        <Normal>0</Normal>
        <TextureCoord>
          <Vector2 x="0.53125" y="0.9296875"/>
        </TextureCoord>
      </VertexPositionNormalTextureInstance>
      <VertexPositionNormalTextureInstance>
        <Position>
          <Vector3 x="-2.5" y="-3.4375" z="-2.5"/>
        </Position>
        <Normal>1</Normal>
        <TextureCoord>
          <Vector2 x="0.86458337307" y="0.8125"/>
        </TextureCoord>
      </VertexPositionNormalTextureInstance>
      <VertexPositionNormalTextureInstance>
        <Position>
          <Vector3 x="-2.4375" y="-3.4375" z="-2.5"/>
        </Position>
        <Normal>1</Normal>
        <TextureCoord>
          <Vector2 x="0.865885436535" y="0.8125"/>
        </TextureCoord>
      </VertexPositionNormalTextureInstance>
      <VertexPositionNormalTextureInstance>
        <Position>
          <Vector3 x="-2.4375" y="-3.4375" z="-2.4375"/>
        </Position>
        <Normal>1</Normal>
        <TextureCoord>
          <Vector2 x="0.865885436535" y="0.8046875"/>
        </TextureCoord>
      </VertexPositionNormalTextureInstance>
      <VertexPositionNormalTextureInstance>
        <Position>
          <Vector3 x="-2.5" y="-3.4375" z="-2.4375"/>
        </Position>
        <Normal>1</Normal>
        <TextureCoord>
          <Vector2 x="0.86458337307" y="0.8046875"/>
        </TextureCoord>
      </VertexPositionNormalTextureInstance>
      <VertexPositionNormalTextureInstance>
        <Position>
          <Vector3 x="-2.5" y="-3.5625" z="-2.4375"/>
        </Position>
        <Normal>2</Normal>
        <TextureCoord>
          <Vector2 x="0.46875" y="0.9453125"/>
        </TextureCoord>
      </VertexPositionNormalTextureInstance>
      <VertexPositionNormalTextureInstance>
        <Position>
          <Vector3 x="-2.5" y="-3.4375" z="-2.4375"/>
        </Position>
        <Normal>2</Normal>
        <TextureCoord>
          <Vector2 x="0.46875" y="0.9296875"/>
        </TextureCoord>
      </VertexPositionNormalTextureInstance>
      <VertexPositionNormalTextureInstance>
        <Position>
          <Vector3 x="-2.4375" y="-3.4375" z="-2.4375"/>
        </Position>
        <Normal>2</Normal>
        <TextureCoord>
          <Vector2 x="0.467447936535" y="0.9296875"/>
        </TextureCoord>
      </VertexPositionNormalTextureInstance>
      <VertexPositionNormalTextureInstance>
        <Position>
          <Vector3 x="-2.4375" y="-3.5625" z="-2.4375"/>
        </Position>
        <Normal>2</Normal>
        <TextureCoord>
          <Vector2 x="0.467447936535" y="0.9453125"/>
        </TextureCoord>
      </VertexPositionNormalTextureInstance>
      <VertexPositionNormalTextureInstance>
        <Position>
          <Vector3 x="-2.5" y="-3.5625" z="-2.5"/>
        </Position>
        <Normal>4</Normal>
        <TextureCoord>
          <Vector2 x="0.697916686535" y="0.1875"/>
        </TextureCoord>
      </VertexPositionNormalTextureInstance>
      <VertexPositionNormalTextureInstance>
        <Position>
          <Vector3 x="-2.4375" y="-3.5625" z="-2.5"/>
        </Position>
        <Normal>4</Normal>
        <TextureCoord>
          <Vector2 x="0.69921875" y="0.1875"/>
        </TextureCoord>
      </VertexPositionNormalTextureInstance>
      <VertexPositionNormalTextureInstance>
        <Position>
          <Vector3 x="-2.4375" y="-3.5625" z="-2.4375"/>
        </Position>
        <Normal>4</Normal>
        <TextureCoord>
          <Vector2 x="0.69921875" y="0.1953125"/>
        </TextureCoord>
      </VertexPositionNormalTextureInstance>
      <VertexPositionNormalTextureInstance>
        <Position>
          <Vector3 x="-2.5" y="-3.5625" z="-2.4375"/>
        </Position>
        <Normal>4</Normal>
        <TextureCoord>
          <Vector2 x="0.697916686535" y="0.1953125"/>
        </TextureCoord>
      </VertexPositionNormalTextureInstance>
      <VertexPositionNormalTextureInstance>
        <Position>
          <Vector3 x="-2.4375" y="-3.8125" z="-2.5"/>
        </Position>
        <Normal>0</Normal>
        <TextureCoord>
          <Vector2 x="0.53125" y="0.9765625"/>
        </TextureCoord>
      </VertexPositionNormalTextureInstance>
      <VertexPositionNormalTextureInstance>
        <Position>
          <Vector3 x="-2.4375" y="-3.8125" z="-2.4375"/>
        </Position>
        <Normal>0</Normal>
        <TextureCoord>
          <Vector2 x="0.53255212307" y="0.9765625"/>
        </TextureCoord>
      </VertexPositionNormalTextureInstance>
      <VertexPositionNormalTextureInstance>
        <Position>
          <Vector3 x="-2.4375" y="-3.6875" z="-2.4375"/>
        </Position>
        <Normal>0</Normal>
        <TextureCoord>
          <Vector2 x="0.53255212307" y="0.9609375"/>
        </TextureCoord>
      </VertexPositionNormalTextureInstance>
      <VertexPositionNormalTextureInstance>
        <Position>
          <Vector3 x="-2.4375" y="-3.6875" z="-2.5"/>
        </Position>
        <Normal>0</Normal>
        <TextureCoord>
          <Vector2 x="0.53125" y="0.9609375"/>
        </TextureCoord>
      </VertexPositionNormalTextureInstance>
      <VertexPositionNormalTextureInstance>
        <Position>
          <Vector3 x="-2.5" y="-3.6875" z="-2.5"/>
        </Position>
        <Normal>1</Normal>
        <TextureCoord>
          <Vector2 x="0.86458337307" y="0.8125"/>
        </TextureCoord>
      </VertexPositionNormalTextureInstance>
      <VertexPositionNormalTextureInstance>
        <Position>
          <Vector3 x="-2.4375" y="-3.6875" z="-2.5"/>
        </Position>
        <Normal>1</Normal>
        <TextureCoord>
          <Vector2 x="0.865885436535" y="0.8125"/>
        </TextureCoord>
      </VertexPositionNormalTextureInstance>
      <VertexPositionNormalTextureInstance>
        <Position>
          <Vector3 x="-2.4375" y="-3.6875" z="-2.4375"/>
        </Position>
        <Normal>1</Normal>
        <TextureCoord>
          <Vector2 x="0.865885436535" y="0.8046875"/>
        </TextureCoord>
      </VertexPositionNormalTextureInstance>
      <VertexPositionNormalTextureInstance>
        <Position>
          <Vector3 x="-2.5" y="-3.6875" z="-2.4375"/>
        </Position>
        <Normal>1</Normal>
        <TextureCoord>
          <Vector2 x="0.86458337307" y="0.8046875"/>
        </TextureCoord>
      </VertexPositionNormalTextureInstance>
      <VertexPositionNormalTextureInstance>
        <Position>
          <Vector3 x="-2.5" y="-3.8125" z="-2.4375"/>
        </Position>
        <Normal>2</Normal>
        <TextureCoord>
          <Vector2 x="0.46875" y="0.9765625"/>
        </TextureCoord>
      </VertexPositionNormalTextureInstance>
      <VertexPositionNormalTextureInstance>
        <Position>
          <Vector3 x="-2.5" y="-3.6875" z="-2.4375"/>
        </Position>
        <Normal>2</Normal>
        <TextureCoord>
          <Vector2 x="0.46875" y="0.9609375"/>
        </TextureCoord>
      </VertexPositionNormalTextureInstance>
      <VertexPositionNormalTextureInstance>
        <Position>
          <Vector3 x="-2.4375" y="-3.6875" z="-2.4375"/>
        </Position>
        <Normal>2</Normal>
        <TextureCoord>
          <Vector2 x="0.467447936535" y="0.9609375"/>
        </TextureCoord>
      </VertexPositionNormalTextureInstance>
      <VertexPositionNormalTextureInstance>
        <Position>
          <Vector3 x="-2.4375" y="-3.8125" z="-2.4375"/>
        </Position>
        <Normal>2</Normal>
        <TextureCoord>
          <Vector2 x="0.467447936535" y="0.9765625"/>
        </TextureCoord>
      </VertexPositionNormalTextureInstance>
      <VertexPositionNormalTextureInstance>
        <Position>
          <Vector3 x="-2.5" y="-3.8125" z="-2.5"/>
        </Position>
        <Normal>4</Normal>
        <TextureCoord>
          <Vector2 x="0.697916686535" y="0.1875"/>
        </TextureCoord>
      </VertexPositionNormalTextureInstance>
      <VertexPositionNormalTextureInstance>
        <Position>
          <Vector3 x="-2.4375" y="-3.8125" z="-2.5"/>
        </Position>
        <Normal>4</Normal>
        <TextureCoord>
          <Vector2 x="0.69921875" y="0.1875"/>
        </TextureCoord>
      </VertexPositionNormalTextureInstance>
      <VertexPositionNormalTextureInstance>
        <Position>
          <Vector3 x="-2.4375" y="-3.8125" z="-2.4375"/>
        </Position>
        <Normal>4</Normal>
        <TextureCoord>
          <Vector2 x="0.69921875" y="0.1953125"/>
        </TextureCoord>
      </VertexPositionNormalTextureInstance>
      <VertexPositionNormalTextureInstance>
        <Position>
          <Vector3 x="-2.5" y="-3.8125" z="-2.4375"/>
        </Position>
        <Normal>4</Normal>
        <TextureCoord>
          <Vector2 x="0.697916686535" y="0.1953125"/>
        </TextureCoord>
      </VertexPositionNormalTextureInstance>
      <VertexPositionNormalTextureInstance>
        <Position>
          <Vector3 x="-2.4375" y="-3.5625" z="2.4375"/>
        </Position>
        <Normal>0</Normal>
        <TextureCoord>
          <Vector2 x="0.63411462307" y="0.9453125"/>
        </TextureCoord>
      </VertexPositionNormalTextureInstance>
      <VertexPositionNormalTextureInstance>
        <Position>
          <Vector3 x="-2.4375" y="-3.5625" z="2.5"/>
        </Position>
        <Normal>0</Normal>
        <TextureCoord>
          <Vector2 x="0.635416686535" y="0.9453125"/>
        </TextureCoord>
      </VertexPositionNormalTextureInstance>
      <VertexPositionNormalTextureInstance>
        <Position>
          <Vector3 x="-2.4375" y="-3.4375" z="2.5"/>
        </Position>
        <Normal>0</Normal>
        <TextureCoord>
          <Vector2 x="0.635416686535" y="0.9296875"/>
        </TextureCoord>
      </VertexPositionNormalTextureInstance>
      <VertexPositionNormalTextureInstance>
        <Position>
          <Vector3 x="-2.4375" y="-3.4375" z="2.4375"/>
        </Position>
        <Normal>0</Normal>
        <TextureCoord>
          <Vector2 x="0.63411462307" y="0.9296875"/>
        </TextureCoord>
      </VertexPositionNormalTextureInstance>
      <VertexPositionNormalTextureInstance>
        <Position>
          <Vector3 x="-2.5" y="-3.4375" z="2.4375"/>
        </Position>
        <Normal>1</Normal>
        <TextureCoord>
          <Vector2 x="0.86458337307" y="0.1953125"/>
        </TextureCoord>
      </VertexPositionNormalTextureInstance>
      <VertexPositionNormalTextureInstance>
        <Position>
          <Vector3 x="-2.4375" y="-3.4375" z="2.4375"/>
        </Position>
        <Normal>1</Normal>
        <TextureCoord>
          <Vector2 x="0.865885436535" y="0.1953125"/>
        </TextureCoord>
      </VertexPositionNormalTextureInstance>
      <VertexPositionNormalTextureInstance>
        <Position>
          <Vector3 x="-2.4375" y="-3.4375" z="2.5"/>
        </Position>
        <Normal>1</Normal>
        <TextureCoord>
          <Vector2 x="0.865885436535" y="0.1875"/>
        </TextureCoord>
      </VertexPositionNormalTextureInstance>
      <VertexPositionNormalTextureInstance>
        <Position>
          <Vector3 x="-2.5" y="-3.4375" z="2.5"/>
        </Position>
        <Normal>1</Normal>
        <TextureCoord>
          <Vector2 x="0.86458337307" y="0.1875"/>
        </TextureCoord>
      </VertexPositionNormalTextureInstance>
      <VertexPositionNormalTextureInstance>
        <Position>
          <Vector3 x="-2.5" y="-3.5625" z="2.4375"/>
        </Position>
        <Normal>4</Normal>
        <TextureCoord>
          <Vector2 x="0.697916686535" y="0.8046875"/>
        </TextureCoord>
      </VertexPositionNormalTextureInstance>
      <VertexPositionNormalTextureInstance>
        <Position>
          <Vector3 x="-2.4375" y="-3.5625" z="2.4375"/>
        </Position>
        <Normal>4</Normal>
        <TextureCoord>
          <Vector2 x="0.69921875" y="0.8046875"/>
        </TextureCoord>
      </VertexPositionNormalTextureInstance>
      <VertexPositionNormalTextureInstance>
        <Position>
          <Vector3 x="-2.4375" y="-3.5625" z="2.5"/>
        </Position>
        <Normal>4</Normal>
        <TextureCoord>
          <Vector2 x="0.69921875" y="0.8125"/>
        </TextureCoord>
      </VertexPositionNormalTextureInstance>
      <VertexPositionNormalTextureInstance>
        <Position>
          <Vector3 x="-2.5" y="-3.5625" z="2.5"/>
        </Position>
        <Normal>4</Normal>
        <TextureCoord>
          <Vector2 x="0.697916686535" y="0.8125"/>
        </TextureCoord>
      </VertexPositionNormalTextureInstance>
      <VertexPositionNormalTextureInstance>
        <Position>
          <Vector3 x="-2.5" y="-3.5625" z="2.4375"/>
        </Position>
        <Normal>5</Normal>
        <TextureCoord>
          <Vector2 x="0.03125" y="0.9453125"/>
        </TextureCoord>
      </VertexPositionNormalTextureInstance>
      <VertexPositionNormalTextureInstance>
        <Position>
          <Vector3 x="-2.5" y="-3.4375" z="2.4375"/>
        </Position>
        <Normal>5</Normal>
        <TextureCoord>
          <Vector2 x="0.03125" y="0.9296875"/>
        </TextureCoord>
      </VertexPositionNormalTextureInstance>
      <VertexPositionNormalTextureInstance>
        <Position>
          <Vector3 x="-2.4375" y="-3.4375" z="2.4375"/>
        </Position>
        <Normal>5</Normal>
        <TextureCoord>
          <Vector2 x="0.0325520858169" y="0.9296875"/>
        </TextureCoord>
      </VertexPositionNormalTextureInstance>
      <VertexPositionNormalTextureInstance>
        <Position>
          <Vector3 x="-2.4375" y="-3.5625" z="2.4375"/>
        </Position>
        <Normal>5</Normal>
        <TextureCoord>
          <Vector2 x="0.0325520858169" y="0.9453125"/>
        </TextureCoord>
      </VertexPositionNormalTextureInstance>
      <VertexPositionNormalTextureInstance>
        <Position>
          <Vector3 x="-2.4375" y="-3.8125" z="2.4375"/>
        </Position>
        <Normal>0</Normal>
        <TextureCoord>
          <Vector2 x="0.63411462307" y="0.9765625"/>
        </TextureCoord>
      </VertexPositionNormalTextureInstance>
      <VertexPositionNormalTextureInstance>
        <Position>
          <Vector3 x="-2.4375" y="-3.8125" z="2.5"/>
        </Position>
        <Normal>0</Normal>
        <TextureCoord>
          <Vector2 x="0.635416686535" y="0.9765625"/>
        </TextureCoord>
      </VertexPositionNormalTextureInstance>
      <VertexPositionNormalTextureInstance>
        <Position>
          <Vector3 x="-2.4375" y="-3.6875" z="2.5"/>
        </Position>
        <Normal>0</Normal>
        <TextureCoord>
          <Vector2 x="0.635416686535" y="0.9609375"/>
        </TextureCoord>
      </VertexPositionNormalTextureInstance>
      <VertexPositionNormalTextureInstance>
        <Position>
          <Vector3 x="-2.4375" y="-3.6875" z="2.4375"/>
        </Position>
        <Normal>0</Normal>
        <TextureCoord>
          <Vector2 x="0.63411462307" y="0.9609375"/>
        </TextureCoord>
      </VertexPositionNormalTextureInstance>
      <VertexPositionNormalTextureInstance>
        <Position>
          <Vector3 x="-2.5" y="-3.6875" z="2.4375"/>
        </Position>
        <Normal>1</Normal>
        <TextureCoord>
          <Vector2 x="0.86458337307" y="0.1953125"/>
        </TextureCoord>
      </VertexPositionNormalTextureInstance>
      <VertexPositionNormalTextureInstance>
        <Position>
          <Vector3 x="-2.4375" y="-3.6875" z="2.4375"/>
        </Position>
        <Normal>1</Normal>
        <TextureCoord>
          <Vector2 x="0.865885436535" y="0.1953125"/>
        </TextureCoord>
      </VertexPositionNormalTextureInstance>
      <VertexPositionNormalTextureInstance>
        <Position>
          <Vector3 x="-2.4375" y="-3.6875" z="2.5"/>
        </Position>
        <Normal>1</Normal>
        <TextureCoord>
          <Vector2 x="0.865885436535" y="0.1875"/>
        </TextureCoord>
      </VertexPositionNormalTextureInstance>
      <VertexPositionNormalTextureInstance>
        <Position>
          <Vector3 x="-2.5" y="-3.6875" z="2.5"/>
        </Position>
        <Normal>1</Normal>
        <TextureCoord>
          <Vector2 x="0.86458337307" y="0.1875"/>
        </TextureCoord>
      </VertexPositionNormalTextureInstance>
      <VertexPositionNormalTextureInstance>
        <Position>
          <Vector3 x="-2.5" y="-3.8125" z="2.4375"/>
        </Position>
        <Normal>4</Normal>
        <TextureCoord>
          <Vector2 x="0.697916686535" y="0.8046875"/>
        </TextureCoord>
      </VertexPositionNormalTextureInstance>
      <VertexPositionNormalTextureInstance>
        <Position>
          <Vector3 x="-2.4375" y="-3.8125" z="2.4375"/>
        </Position>
        <Normal>4</Normal>
        <TextureCoord>
          <Vector2 x="0.69921875" y="0.8046875"/>
        </TextureCoord>
      </VertexPositionNormalTextureInstance>
      <VertexPositionNormalTextureInstance>
        <Position>
          <Vector3 x="-2.4375" y="-3.8125" z="2.5"/>
        </Position>
        <Normal>4</Normal>
        <TextureCoord>
          <Vector2 x="0.69921875" y="0.8125"/>
        </TextureCoord>
      </VertexPositionNormalTextureInstance>
      <VertexPositionNormalTextureInstance>
        <Position>
          <Vector3 x="-2.5" y="-3.8125" z="2.5"/>
        </Position>
        <Normal>4</Normal>
        <TextureCoord>
          <Vector2 x="0.697916686535" y="0.8125"/>
        </TextureCoord>
      </VertexPositionNormalTextureInstance>
      <VertexPositionNormalTextureInstance>
        <Position>
          <Vector3 x="-2.5" y="-3.8125" z="2.4375"/>
        </Position>
        <Normal>5</Normal>
        <TextureCoord>
          <Vector2 x="0.03125" y="0.9765625"/>
        </TextureCoord>
      </VertexPositionNormalTextureInstance>
      <VertexPositionNormalTextureInstance>
        <Position>
          <Vector3 x="-2.5" y="-3.6875" z="2.4375"/>
        </Position>
        <Normal>5</Normal>
        <TextureCoord>
          <Vector2 x="0.03125" y="0.9609375"/>
        </TextureCoord>
      </VertexPositionNormalTextureInstance>
      <VertexPositionNormalTextureInstance>
        <Position>
          <Vector3 x="-2.4375" y="-3.6875" z="2.4375"/>
        </Position>
        <Normal>5</Normal>
        <TextureCoord>
          <Vector2 x="0.0325520858169" y="0.9609375"/>
        </TextureCoord>
      </VertexPositionNormalTextureInstance>
      <VertexPositionNormalTextureInstance>
        <Position>
          <Vector3 x="-2.4375" y="-3.8125" z="2.4375"/>
        </Position>
        <Normal>5</Normal>
        <TextureCoord>
          <Vector2 x="0.0325520858169" y="0.9765625"/>
        </TextureCoord>
      </VertexPositionNormalTextureInstance>
      <VertexPositionNormalTextureInstance>
        <Position>
          <Vector3 x="2.4375" y="-3.6875" z="2.4375"/>
        </Position>
        <Normal>1</Normal>
        <TextureCoord>
          <Vector2 x="0.967447936535" y="0.1953125"/>
        </TextureCoord>
      </VertexPositionNormalTextureInstance>
      <VertexPositionNormalTextureInstance>
        <Position>
          <Vector3 x="2.5" y="-3.6875" z="2.4375"/>
        </Position>
        <Normal>1</Normal>
        <TextureCoord>
          <Vector2 x="0.96875" y="0.1953125"/>
        </TextureCoord>
      </VertexPositionNormalTextureInstance>
      <VertexPositionNormalTextureInstance>
        <Position>
          <Vector3 x="2.5" y="-3.6875" z="2.5"/>
        </Position>
        <Normal>1</Normal>
        <TextureCoord>
          <Vector2 x="0.96875" y="0.1875"/>
        </TextureCoord>
      </VertexPositionNormalTextureInstance>
      <VertexPositionNormalTextureInstance>
        <Position>
          <Vector3 x="2.4375" y="-3.6875" z="2.5"/>
        </Position>
        <Normal>1</Normal>
        <TextureCoord>
          <Vector2 x="0.967447936535" y="0.1875"/>
        </TextureCoord>
      </VertexPositionNormalTextureInstance>
      <VertexPositionNormalTextureInstance>
        <Position>
          <Vector3 x="2.4375" y="-3.8125" z="2.4375"/>
        </Position>
        <Normal>4</Normal>
        <TextureCoord>
          <Vector2 x="0.80078125" y="0.8046875"/>
        </TextureCoord>
      </VertexPositionNormalTextureInstance>
      <VertexPositionNormalTextureInstance>
        <Position>
          <Vector3 x="2.5" y="-3.8125" z="2.4375"/>
        </Position>
        <Normal>4</Normal>
        <TextureCoord>
          <Vector2 x="0.80208337307" y="0.8046875"/>
        </TextureCoord>
      </VertexPositionNormalTextureInstance>
      <VertexPositionNormalTextureInstance>
        <Position>
          <Vector3 x="2.5" y="-3.8125" z="2.5"/>
        </Position>
        <Normal>4</Normal>
        <TextureCoord>
          <Vector2 x="0.80208337307" y="0.8125"/>
        </TextureCoord>
      </VertexPositionNormalTextureInstance>
      <VertexPositionNormalTextureInstance>
        <Position>
          <Vector3 x="2.4375" y="-3.8125" z="2.5"/>
        </Position>
        <Normal>4</Normal>
        <TextureCoord>
          <Vector2 x="0.80078125" y="0.8125"/>
        </TextureCoord>
      </VertexPositionNormalTextureInstance>
      <VertexPositionNormalTextureInstance>
        <Position>
          <Vector3 x="2.4375" y="-3.8125" z="2.4375"/>
        </Position>
        <Normal>5</Normal>
        <TextureCoord>
          <Vector2 x="0.134114593267" y="0.9765625"/>
        </TextureCoord>
      </VertexPositionNormalTextureInstance>
      <VertexPositionNormalTextureInstance>
        <Position>
          <Vector3 x="2.4375" y="-3.6875" z="2.4375"/>
        </Position>
        <Normal>5</Normal>
        <TextureCoord>
          <Vector2 x="0.134114593267" y="0.9609375"/>
        </TextureCoord>
      </VertexPositionNormalTextureInstance>
      <VertexPositionNormalTextureInstance>
        <Position>
          <Vector3 x="2.5" y="-3.6875" z="2.4375"/>
        </Position>
        <Normal>5</Normal>
        <TextureCoord>
          <Vector2 x="0.135416671634" y="0.9609375"/>
        </TextureCoord>
      </VertexPositionNormalTextureInstance>
      <VertexPositionNormalTextureInstance>
        <Position>
          <Vector3 x="2.5" y="-3.8125" z="2.4375"/>
        </Position>
        <Normal>5</Normal>
        <TextureCoord>
          <Vector2 x="0.135416671634" y="0.9765625"/>
        </TextureCoord>
      </VertexPositionNormalTextureInstance>
      <VertexPositionNormalTextureInstance>
        <Position>
          <Vector3 x="2.4375" y="-3.8125" z="2.4375"/>
        </Position>
        <Normal>3</Normal>
        <TextureCoord>
          <Vector2 x="0.19921875" y="0.9765625"/>
        </TextureCoord>
      </VertexPositionNormalTextureInstance>
      <VertexPositionNormalTextureInstance>
        <Position>
          <Vector3 x="2.4375" y="-3.8125" z="2.5"/>
        </Position>
        <Normal>3</Normal>
        <TextureCoord>
          <Vector2 x="0.197916671634" y="0.9765625"/>
        </TextureCoord>
      </VertexPositionNormalTextureInstance>
      <VertexPositionNormalTextureInstance>
        <Position>
          <Vector3 x="2.4375" y="-3.6875" z="2.5"/>
        </Position>
        <Normal>3</Normal>
        <TextureCoord>
          <Vector2 x="0.197916671634" y="0.9609375"/>
        </TextureCoord>
      </VertexPositionNormalTextureInstance>
      <VertexPositionNormalTextureInstance>
        <Position>
          <Vector3 x="2.4375" y="-3.6875" z="2.4375"/>
        </Position>
        <Normal>3</Normal>
        <TextureCoord>
          <Vector2 x="0.19921875" y="0.9609375"/>
        </TextureCoord>
      </VertexPositionNormalTextureInstance>
      <VertexPositionNormalTextureInstance>
        <Position>
          <Vector3 x="2.4375" y="-3.4375" z="2.4375"/>
        </Position>
        <Normal>1</Normal>
        <TextureCoord>
          <Vector2 x="0.967447936535" y="0.1953125"/>
        </TextureCoord>
      </VertexPositionNormalTextureInstance>
      <VertexPositionNormalTextureInstance>
        <Position>
          <Vector3 x="2.5" y="-3.4375" z="2.4375"/>
        </Position>
        <Normal>1</Normal>
        <TextureCoord>
          <Vector2 x="0.96875" y="0.1953125"/>
        </TextureCoord>
      </VertexPositionNormalTextureInstance>
      <VertexPositionNormalTextureInstance>
        <Position>
          <Vector3 x="2.5" y="-3.4375" z="2.5"/>
        </Position>
        <Normal>1</Normal>
        <TextureCoord>
          <Vector2 x="0.96875" y="0.1875"/>
        </TextureCoord>
      </VertexPositionNormalTextureInstance>
      <VertexPositionNormalTextureInstance>
        <Position>
          <Vector3 x="2.4375" y="-3.4375" z="2.5"/>
        </Position>
        <Normal>1</Normal>
        <TextureCoord>
          <Vector2 x="0.967447936535" y="0.1875"/>
        </TextureCoord>
      </VertexPositionNormalTextureInstance>
      <VertexPositionNormalTextureInstance>
        <Position>
          <Vector3 x="2.4375" y="-3.5625" z="2.4375"/>
        </Position>
        <Normal>3</Normal>
        <TextureCoord>
          <Vector2 x="0.19921875" y="0.9453125"/>
        </TextureCoord>
      </VertexPositionNormalTextureInstance>
      <VertexPositionNormalTextureInstance>
        <Position>
          <Vector3 x="2.4375" y="-3.5625" z="2.5"/>
        </Position>
        <Normal>3</Normal>
        <TextureCoord>
          <Vector2 x="0.197916671634" y="0.9453125"/>
        </TextureCoord>
      </VertexPositionNormalTextureInstance>
      <VertexPositionNormalTextureInstance>
        <Position>
          <Vector3 x="2.4375" y="-3.4375" z="2.5"/>
        </Position>
        <Normal>3</Normal>
        <TextureCoord>
          <Vector2 x="0.197916671634" y="0.9296875"/>
        </TextureCoord>
      </VertexPositionNormalTextureInstance>
      <VertexPositionNormalTextureInstance>
        <Position>
          <Vector3 x="2.4375" y="-3.4375" z="2.4375"/>
        </Position>
        <Normal>3</Normal>
        <TextureCoord>
          <Vector2 x="0.19921875" y="0.9296875"/>
        </TextureCoord>
      </VertexPositionNormalTextureInstance>
      <VertexPositionNormalTextureInstance>
        <Position>
          <Vector3 x="2.4375" y="-3.5625" z="2.4375"/>
        </Position>
        <Normal>4</Normal>
        <TextureCoord>
          <Vector2 x="0.80078125" y="0.8046875"/>
        </TextureCoord>
      </VertexPositionNormalTextureInstance>
      <VertexPositionNormalTextureInstance>
        <Position>
          <Vector3 x="2.5" y="-3.5625" z="2.4375"/>
        </Position>
        <Normal>4</Normal>
        <TextureCoord>
          <Vector2 x="0.80208337307" y="0.8046875"/>
        </TextureCoord>
      </VertexPositionNormalTextureInstance>
      <VertexPositionNormalTextureInstance>
        <Position>
          <Vector3 x="2.5" y="-3.5625" z="2.5"/>
        </Position>
        <Normal>4</Normal>
        <TextureCoord>
          <Vector2 x="0.80208337307" y="0.8125"/>
        </TextureCoord>
      </VertexPositionNormalTextureInstance>
      <VertexPositionNormalTextureInstance>
        <Position>
          <Vector3 x="2.4375" y="-3.5625" z="2.5"/>
        </Position>
        <Normal>4</Normal>
        <TextureCoord>
          <Vector2 x="0.80078125" y="0.8125"/>
        </TextureCoord>
      </VertexPositionNormalTextureInstance>
      <VertexPositionNormalTextureInstance>
        <Position>
          <Vector3 x="2.4375" y="-3.5625" z="2.4375"/>
        </Position>
        <Normal>5</Normal>
        <TextureCoord>
          <Vector2 x="0.134114593267" y="0.9453125"/>
        </TextureCoord>
      </VertexPositionNormalTextureInstance>
      <VertexPositionNormalTextureInstance>
        <Position>
          <Vector3 x="2.4375" y="-3.4375" z="2.4375"/>
        </Position>
        <Normal>5</Normal>
        <TextureCoord>
          <Vector2 x="0.134114593267" y="0.9296875"/>
        </TextureCoord>
      </VertexPositionNormalTextureInstance>
      <VertexPositionNormalTextureInstance>
        <Position>
          <Vector3 x="2.5" y="-3.4375" z="2.4375"/>
        </Position>
        <Normal>5</Normal>
        <TextureCoord>
          <Vector2 x="0.135416671634" y="0.9296875"/>
        </TextureCoord>
      </VertexPositionNormalTextureInstance>
      <VertexPositionNormalTextureInstance>
        <Position>
          <Vector3 x="2.5" y="-3.5625" z="2.4375"/>
        </Position>
        <Normal>5</Normal>
        <TextureCoord>
          <Vector2 x="0.135416671634" y="0.9453125"/>
        </TextureCoord>
      </VertexPositionNormalTextureInstance>
    </Vertices>
    <Indices>
      <Index>0</Index>
      <Index>2</Index>
      <Index>1</Index>
      <Index>0</Index>
      <Index>3</Index>
      <Index>2</Index>
      <Index>4</Index>
      <Index>6</Index>
      <Index>5</Index>
      <Index>4</Index>
      <Index>7</Index>
      <Index>6</Index>
      <Index>8</Index>
      <Index>10</Index>
      <Index>9</Index>
      <Index>8</Index>
      <Index>4</Index>
      <Index>10</Index>
      <Index>7</Index>
      <Index>12</Index>
      <Index>11</Index>
      <Index>7</Index>
      <Index>13</Index>
      <Index>12</Index>
      <Index>14</Index>
      <Index>16</Index>
      <Index>15</Index>
      <Index>14</Index>
      <Index>17</Index>
      <Index>16</Index>
      <Index>18</Index>
      <Index>20</Index>
      <Index>19</Index>
      <Index>18</Index>
      <Index>21</Index>
      <Index>20</Index>
      <Index>22</Index>
      <Index>5</Index>
      <Index>23</Index>
      <Index>22</Index>
      <Index>24</Index>
      <Index>5</Index>
      <Index>25</Index>
      <Index>26</Index>
      <Index>6</Index>
      <Index>25</Index>
      <Index>27</Index>
      <Index>26</Index>
      <Index>28</Index>
      <Index>30</Index>
      <Index>29</Index>
      <Index>28</Index>
      <Index>31</Index>
      <Index>30</Index>
      <Index>32</Index>
      <Index>33</Index>
      <Index>28</Index>
      <Index>32</Index>
      <Index>34</Index>
      <Index>33</Index>
      <Index>35</Index>
      <Index>37</Index>
      <Index>36</Index>
      <Index>35</Index>
      <Index>38</Index>
      <Index>37</Index>
      <Index>39</Index>
      <Index>31</Index>
      <Index>40</Index>
      <Index>39</Index>
      <Index>41</Index>
      <Index>31</Index>
      <Index>29</Index>
      <Index>43</Index>
      <Index>42</Index>
      <Index>29</Index>
      <Index>44</Index>
      <Index>43</Index>
      <Index>45</Index>
      <Index>47</Index>
      <Index>46</Index>
      <Index>45</Index>
      <Index>48</Index>
      <Index>47</Index>
      <Index>49</Index>
      <Index>51</Index>
      <Index>50</Index>
      <Index>49</Index>
      <Index>30</Index>
      <Index>51</Index>
      <Index>52</Index>
      <Index>53</Index>
      <Index>54</Index>
      <Index>52</Index>
      <Index>54</Index>
      <Index>55</Index>
      <Index>56</Index>
      <Index>57</Index>
      <Index>58</Index>
      <Index>56</Index>
      <Index>58</Index>
      <Index>52</Index>
      <Index>55</Index>
      <Index>59</Index>
      <Index>60</Index>
      <Index>55</Index>
      <Index>60</Index>
      <Index>61</Index>
      <Index>62</Index>
      <Index>63</Index>
      <Index>64</Index>
      <Index>62</Index>
      <Index>64</Index>
      <Index>65</Index>
      <Index>66</Index>
      <Index>67</Index>
      <Index>68</Index>
      <Index>66</Index>
      <Index>68</Index>
      <Index>69</Index>
      <Index>70</Index>
      <Index>71</Index>
      <Index>53</Index>
      <Index>70</Index>
      <Index>53</Index>
      <Index>72</Index>
      <Index>73</Index>
      <Index>54</Index>
      <Index>74</Index>
      <Index>73</Index>
      <Index>74</Index>
      <Index>75</Index>
      <Index>76</Index>
      <Index>77</Index>
      <Index>78</Index>
      <Index>76</Index>
      <Index>78</Index>
      <Index>79</Index>
      <Index>80</Index>
      <Index>81</Index>
      <Index>82</Index>
      <Index>80</Index>
      <Index>82</Index>
      <Index>83</Index>
      <Index>84</Index>
      <Index>80</Index>
      <Index>85</Index>
      <Index>84</Index>
      <Index>85</Index>
      <Index>86</Index>
      <Index>87</Index>
      <Index>88</Index>
      <Index>89</Index>
      <Index>87</Index>
      <Index>89</Index>
      <Index>90</Index>
      <Index>91</Index>
      <Index>92</Index>
      <Index>83</Index>
      <Index>91</Index>
      <Index>83</Index>
      <Index>93</Index>
      <Index>81</Index>
      <Index>94</Index>
      <Index>95</Index>
      <Index>81</Index>
      <Index>95</Index>
      <Index>96</Index>
      <Index>97</Index>
      <Index>98</Index>
      <Index>99</Index>
      <Index>97</Index>
      <Index>99</Index>
      <Index>100</Index>
      <Index>101</Index>
      <Index>102</Index>
      <Index>103</Index>
      <Index>101</Index>
      <Index>103</Index>
      <Index>82</Index>
      <Index>104</Index>
      <Index>106</Index>
      <Index>105</Index>
      <Index>104</Index>
      <Index>107</Index>
      <Index>106</Index>
      <Index>108</Index>
      <Index>109</Index>
      <Index>110</Index>
      <Index>108</Index>
      <Index>110</Index>
      <Index>111</Index>
      <Index>112</Index>
      <Index>113</Index>
      <Index>114</Index>
      <Index>112</Index>
      <Index>114</Index>
      <Index>115</Index>
      <Index>116</Index>
      <Index>118</Index>
      <Index>117</Index>
      <Index>116</Index>
      <Index>119</Index>
      <Index>118</Index>
      <Index>120</Index>
      <Index>122</Index>
      <Index>121</Index>
      <Index>120</Index>
      <Index>123</Index>
      <Index>122</Index>
      <Index>124</Index>
      <Index>125</Index>
      <Index>126</Index>
      <Index>124</Index>
      <Index>126</Index>
      <Index>127</Index>
      <Index>128</Index>
      <Index>129</Index>
      <Index>130</Index>
      <Index>128</Index>
      <Index>130</Index>
      <Index>131</Index>
      <Index>132</Index>
      <Index>134</Index>
      <Index>133</Index>
      <Index>132</Index>
      <Index>135</Index>
      <Index>134</Index>
      <Index>136</Index>
      <Index>138</Index>
      <Index>137</Index>
      <Index>136</Index>
      <Index>139</Index>
      <Index>138</Index>
      <Index>140</Index>
      <Index>142</Index>
      <Index>141</Index>
      <Index>140</Index>
      <Index>143</Index>
      <Index>142</Index>
      <Index>144</Index>
      <Index>146</Index>
      <Index>145</Index>
      <Index>144</Index>
      <Index>147</Index>
      <Index>146</Index>
      <Index>148</Index>
      <Index>149</Index>
      <Index>150</Index>
      <Index>148</Index>
      <Index>150</Index>
      <Index>151</Index>
      <Index>152</Index>
      <Index>154</Index>
      <Index>153</Index>
      <Index>152</Index>
      <Index>155</Index>
      <Index>154</Index>
      <Index>156</Index>
      <Index>158</Index>
      <Index>157</Index>
      <Index>156</Index>
      <Index>159</Index>
      <Index>158</Index>
      <Index>160</Index>
      <Index>162</Index>
      <Index>161</Index>
      <Index>160</Index>
      <Index>163</Index>
      <Index>162</Index>
      <Index>164</Index>
      <Index>165</Index>
      <Index>166</Index>
      <Index>164</Index>
      <Index>166</Index>
      <Index>167</Index>
      <Index>168</Index>
      <Index>170</Index>
      <Index>169</Index>
      <Index>168</Index>
      <Index>171</Index>
      <Index>170</Index>
      <Index>172</Index>
      <Index>174</Index>
      <Index>173</Index>
      <Index>172</Index>
      <Index>175</Index>
      <Index>174</Index>
      <Index>176</Index>
      <Index>177</Index>
      <Index>178</Index>
      <Index>176</Index>
      <Index>178</Index>
      <Index>179</Index>
      <Index>180</Index>
      <Index>181</Index>
      <Index>182</Index>
      <Index>180</Index>
      <Index>182</Index>
      <Index>183</Index>
      <Index>184</Index>
      <Index>186</Index>
      <Index>185</Index>
      <Index>184</Index>
      <Index>187</Index>
      <Index>186</Index>
      <Index>188</Index>
      <Index>190</Index>
      <Index>189</Index>
      <Index>188</Index>
      <Index>191</Index>
      <Index>190</Index>
      <Index>192</Index>
      <Index>193</Index>
      <Index>194</Index>
      <Index>192</Index>
      <Index>194</Index>
      <Index>195</Index>
      <Index>196</Index>
      <Index>197</Index>
      <Index>198</Index>
      <Index>196</Index>
      <Index>198</Index>
      <Index>199</Index>
      <Index>200</Index>
      <Index>202</Index>
      <Index>201</Index>
      <Index>200</Index>
      <Index>203</Index>
      <Index>202</Index>
      <Index>204</Index>
      <Index>205</Index>
      <Index>206</Index>
      <Index>204</Index>
      <Index>206</Index>
      <Index>207</Index>
      <Index>208</Index>
      <Index>209</Index>
      <Index>210</Index>
      <Index>208</Index>
      <Index>210</Index>
      <Index>211</Index>
      <Index>212</Index>
      <Index>213</Index>
      <Index>214</Index>
      <Index>212</Index>
      <Index>214</Index>
      <Index>215</Index>
      <Index>216</Index>
      <Index>218</Index>
      <Index>217</Index>
      <Index>216</Index>
      <Index>219</Index>
      <Index>218</Index>
      <Index>220</Index>
      <Index>221</Index>
      <Index>222</Index>
      <Index>220</Index>
      <Index>222</Index>
      <Index>223</Index>
      <Index>224</Index>
      <Index>225</Index>
      <Index>226</Index>
      <Index>224</Index>
      <Index>226</Index>
      <Index>227</Index>
      <Index>228</Index>
      <Index>229</Index>
      <Index>230</Index>
      <Index>228</Index>
      <Index>230</Index>
      <Index>231</Index>
    </Indices>
  </ShaderInstancedIndexedPrimitives>
</ArtObject>
