<?xml version='1.0' encoding='UTF-8'?>
<ArtObject name="INT_CEILING_LAMP_0AO" noSilhouette="True" actorType="None">
  <Size>
    <Vector3 x="1.0" y="1.0" z="1.0"/>
  </Size>
  <ShaderInstancedIndexedPrimitives type="TriangleList">
    <Vertices>
      <VertexPositionNormalTextureInstance>
        <Position>
          <Vector3 x="0.0" y="-0.5" z="0.0"/>
        </Position>
        <Normal>1</Normal>
        <TextureCoord>
          <Vector2 x="0.916666686535" y="0.5"/>
        </TextureCoord>
      </VertexPositionNormalTextureInstance>
      <VertexPositionNormalTextureInstance>
        <Position>
          <Vector3 x="0.0625" y="-0.5" z="0.0"/>
        </Position>
        <Normal>1</Normal>
        <TextureCoord>
          <Vector2 x="0.92708337307" y="0.5"/>
        </TextureCoord>
      </VertexPositionNormalTextureInstance>
      <VertexPositionNormalTextureInstance>
        <Position>
          <Vector3 x="0.0625" y="-0.5" z="0.0625"/>
        </Position>
        <Normal>1</Normal>
        <TextureCoord>
          <Vector2 x="0.92708337307" y="0.4375"/>
        </TextureCoord>
      </VertexPositionNormalTextureInstance>
      <VertexPositionNormalTextureInstance>
        <Position>
          <Vector3 x="0.0" y="-0.5" z="0.0625"/>
        </Position>
        <Normal>1</Normal>
        <TextureCoord>
          <Vector2 x="0.916666686535" y="0.4375"/>
        </TextureCoord>
      </VertexPositionNormalTextureInstance>
      <VertexPositionNormalTextureInstance>
        <Position>
          <Vector3 x="0.0" y="0.5" z="0.0"/>
        </Position>
        <Normal>4</Normal>
        <TextureCoord>
          <Vector2 x="0.75" y="0.5"/>
        </TextureCoord>
      </VertexPositionNormalTextureInstance>
      <VertexPositionNormalTextureInstance>
        <Position>
          <Vector3 x="0.0625" y="0.5" z="0.0"/>
        </Position>
        <Normal>4</Normal>
        <TextureCoord>
          <Vector2 x="0.760416686535" y="0.5"/>
        </TextureCoord>
      </VertexPositionNormalTextureInstance>
      <VertexPositionNormalTextureInstance>
        <Position>
          <Vector3 x="0.0625" y="0.5" z="0.0625"/>
        </Position>
        <Normal>4</Normal>
        <TextureCoord>
          <Vector2 x="0.760416686535" y="0.5625"/>
        </TextureCoord>
      </VertexPositionNormalTextureInstance>
      <VertexPositionNormalTextureInstance>
        <Position>
          <Vector3 x="0.0" y="0.5" z="0.0625"/>
        </Position>
        <Normal>4</Normal>
        <TextureCoord>
          <Vector2 x="0.75" y="0.5625"/>
        </TextureCoord>
      </VertexPositionNormalTextureInstance>
      <VertexPositionNormalTextureInstance>
        <Position>
          <Vector3 x="0.0" y="-0.5" z="0.0"/>
        </Position>
        <Normal>0</Normal>
        <TextureCoord>
          <Vector2 x="0.58333337307" y="1.0"/>
        </TextureCoord>
      </VertexPositionNormalTextureInstance>
      <VertexPositionNormalTextureInstance>
        <Position>
          <Vector3 x="0.0" y="-0.5" z="0.0625"/>
        </Position>
        <Normal>0</Normal>
        <TextureCoord>
          <Vector2 x="0.59375" y="1.0"/>
        </TextureCoord>
      </VertexPositionNormalTextureInstance>
      <VertexPositionNormalTextureInstance>
        <Position>
          <Vector3 x="0.0" y="0.5" z="0.0625"/>
        </Position>
        <Normal>0</Normal>
        <TextureCoord>
          <Vector2 x="0.59375" y="0.0"/>
        </TextureCoord>
      </VertexPositionNormalTextureInstance>
      <VertexPositionNormalTextureInstance>
        <Position>
          <Vector3 x="0.0" y="0.5" z="0.0"/>
        </Position>
        <Normal>0</Normal>
        <TextureCoord>
          <Vector2 x="0.58333337307" y="0.0"/>
        </TextureCoord>
      </VertexPositionNormalTextureInstance>
      <VertexPositionNormalTextureInstance>
        <Position>
          <Vector3 x="0.0625" y="-0.5" z="0.0"/>
        </Position>
        <Normal>3</Normal>
        <TextureCoord>
          <Vector2 x="0.25" y="1.0"/>
        </TextureCoord>
      </VertexPositionNormalTextureInstance>
      <VertexPositionNormalTextureInstance>
        <Position>
          <Vector3 x="0.0625" y="-0.5" z="0.0625"/>
        </Position>
        <Normal>3</Normal>
        <TextureCoord>
          <Vector2 x="0.239583343267" y="1.0"/>
        </TextureCoord>
      </VertexPositionNormalTextureInstance>
      <VertexPositionNormalTextureInstance>
        <Position>
          <Vector3 x="0.0625" y="0.5" z="0.0625"/>
        </Position>
        <Normal>3</Normal>
        <TextureCoord>
          <Vector2 x="0.239583343267" y="0.0"/>
        </TextureCoord>
      </VertexPositionNormalTextureInstance>
      <VertexPositionNormalTextureInstance>
        <Position>
          <Vector3 x="0.0625" y="0.5" z="0.0"/>
        </Position>
        <Normal>3</Normal>
        <TextureCoord>
          <Vector2 x="0.25" y="0.0"/>
        </TextureCoord>
      </VertexPositionNormalTextureInstance>
      <VertexPositionNormalTextureInstance>
        <Position>
          <Vector3 x="0.0" y="-0.5" z="0.0"/>
        </Position>
        <Normal>2</Normal>
        <TextureCoord>
          <Vector2 x="0.416666686535" y="1.0"/>
        </TextureCoord>
      </VertexPositionNormalTextureInstance>
      <VertexPositionNormalTextureInstance>
        <Position>
          <Vector3 x="0.0" y="0.5" z="0.0"/>
        </Position>
        <Normal>2</Normal>
        <TextureCoord>
          <Vector2 x="0.416666686535" y="0.0"/>
        </TextureCoord>
      </VertexPositionNormalTextureInstance>
      <VertexPositionNormalTextureInstance>
        <Position>
          <Vector3 x="0.0625" y="0.5" z="0.0"/>
        </Position>
        <Normal>2</Normal>
        <TextureCoord>
          <Vector2 x="0.40625" y="0.0"/>
        </TextureCoord>
      </VertexPositionNormalTextureInstance>
      <VertexPositionNormalTextureInstance>
        <Position>
          <Vector3 x="0.0625" y="-0.5" z="0.0"/>
        </Position>
        <Normal>2</Normal>
        <TextureCoord>
          <Vector2 x="0.40625" y="1.0"/>
        </TextureCoord>
      </VertexPositionNormalTextureInstance>
      <VertexPositionNormalTextureInstance>
        <Position>
          <Vector3 x="0.0" y="-0.5" z="0.0625"/>
        </Position>
        <Normal>5</Normal>
        <TextureCoord>
          <Vector2 x="0.0833333358169" y="1.0"/>
        </TextureCoord>
      </VertexPositionNormalTextureInstance>
      <VertexPositionNormalTextureInstance>
        <Position>
          <Vector3 x="0.0" y="0.5" z="0.0625"/>
        </Position>
        <Normal>5</Normal>
        <TextureCoord>
          <Vector2 x="0.0833333358169" y="0.0"/>
        </TextureCoord>
      </VertexPositionNormalTextureInstance>
      <VertexPositionNormalTextureInstance>
        <Position>
          <Vector3 x="0.0625" y="0.5" z="0.0625"/>
        </Position>
        <Normal>5</Normal>
        <TextureCoord>
          <Vector2 x="0.09375" y="0.0"/>
        </TextureCoord>
      </VertexPositionNormalTextureInstance>
      <VertexPositionNormalTextureInstance>
        <Position>
          <Vector3 x="0.0625" y="-0.5" z="0.0625"/>
        </Position>
        <Normal>5</Normal>
        <TextureCoord>
          <Vector2 x="0.09375" y="1.0"/>
        </TextureCoord>
      </VertexPositionNormalTextureInstance>
    </Vertices>
    <Indices>
      <Index>0</Index>
      <Index>2</Index>
      <Index>1</Index>
      <Index>0</Index>
      <Index>3</Index>
      <Index>2</Index>
      <Index>4</Index>
      <Index>5</Index>
      <Index>6</Index>
      <Index>4</Index>
      <Index>6</Index>
      <Index>7</Index>
      <Index>8</Index>
      <Index>10</Index>
      <Index>9</Index>
      <Index>8</Index>
      <Index>11</Index>
      <Index>10</Index>
      <Index>12</Index>
      <Index>13</Index>
      <Index>14</Index>
      <Index>12</Index>
      <Index>14</Index>
      <Index>15</Index>
      <Index>16</Index>
      <Index>18</Index>
      <Index>17</Index>
      <Index>16</Index>
      <Index>19</Index>
      <Index>18</Index>
      <Index>20</Index>
      <Index>21</Index>
      <Index>22</Index>
      <Index>20</Index>
      <Index>22</Index>
      <Index>23</Index>
    </Indices>
  </ShaderInstancedIndexedPrimitives>
</ArtObject>
