<?xml version='1.0' encoding='UTF-8'?>
<ArtObject name="LIBRARY_DOORAO" noSilhouette="False" actorType="None">
  <Size>
    <Vector3 x="8.0" y="8.0" z="8.0"/>
  </Size>
  <ShaderInstancedIndexedPrimitives type="TriangleList">
    <Vertices>
      <VertexPositionNormalTextureInstance>
        <Position>
          <Vector3 x="3.6875" y="-4.0" z="1.0"/>
        </Position>
        <Normal>1</Normal>
        <TextureCoord>
          <Vector2 x="0.99348962307" y="0.375"/>
        </TextureCoord>
      </VertexPositionNormalTextureInstance>
      <VertexPositionNormalTextureInstance>
        <Position>
          <Vector3 x="4.0" y="-4.0" z="1.0"/>
        </Position>
        <Normal>1</Normal>
        <TextureCoord>
          <Vector2 x="1.0" y="0.375"/>
        </TextureCoord>
      </VertexPositionNormalTextureInstance>
      <VertexPositionNormalTextureInstance>
        <Position>
          <Vector3 x="4.0" y="-4.0" z="4.0"/>
        </Position>
        <Normal>1</Normal>
        <TextureCoord>
          <Vector2 x="1.0" y="0.0"/>
        </TextureCoord>
      </VertexPositionNormalTextureInstance>
      <VertexPositionNormalTextureInstance>
        <Position>
          <Vector3 x="3.6875" y="-4.0" z="4.0"/>
        </Position>
        <Normal>1</Normal>
        <TextureCoord>
          <Vector2 x="0.99348962307" y="0.0"/>
        </TextureCoord>
      </VertexPositionNormalTextureInstance>
      <VertexPositionNormalTextureInstance>
        <Position>
          <Vector3 x="3.5" y="-4.0" z="1.0"/>
        </Position>
        <Normal>1</Normal>
        <TextureCoord>
          <Vector2 x="0.98958337307" y="0.375"/>
        </TextureCoord>
      </VertexPositionNormalTextureInstance>
      <VertexPositionNormalTextureInstance>
        <Position>
          <Vector3 x="3.6875" y="-4.0" z="1.5"/>
        </Position>
        <Normal>1</Normal>
        <TextureCoord>
          <Vector2 x="0.99348962307" y="0.3125"/>
        </TextureCoord>
      </VertexPositionNormalTextureInstance>
      <VertexPositionNormalTextureInstance>
        <Position>
          <Vector3 x="3.5" y="-4.0" z="1.5"/>
        </Position>
        <Normal>1</Normal>
        <TextureCoord>
          <Vector2 x="0.98958337307" y="0.3125"/>
        </TextureCoord>
      </VertexPositionNormalTextureInstance>
      <VertexPositionNormalTextureInstance>
        <Position>
          <Vector3 x="3.5" y="-4.0" z="3.5"/>
        </Position>
        <Normal>1</Normal>
        <TextureCoord>
          <Vector2 x="0.98958337307" y="0.0625"/>
        </TextureCoord>
      </VertexPositionNormalTextureInstance>
      <VertexPositionNormalTextureInstance>
        <Position>
          <Vector3 x="3.6875" y="-4.0" z="3.5"/>
        </Position>
        <Normal>1</Normal>
        <TextureCoord>
          <Vector2 x="0.99348962307" y="0.0625"/>
        </TextureCoord>
      </VertexPositionNormalTextureInstance>
      <VertexPositionNormalTextureInstance>
        <Position>
          <Vector3 x="3.5" y="-4.0" z="4.0"/>
        </Position>
        <Normal>1</Normal>
        <TextureCoord>
          <Vector2 x="0.98958337307" y="0.0"/>
        </TextureCoord>
      </VertexPositionNormalTextureInstance>
      <VertexPositionNormalTextureInstance>
        <Position>
          <Vector3 x="4.0" y="-4.0" z="1.0"/>
        </Position>
        <Normal>3</Normal>
        <TextureCoord>
          <Vector2 x="0.229166671634" y="1.0"/>
        </TextureCoord>
      </VertexPositionNormalTextureInstance>
      <VertexPositionNormalTextureInstance>
        <Position>
          <Vector3 x="4.0" y="-4.0" z="4.0"/>
        </Position>
        <Normal>3</Normal>
        <TextureCoord>
          <Vector2 x="0.166666671634" y="1.0"/>
        </TextureCoord>
      </VertexPositionNormalTextureInstance>
      <VertexPositionNormalTextureInstance>
        <Position>
          <Vector3 x="4.0" y="0.5" z="4.0"/>
        </Position>
        <Normal>3</Normal>
        <TextureCoord>
          <Vector2 x="0.166666671634" y="0.4375"/>
        </TextureCoord>
      </VertexPositionNormalTextureInstance>
      <VertexPositionNormalTextureInstance>
        <Position>
          <Vector3 x="4.0" y="0.5" z="1.0"/>
        </Position>
        <Normal>3</Normal>
        <TextureCoord>
          <Vector2 x="0.229166671634" y="0.4375"/>
        </TextureCoord>
      </VertexPositionNormalTextureInstance>
      <VertexPositionNormalTextureInstance>
        <Position>
          <Vector3 x="3.5" y="-4.0" z="4.0"/>
        </Position>
        <Normal>5</Normal>
        <TextureCoord>
          <Vector2 x="0.15625" y="1.0"/>
        </TextureCoord>
      </VertexPositionNormalTextureInstance>
      <VertexPositionNormalTextureInstance>
        <Position>
          <Vector3 x="3.5" y="0.5" z="4.0"/>
        </Position>
        <Normal>5</Normal>
        <TextureCoord>
          <Vector2 x="0.15625" y="0.4375"/>
        </TextureCoord>
      </VertexPositionNormalTextureInstance>
      <VertexPositionNormalTextureInstance>
        <Position>
          <Vector3 x="4.0" y="0.5" z="4.0"/>
        </Position>
        <Normal>5</Normal>
        <TextureCoord>
          <Vector2 x="0.166666671634" y="0.4375"/>
        </TextureCoord>
      </VertexPositionNormalTextureInstance>
      <VertexPositionNormalTextureInstance>
        <Position>
          <Vector3 x="4.0" y="-4.0" z="4.0"/>
        </Position>
        <Normal>5</Normal>
        <TextureCoord>
          <Vector2 x="0.166666671634" y="1.0"/>
        </TextureCoord>
      </VertexPositionNormalTextureInstance>
      <VertexPositionNormalTextureInstance>
        <Position>
          <Vector3 x="3.5" y="0.5" z="1.0"/>
        </Position>
        <Normal>4</Normal>
        <TextureCoord>
          <Vector2 x="0.822916686535" y="0.625"/>
        </TextureCoord>
      </VertexPositionNormalTextureInstance>
      <VertexPositionNormalTextureInstance>
        <Position>
          <Vector3 x="4.0" y="0.5" z="1.0"/>
        </Position>
        <Normal>4</Normal>
        <TextureCoord>
          <Vector2 x="0.83333337307" y="0.625"/>
        </TextureCoord>
      </VertexPositionNormalTextureInstance>
      <VertexPositionNormalTextureInstance>
        <Position>
          <Vector3 x="4.0" y="0.5" z="4.0"/>
        </Position>
        <Normal>4</Normal>
        <TextureCoord>
          <Vector2 x="0.83333337307" y="1.0"/>
        </TextureCoord>
      </VertexPositionNormalTextureInstance>
      <VertexPositionNormalTextureInstance>
        <Position>
          <Vector3 x="3.5" y="0.5" z="4.0"/>
        </Position>
        <Normal>4</Normal>
        <TextureCoord>
          <Vector2 x="0.822916686535" y="1.0"/>
        </TextureCoord>
      </VertexPositionNormalTextureInstance>
      <VertexPositionNormalTextureInstance>
        <Position>
          <Vector3 x="3.5" y="-4.0" z="1.0"/>
        </Position>
        <Normal>0</Normal>
        <TextureCoord>
          <Vector2 x="0.604166686535" y="1.0"/>
        </TextureCoord>
      </VertexPositionNormalTextureInstance>
      <VertexPositionNormalTextureInstance>
        <Position>
          <Vector3 x="3.5" y="-4.0" z="1.5"/>
        </Position>
        <Normal>0</Normal>
        <TextureCoord>
          <Vector2 x="0.61458337307" y="1.0"/>
        </TextureCoord>
      </VertexPositionNormalTextureInstance>
      <VertexPositionNormalTextureInstance>
        <Position>
          <Vector3 x="3.5" y="0.5" z="1.5"/>
        </Position>
        <Normal>0</Normal>
        <TextureCoord>
          <Vector2 x="0.61458337307" y="0.4375"/>
        </TextureCoord>
      </VertexPositionNormalTextureInstance>
      <VertexPositionNormalTextureInstance>
        <Position>
          <Vector3 x="3.5" y="0.5" z="1.0"/>
        </Position>
        <Normal>0</Normal>
        <TextureCoord>
          <Vector2 x="0.604166686535" y="0.4375"/>
        </TextureCoord>
      </VertexPositionNormalTextureInstance>
      <VertexPositionNormalTextureInstance>
        <Position>
          <Vector3 x="3.5" y="-4.0" z="3.5"/>
        </Position>
        <Normal>0</Normal>
        <TextureCoord>
          <Vector2 x="0.65625" y="1.0"/>
        </TextureCoord>
      </VertexPositionNormalTextureInstance>
      <VertexPositionNormalTextureInstance>
        <Position>
          <Vector3 x="3.5" y="-4.0" z="4.0"/>
        </Position>
        <Normal>0</Normal>
        <TextureCoord>
          <Vector2 x="0.666666686535" y="1.0"/>
        </TextureCoord>
      </VertexPositionNormalTextureInstance>
      <VertexPositionNormalTextureInstance>
        <Position>
          <Vector3 x="3.5" y="0.5" z="4.0"/>
        </Position>
        <Normal>0</Normal>
        <TextureCoord>
          <Vector2 x="0.666666686535" y="0.4375"/>
        </TextureCoord>
      </VertexPositionNormalTextureInstance>
      <VertexPositionNormalTextureInstance>
        <Position>
          <Vector3 x="3.5" y="0.5" z="3.5"/>
        </Position>
        <Normal>0</Normal>
        <TextureCoord>
          <Vector2 x="0.65625" y="0.4375"/>
        </TextureCoord>
      </VertexPositionNormalTextureInstance>
      <VertexPositionNormalTextureInstance>
        <Position>
          <Vector3 x="3.5" y="0.0" z="1.5"/>
        </Position>
        <Normal>0</Normal>
        <TextureCoord>
          <Vector2 x="0.61458337307" y="0.5"/>
        </TextureCoord>
      </VertexPositionNormalTextureInstance>
      <VertexPositionNormalTextureInstance>
        <Position>
          <Vector3 x="3.5" y="0.0" z="3.5"/>
        </Position>
        <Normal>0</Normal>
        <TextureCoord>
          <Vector2 x="0.65625" y="0.5"/>
        </TextureCoord>
      </VertexPositionNormalTextureInstance>
      <VertexPositionNormalTextureInstance>
        <Position>
          <Vector3 x="3.5" y="-4.0" z="1.0"/>
        </Position>
        <Normal>2</Normal>
        <TextureCoord>
          <Vector2 x="0.34375" y="1.0"/>
        </TextureCoord>
      </VertexPositionNormalTextureInstance>
      <VertexPositionNormalTextureInstance>
        <Position>
          <Vector3 x="3.5" y="0.5" z="1.0"/>
        </Position>
        <Normal>2</Normal>
        <TextureCoord>
          <Vector2 x="0.34375" y="0.4375"/>
        </TextureCoord>
      </VertexPositionNormalTextureInstance>
      <VertexPositionNormalTextureInstance>
        <Position>
          <Vector3 x="4.0" y="0.5" z="1.0"/>
        </Position>
        <Normal>2</Normal>
        <TextureCoord>
          <Vector2 x="0.333333343267" y="0.4375"/>
        </TextureCoord>
      </VertexPositionNormalTextureInstance>
      <VertexPositionNormalTextureInstance>
        <Position>
          <Vector3 x="4.0" y="-4.0" z="1.0"/>
        </Position>
        <Normal>2</Normal>
        <TextureCoord>
          <Vector2 x="0.333333343267" y="1.0"/>
        </TextureCoord>
      </VertexPositionNormalTextureInstance>
      <VertexPositionNormalTextureInstance>
        <Position>
          <Vector3 x="3.5" y="0.0" z="1.5"/>
        </Position>
        <Normal>1</Normal>
        <TextureCoord>
          <Vector2 x="0.98958337307" y="0.3125"/>
        </TextureCoord>
      </VertexPositionNormalTextureInstance>
      <VertexPositionNormalTextureInstance>
        <Position>
          <Vector3 x="3.6875" y="0.0" z="1.5"/>
        </Position>
        <Normal>1</Normal>
        <TextureCoord>
          <Vector2 x="0.99348962307" y="0.3125"/>
        </TextureCoord>
      </VertexPositionNormalTextureInstance>
      <VertexPositionNormalTextureInstance>
        <Position>
          <Vector3 x="3.6875" y="0.0" z="3.5"/>
        </Position>
        <Normal>1</Normal>
        <TextureCoord>
          <Vector2 x="0.99348962307" y="0.0625"/>
        </TextureCoord>
      </VertexPositionNormalTextureInstance>
      <VertexPositionNormalTextureInstance>
        <Position>
          <Vector3 x="3.5" y="0.0" z="3.5"/>
        </Position>
        <Normal>1</Normal>
        <TextureCoord>
          <Vector2 x="0.98958337307" y="0.0625"/>
        </TextureCoord>
      </VertexPositionNormalTextureInstance>
      <VertexPositionNormalTextureInstance>
        <Position>
          <Vector3 x="3.5" y="-4.0" z="3.5"/>
        </Position>
        <Normal>2</Normal>
        <TextureCoord>
          <Vector2 x="0.34375" y="1.0"/>
        </TextureCoord>
      </VertexPositionNormalTextureInstance>
      <VertexPositionNormalTextureInstance>
        <Position>
          <Vector3 x="3.5" y="0.0" z="3.5"/>
        </Position>
        <Normal>2</Normal>
        <TextureCoord>
          <Vector2 x="0.34375" y="0.5"/>
        </TextureCoord>
      </VertexPositionNormalTextureInstance>
      <VertexPositionNormalTextureInstance>
        <Position>
          <Vector3 x="3.6875" y="0.0" z="3.5"/>
        </Position>
        <Normal>2</Normal>
        <TextureCoord>
          <Vector2 x="0.33984375" y="0.5"/>
        </TextureCoord>
      </VertexPositionNormalTextureInstance>
      <VertexPositionNormalTextureInstance>
        <Position>
          <Vector3 x="3.6875" y="-4.0" z="3.5"/>
        </Position>
        <Normal>2</Normal>
        <TextureCoord>
          <Vector2 x="0.33984375" y="1.0"/>
        </TextureCoord>
      </VertexPositionNormalTextureInstance>
      <VertexPositionNormalTextureInstance>
        <Position>
          <Vector3 x="3.5" y="-4.0" z="1.5"/>
        </Position>
        <Normal>5</Normal>
        <TextureCoord>
          <Vector2 x="0.15625" y="1.0"/>
        </TextureCoord>
      </VertexPositionNormalTextureInstance>
      <VertexPositionNormalTextureInstance>
        <Position>
          <Vector3 x="3.5" y="0.0" z="1.5"/>
        </Position>
        <Normal>5</Normal>
        <TextureCoord>
          <Vector2 x="0.15625" y="0.5"/>
        </TextureCoord>
      </VertexPositionNormalTextureInstance>
      <VertexPositionNormalTextureInstance>
        <Position>
          <Vector3 x="3.6875" y="0.0" z="1.5"/>
        </Position>
        <Normal>5</Normal>
        <TextureCoord>
          <Vector2 x="0.16015625" y="0.5"/>
        </TextureCoord>
      </VertexPositionNormalTextureInstance>
      <VertexPositionNormalTextureInstance>
        <Position>
          <Vector3 x="3.6875" y="-4.0" z="1.5"/>
        </Position>
        <Normal>5</Normal>
        <TextureCoord>
          <Vector2 x="0.16015625" y="1.0"/>
        </TextureCoord>
      </VertexPositionNormalTextureInstance>
      <VertexPositionNormalTextureInstance>
        <Position>
          <Vector3 x="3.6875" y="-4.0" z="1.5"/>
        </Position>
        <Normal>0</Normal>
        <TextureCoord>
          <Vector2 x="0.61458337307" y="1.0"/>
        </TextureCoord>
      </VertexPositionNormalTextureInstance>
      <VertexPositionNormalTextureInstance>
        <Position>
          <Vector3 x="3.6875" y="-4.0" z="3.5"/>
        </Position>
        <Normal>0</Normal>
        <TextureCoord>
          <Vector2 x="0.65625" y="1.0"/>
        </TextureCoord>
      </VertexPositionNormalTextureInstance>
      <VertexPositionNormalTextureInstance>
        <Position>
          <Vector3 x="3.6875" y="0.0" z="3.5"/>
        </Position>
        <Normal>0</Normal>
        <TextureCoord>
          <Vector2 x="0.65625" y="0.5"/>
        </TextureCoord>
      </VertexPositionNormalTextureInstance>
      <VertexPositionNormalTextureInstance>
        <Position>
          <Vector3 x="3.6875" y="0.0" z="1.5"/>
        </Position>
        <Normal>0</Normal>
        <TextureCoord>
          <Vector2 x="0.61458337307" y="0.5"/>
        </TextureCoord>
      </VertexPositionNormalTextureInstance>
    </Vertices>
    <Indices>
      <Index>0</Index>
      <Index>2</Index>
      <Index>1</Index>
      <Index>0</Index>
      <Index>3</Index>
      <Index>2</Index>
      <Index>4</Index>
      <Index>5</Index>
      <Index>0</Index>
      <Index>4</Index>
      <Index>6</Index>
      <Index>5</Index>
      <Index>7</Index>
      <Index>3</Index>
      <Index>8</Index>
      <Index>7</Index>
      <Index>9</Index>
      <Index>3</Index>
      <Index>10</Index>
      <Index>11</Index>
      <Index>12</Index>
      <Index>10</Index>
      <Index>12</Index>
      <Index>13</Index>
      <Index>14</Index>
      <Index>15</Index>
      <Index>16</Index>
      <Index>14</Index>
      <Index>16</Index>
      <Index>17</Index>
      <Index>18</Index>
      <Index>19</Index>
      <Index>20</Index>
      <Index>18</Index>
      <Index>20</Index>
      <Index>21</Index>
      <Index>22</Index>
      <Index>24</Index>
      <Index>23</Index>
      <Index>22</Index>
      <Index>25</Index>
      <Index>24</Index>
      <Index>26</Index>
      <Index>28</Index>
      <Index>27</Index>
      <Index>26</Index>
      <Index>29</Index>
      <Index>28</Index>
      <Index>30</Index>
      <Index>29</Index>
      <Index>31</Index>
      <Index>30</Index>
      <Index>24</Index>
      <Index>29</Index>
      <Index>32</Index>
      <Index>34</Index>
      <Index>33</Index>
      <Index>32</Index>
      <Index>35</Index>
      <Index>34</Index>
      <Index>36</Index>
      <Index>38</Index>
      <Index>37</Index>
      <Index>36</Index>
      <Index>39</Index>
      <Index>38</Index>
      <Index>40</Index>
      <Index>42</Index>
      <Index>41</Index>
      <Index>40</Index>
      <Index>43</Index>
      <Index>42</Index>
      <Index>44</Index>
      <Index>45</Index>
      <Index>46</Index>
      <Index>44</Index>
      <Index>46</Index>
      <Index>47</Index>
      <Index>48</Index>
      <Index>50</Index>
      <Index>49</Index>
      <Index>48</Index>
      <Index>51</Index>
      <Index>50</Index>
    </Indices>
  </ShaderInstancedIndexedPrimitives>
</ArtObject>
