<?xml version='1.0' encoding='UTF-8'?>
<ArtObject name="LIGHTHOUSE_INT_DOORAO" noSilhouette="False" actorType="None">
  <Size>
    <Vector3 x="2.0" y="2.0" z="2.0"/>
  </Size>
  <ShaderInstancedIndexedPrimitives type="TriangleList">
    <Vertices>
      <VertexPositionNormalTextureInstance>
        <Position>
          <Vector3 x="-0.5" y="-1.0" z="0.875"/>
        </Position>
        <Normal>1</Normal>
        <TextureCoord>
          <Vector2 x="0.875" y="0.0625"/>
        </TextureCoord>
      </VertexPositionNormalTextureInstance>
      <VertexPositionNormalTextureInstance>
        <Position>
          <Vector3 x="0.5" y="-1.0" z="0.875"/>
        </Position>
        <Normal>1</Normal>
        <TextureCoord>
          <Vector2 x="0.95833337307" y="0.0625"/>
        </TextureCoord>
      </VertexPositionNormalTextureInstance>
      <VertexPositionNormalTextureInstance>
        <Position>
          <Vector3 x="0.5" y="-1.0" z="1.0"/>
        </Position>
        <Normal>1</Normal>
        <TextureCoord>
          <Vector2 x="0.95833337307" y="0.0"/>
        </TextureCoord>
      </VertexPositionNormalTextureInstance>
      <VertexPositionNormalTextureInstance>
        <Position>
          <Vector3 x="-0.5" y="-1.0" z="1.0"/>
        </Position>
        <Normal>1</Normal>
        <TextureCoord>
          <Vector2 x="0.875" y="0.0"/>
        </TextureCoord>
      </VertexPositionNormalTextureInstance>
      <VertexPositionNormalTextureInstance>
        <Position>
          <Vector3 x="-0.5" y="1.0" z="0.875"/>
        </Position>
        <Normal>4</Normal>
        <TextureCoord>
          <Vector2 x="0.70833337307" y="0.9375"/>
        </TextureCoord>
      </VertexPositionNormalTextureInstance>
      <VertexPositionNormalTextureInstance>
        <Position>
          <Vector3 x="0.5" y="1.0" z="0.875"/>
        </Position>
        <Normal>4</Normal>
        <TextureCoord>
          <Vector2 x="0.791666686535" y="0.9375"/>
        </TextureCoord>
      </VertexPositionNormalTextureInstance>
      <VertexPositionNormalTextureInstance>
        <Position>
          <Vector3 x="0.5" y="1.0" z="1.0"/>
        </Position>
        <Normal>4</Normal>
        <TextureCoord>
          <Vector2 x="0.791666686535" y="1.0"/>
        </TextureCoord>
      </VertexPositionNormalTextureInstance>
      <VertexPositionNormalTextureInstance>
        <Position>
          <Vector3 x="-0.5" y="1.0" z="1.0"/>
        </Position>
        <Normal>4</Normal>
        <TextureCoord>
          <Vector2 x="0.70833337307" y="1.0"/>
        </TextureCoord>
      </VertexPositionNormalTextureInstance>
      <VertexPositionNormalTextureInstance>
        <Position>
          <Vector3 x="-0.5" y="-1.0" z="1.0"/>
        </Position>
        <Normal>5</Normal>
        <TextureCoord>
          <Vector2 x="0.0416666679084" y="1.0"/>
        </TextureCoord>
      </VertexPositionNormalTextureInstance>
      <VertexPositionNormalTextureInstance>
        <Position>
          <Vector3 x="-0.5" y="1.0" z="1.0"/>
        </Position>
        <Normal>5</Normal>
        <TextureCoord>
          <Vector2 x="0.0416666679084" y="0.0"/>
        </TextureCoord>
      </VertexPositionNormalTextureInstance>
      <VertexPositionNormalTextureInstance>
        <Position>
          <Vector3 x="0.5" y="1.0" z="1.0"/>
        </Position>
        <Normal>5</Normal>
        <TextureCoord>
          <Vector2 x="0.125" y="0.0"/>
        </TextureCoord>
      </VertexPositionNormalTextureInstance>
      <VertexPositionNormalTextureInstance>
        <Position>
          <Vector3 x="0.5" y="-1.0" z="1.0"/>
        </Position>
        <Normal>5</Normal>
        <TextureCoord>
          <Vector2 x="0.125" y="1.0"/>
        </TextureCoord>
      </VertexPositionNormalTextureInstance>
      <VertexPositionNormalTextureInstance>
        <Position>
          <Vector3 x="-0.125" y="-0.25" z="0.875"/>
        </Position>
        <Normal>2</Normal>
        <TextureCoord>
          <Vector2 x="0.427083343267" y="0.625"/>
        </TextureCoord>
      </VertexPositionNormalTextureInstance>
      <VertexPositionNormalTextureInstance>
        <Position>
          <Vector3 x="-0.125" y="0.25" z="0.875"/>
        </Position>
        <Normal>2</Normal>
        <TextureCoord>
          <Vector2 x="0.427083343267" y="0.375"/>
        </TextureCoord>
      </VertexPositionNormalTextureInstance>
      <VertexPositionNormalTextureInstance>
        <Position>
          <Vector3 x="0.0" y="0.25" z="0.875"/>
        </Position>
        <Normal>2</Normal>
        <TextureCoord>
          <Vector2 x="0.416666686535" y="0.375"/>
        </TextureCoord>
      </VertexPositionNormalTextureInstance>
      <VertexPositionNormalTextureInstance>
        <Position>
          <Vector3 x="0.0" y="-0.25" z="0.875"/>
        </Position>
        <Normal>2</Normal>
        <TextureCoord>
          <Vector2 x="0.416666686535" y="0.625"/>
        </TextureCoord>
      </VertexPositionNormalTextureInstance>
      <VertexPositionNormalTextureInstance>
        <Position>
          <Vector3 x="-0.5" y="-0.25" z="0.875"/>
        </Position>
        <Normal>2</Normal>
        <TextureCoord>
          <Vector2 x="0.458333343267" y="0.625"/>
        </TextureCoord>
      </VertexPositionNormalTextureInstance>
      <VertexPositionNormalTextureInstance>
        <Position>
          <Vector3 x="-0.5" y="-0.125" z="0.875"/>
        </Position>
        <Normal>2</Normal>
        <TextureCoord>
          <Vector2 x="0.458333343267" y="0.5625"/>
        </TextureCoord>
      </VertexPositionNormalTextureInstance>
      <VertexPositionNormalTextureInstance>
        <Position>
          <Vector3 x="-0.125" y="-0.125" z="0.875"/>
        </Position>
        <Normal>2</Normal>
        <TextureCoord>
          <Vector2 x="0.427083343267" y="0.5625"/>
        </TextureCoord>
      </VertexPositionNormalTextureInstance>
      <VertexPositionNormalTextureInstance>
        <Position>
          <Vector3 x="-0.5" y="0.125" z="0.875"/>
        </Position>
        <Normal>2</Normal>
        <TextureCoord>
          <Vector2 x="0.458333343267" y="0.4375"/>
        </TextureCoord>
      </VertexPositionNormalTextureInstance>
      <VertexPositionNormalTextureInstance>
        <Position>
          <Vector3 x="-0.5" y="0.25" z="0.875"/>
        </Position>
        <Normal>2</Normal>
        <TextureCoord>
          <Vector2 x="0.458333343267" y="0.375"/>
        </TextureCoord>
      </VertexPositionNormalTextureInstance>
      <VertexPositionNormalTextureInstance>
        <Position>
          <Vector3 x="-0.125" y="0.125" z="0.875"/>
        </Position>
        <Normal>2</Normal>
        <TextureCoord>
          <Vector2 x="0.427083343267" y="0.4375"/>
        </TextureCoord>
      </VertexPositionNormalTextureInstance>
      <VertexPositionNormalTextureInstance>
        <Position>
          <Vector3 x="0.1875" y="-1.0" z="0.875"/>
        </Position>
        <Normal>2</Normal>
        <TextureCoord>
          <Vector2 x="0.401041686535" y="1.0"/>
        </TextureCoord>
      </VertexPositionNormalTextureInstance>
      <VertexPositionNormalTextureInstance>
        <Position>
          <Vector3 x="0.1875" y="1.0" z="0.875"/>
        </Position>
        <Normal>2</Normal>
        <TextureCoord>
          <Vector2 x="0.401041686535" y="0.0"/>
        </TextureCoord>
      </VertexPositionNormalTextureInstance>
      <VertexPositionNormalTextureInstance>
        <Position>
          <Vector3 x="0.5" y="1.0" z="0.875"/>
        </Position>
        <Normal>2</Normal>
        <TextureCoord>
          <Vector2 x="0.375" y="0.0"/>
        </TextureCoord>
      </VertexPositionNormalTextureInstance>
      <VertexPositionNormalTextureInstance>
        <Position>
          <Vector3 x="0.5" y="-1.0" z="0.875"/>
        </Position>
        <Normal>2</Normal>
        <TextureCoord>
          <Vector2 x="0.375" y="1.0"/>
        </TextureCoord>
      </VertexPositionNormalTextureInstance>
      <VertexPositionNormalTextureInstance>
        <Position>
          <Vector3 x="-0.375" y="0.125" z="0.875"/>
        </Position>
        <Normal>2</Normal>
        <TextureCoord>
          <Vector2 x="0.447916686535" y="0.4375"/>
        </TextureCoord>
      </VertexPositionNormalTextureInstance>
      <VertexPositionNormalTextureInstance>
        <Position>
          <Vector3 x="-0.375" y="-0.125" z="0.875"/>
        </Position>
        <Normal>2</Normal>
        <TextureCoord>
          <Vector2 x="0.447916686535" y="0.5625"/>
        </TextureCoord>
      </VertexPositionNormalTextureInstance>
      <VertexPositionNormalTextureInstance>
        <Position>
          <Vector3 x="-0.5" y="-1.0" z="0.875"/>
        </Position>
        <Normal>2</Normal>
        <TextureCoord>
          <Vector2 x="0.458333343267" y="1.0"/>
        </TextureCoord>
      </VertexPositionNormalTextureInstance>
      <VertexPositionNormalTextureInstance>
        <Position>
          <Vector3 x="-0.1875" y="-0.25" z="0.875"/>
        </Position>
        <Normal>2</Normal>
        <TextureCoord>
          <Vector2 x="0.432291686535" y="0.625"/>
        </TextureCoord>
      </VertexPositionNormalTextureInstance>
      <VertexPositionNormalTextureInstance>
        <Position>
          <Vector3 x="-0.1875" y="-1.0" z="0.875"/>
        </Position>
        <Normal>2</Normal>
        <TextureCoord>
          <Vector2 x="0.432291686535" y="1.0"/>
        </TextureCoord>
      </VertexPositionNormalTextureInstance>
      <VertexPositionNormalTextureInstance>
        <Position>
          <Vector3 x="-0.5" y="1.0" z="0.875"/>
        </Position>
        <Normal>2</Normal>
        <TextureCoord>
          <Vector2 x="0.458333343267" y="0.0"/>
        </TextureCoord>
      </VertexPositionNormalTextureInstance>
      <VertexPositionNormalTextureInstance>
        <Position>
          <Vector3 x="-0.1875" y="1.0" z="0.875"/>
        </Position>
        <Normal>2</Normal>
        <TextureCoord>
          <Vector2 x="0.432291686535" y="0.0"/>
        </TextureCoord>
      </VertexPositionNormalTextureInstance>
      <VertexPositionNormalTextureInstance>
        <Position>
          <Vector3 x="-0.1875" y="0.25" z="0.875"/>
        </Position>
        <Normal>2</Normal>
        <TextureCoord>
          <Vector2 x="0.432291686535" y="0.375"/>
        </TextureCoord>
      </VertexPositionNormalTextureInstance>
      <VertexPositionNormalTextureInstance>
        <Position>
          <Vector3 x="-0.1875" y="-0.6875" z="0.875"/>
        </Position>
        <Normal>2</Normal>
        <TextureCoord>
          <Vector2 x="0.432291686535" y="0.84375"/>
        </TextureCoord>
      </VertexPositionNormalTextureInstance>
      <VertexPositionNormalTextureInstance>
        <Position>
          <Vector3 x="0.1875" y="-0.6875" z="0.875"/>
        </Position>
        <Normal>2</Normal>
        <TextureCoord>
          <Vector2 x="0.401041686535" y="0.84375"/>
        </TextureCoord>
      </VertexPositionNormalTextureInstance>
      <VertexPositionNormalTextureInstance>
        <Position>
          <Vector3 x="-0.1875" y="0.6875" z="0.875"/>
        </Position>
        <Normal>2</Normal>
        <TextureCoord>
          <Vector2 x="0.432291686535" y="0.15625"/>
        </TextureCoord>
      </VertexPositionNormalTextureInstance>
      <VertexPositionNormalTextureInstance>
        <Position>
          <Vector3 x="0.1875" y="0.6875" z="0.875"/>
        </Position>
        <Normal>2</Normal>
        <TextureCoord>
          <Vector2 x="0.401041686535" y="0.15625"/>
        </TextureCoord>
      </VertexPositionNormalTextureInstance>
      <VertexPositionNormalTextureInstance>
        <Position>
          <Vector3 x="-0.5" y="-1.0" z="0.875"/>
        </Position>
        <Normal>0</Normal>
        <TextureCoord>
          <Vector2 x="0.65625" y="1.0"/>
        </TextureCoord>
      </VertexPositionNormalTextureInstance>
      <VertexPositionNormalTextureInstance>
        <Position>
          <Vector3 x="-0.5" y="-1.0" z="1.0"/>
        </Position>
        <Normal>0</Normal>
        <TextureCoord>
          <Vector2 x="0.666666686535" y="1.0"/>
        </TextureCoord>
      </VertexPositionNormalTextureInstance>
      <VertexPositionNormalTextureInstance>
        <Position>
          <Vector3 x="-0.5" y="1.0" z="1.0"/>
        </Position>
        <Normal>0</Normal>
        <TextureCoord>
          <Vector2 x="0.666666686535" y="0.0"/>
        </TextureCoord>
      </VertexPositionNormalTextureInstance>
      <VertexPositionNormalTextureInstance>
        <Position>
          <Vector3 x="-0.5" y="1.0" z="0.875"/>
        </Position>
        <Normal>0</Normal>
        <TextureCoord>
          <Vector2 x="0.65625" y="0.0"/>
        </TextureCoord>
      </VertexPositionNormalTextureInstance>
      <VertexPositionNormalTextureInstance>
        <Position>
          <Vector3 x="0.5" y="-1.0" z="0.875"/>
        </Position>
        <Normal>3</Normal>
        <TextureCoord>
          <Vector2 x="0.177083343267" y="1.0"/>
        </TextureCoord>
      </VertexPositionNormalTextureInstance>
      <VertexPositionNormalTextureInstance>
        <Position>
          <Vector3 x="0.5" y="-1.0" z="1.0"/>
        </Position>
        <Normal>3</Normal>
        <TextureCoord>
          <Vector2 x="0.166666671634" y="1.0"/>
        </TextureCoord>
      </VertexPositionNormalTextureInstance>
      <VertexPositionNormalTextureInstance>
        <Position>
          <Vector3 x="0.5" y="1.0" z="1.0"/>
        </Position>
        <Normal>3</Normal>
        <TextureCoord>
          <Vector2 x="0.166666671634" y="0.0"/>
        </TextureCoord>
      </VertexPositionNormalTextureInstance>
      <VertexPositionNormalTextureInstance>
        <Position>
          <Vector3 x="0.5" y="1.0" z="0.875"/>
        </Position>
        <Normal>3</Normal>
        <TextureCoord>
          <Vector2 x="0.177083343267" y="0.0"/>
        </TextureCoord>
      </VertexPositionNormalTextureInstance>
      <VertexPositionNormalTextureInstance>
        <Position>
          <Vector3 x="0.1875" y="-0.6875" z="0.875"/>
        </Position>
        <Normal>0</Normal>
        <TextureCoord>
          <Vector2 x="0.65625" y="0.84375"/>
        </TextureCoord>
      </VertexPositionNormalTextureInstance>
      <VertexPositionNormalTextureInstance>
        <Position>
          <Vector3 x="0.1875" y="-0.6875" z="0.9375"/>
        </Position>
        <Normal>0</Normal>
        <TextureCoord>
          <Vector2 x="0.66145837307" y="0.84375"/>
        </TextureCoord>
      </VertexPositionNormalTextureInstance>
      <VertexPositionNormalTextureInstance>
        <Position>
          <Vector3 x="0.1875" y="0.6875" z="0.9375"/>
        </Position>
        <Normal>0</Normal>
        <TextureCoord>
          <Vector2 x="0.66145837307" y="0.15625"/>
        </TextureCoord>
      </VertexPositionNormalTextureInstance>
      <VertexPositionNormalTextureInstance>
        <Position>
          <Vector3 x="0.1875" y="0.6875" z="0.875"/>
        </Position>
        <Normal>0</Normal>
        <TextureCoord>
          <Vector2 x="0.65625" y="0.15625"/>
        </TextureCoord>
      </VertexPositionNormalTextureInstance>
      <VertexPositionNormalTextureInstance>
        <Position>
          <Vector3 x="-0.1875" y="0.6875" z="0.875"/>
        </Position>
        <Normal>1</Normal>
        <TextureCoord>
          <Vector2 x="0.901041686535" y="0.0625"/>
        </TextureCoord>
      </VertexPositionNormalTextureInstance>
      <VertexPositionNormalTextureInstance>
        <Position>
          <Vector3 x="0.1875" y="0.6875" z="0.875"/>
        </Position>
        <Normal>1</Normal>
        <TextureCoord>
          <Vector2 x="0.932291686535" y="0.0625"/>
        </TextureCoord>
      </VertexPositionNormalTextureInstance>
      <VertexPositionNormalTextureInstance>
        <Position>
          <Vector3 x="0.1875" y="0.6875" z="0.9375"/>
        </Position>
        <Normal>1</Normal>
        <TextureCoord>
          <Vector2 x="0.932291686535" y="0.03125"/>
        </TextureCoord>
      </VertexPositionNormalTextureInstance>
      <VertexPositionNormalTextureInstance>
        <Position>
          <Vector3 x="-0.1875" y="0.6875" z="0.9375"/>
        </Position>
        <Normal>1</Normal>
        <TextureCoord>
          <Vector2 x="0.901041686535" y="0.03125"/>
        </TextureCoord>
      </VertexPositionNormalTextureInstance>
      <VertexPositionNormalTextureInstance>
        <Position>
          <Vector3 x="0.0" y="-0.6875" z="0.9375"/>
        </Position>
        <Normal>2</Normal>
        <TextureCoord>
          <Vector2 x="0.416666686535" y="0.84375"/>
        </TextureCoord>
      </VertexPositionNormalTextureInstance>
      <VertexPositionNormalTextureInstance>
        <Position>
          <Vector3 x="0.0" y="0.6875" z="0.9375"/>
        </Position>
        <Normal>2</Normal>
        <TextureCoord>
          <Vector2 x="0.416666686535" y="0.15625"/>
        </TextureCoord>
      </VertexPositionNormalTextureInstance>
      <VertexPositionNormalTextureInstance>
        <Position>
          <Vector3 x="0.1875" y="0.6875" z="0.9375"/>
        </Position>
        <Normal>2</Normal>
        <TextureCoord>
          <Vector2 x="0.401041686535" y="0.15625"/>
        </TextureCoord>
      </VertexPositionNormalTextureInstance>
      <VertexPositionNormalTextureInstance>
        <Position>
          <Vector3 x="0.1875" y="-0.6875" z="0.9375"/>
        </Position>
        <Normal>2</Normal>
        <TextureCoord>
          <Vector2 x="0.401041686535" y="0.84375"/>
        </TextureCoord>
      </VertexPositionNormalTextureInstance>
      <VertexPositionNormalTextureInstance>
        <Position>
          <Vector3 x="-0.1875" y="-0.6875" z="0.9375"/>
        </Position>
        <Normal>2</Normal>
        <TextureCoord>
          <Vector2 x="0.432291686535" y="0.84375"/>
        </TextureCoord>
      </VertexPositionNormalTextureInstance>
      <VertexPositionNormalTextureInstance>
        <Position>
          <Vector3 x="-0.1875" y="-0.25" z="0.9375"/>
        </Position>
        <Normal>2</Normal>
        <TextureCoord>
          <Vector2 x="0.432291686535" y="0.625"/>
        </TextureCoord>
      </VertexPositionNormalTextureInstance>
      <VertexPositionNormalTextureInstance>
        <Position>
          <Vector3 x="0.0" y="-0.25" z="0.9375"/>
        </Position>
        <Normal>2</Normal>
        <TextureCoord>
          <Vector2 x="0.416666686535" y="0.625"/>
        </TextureCoord>
      </VertexPositionNormalTextureInstance>
      <VertexPositionNormalTextureInstance>
        <Position>
          <Vector3 x="-0.1875" y="0.25" z="0.9375"/>
        </Position>
        <Normal>2</Normal>
        <TextureCoord>
          <Vector2 x="0.432291686535" y="0.375"/>
        </TextureCoord>
      </VertexPositionNormalTextureInstance>
      <VertexPositionNormalTextureInstance>
        <Position>
          <Vector3 x="-0.1875" y="0.6875" z="0.9375"/>
        </Position>
        <Normal>2</Normal>
        <TextureCoord>
          <Vector2 x="0.432291686535" y="0.15625"/>
        </TextureCoord>
      </VertexPositionNormalTextureInstance>
      <VertexPositionNormalTextureInstance>
        <Position>
          <Vector3 x="0.0" y="0.25" z="0.9375"/>
        </Position>
        <Normal>2</Normal>
        <TextureCoord>
          <Vector2 x="0.416666686535" y="0.375"/>
        </TextureCoord>
      </VertexPositionNormalTextureInstance>
      <VertexPositionNormalTextureInstance>
        <Position>
          <Vector3 x="-0.1875" y="-0.6875" z="0.875"/>
        </Position>
        <Normal>3</Normal>
        <TextureCoord>
          <Vector2 x="0.177083343267" y="0.84375"/>
        </TextureCoord>
      </VertexPositionNormalTextureInstance>
      <VertexPositionNormalTextureInstance>
        <Position>
          <Vector3 x="-0.1875" y="-0.6875" z="0.9375"/>
        </Position>
        <Normal>3</Normal>
        <TextureCoord>
          <Vector2 x="0.171875" y="0.84375"/>
        </TextureCoord>
      </VertexPositionNormalTextureInstance>
      <VertexPositionNormalTextureInstance>
        <Position>
          <Vector3 x="-0.1875" y="-0.25" z="0.9375"/>
        </Position>
        <Normal>3</Normal>
        <TextureCoord>
          <Vector2 x="0.171875" y="0.625"/>
        </TextureCoord>
      </VertexPositionNormalTextureInstance>
      <VertexPositionNormalTextureInstance>
        <Position>
          <Vector3 x="-0.1875" y="-0.25" z="0.875"/>
        </Position>
        <Normal>3</Normal>
        <TextureCoord>
          <Vector2 x="0.177083343267" y="0.625"/>
        </TextureCoord>
      </VertexPositionNormalTextureInstance>
      <VertexPositionNormalTextureInstance>
        <Position>
          <Vector3 x="-0.1875" y="0.25" z="0.875"/>
        </Position>
        <Normal>3</Normal>
        <TextureCoord>
          <Vector2 x="0.177083343267" y="0.375"/>
        </TextureCoord>
      </VertexPositionNormalTextureInstance>
      <VertexPositionNormalTextureInstance>
        <Position>
          <Vector3 x="-0.1875" y="0.25" z="0.9375"/>
        </Position>
        <Normal>3</Normal>
        <TextureCoord>
          <Vector2 x="0.171875" y="0.375"/>
        </TextureCoord>
      </VertexPositionNormalTextureInstance>
      <VertexPositionNormalTextureInstance>
        <Position>
          <Vector3 x="-0.1875" y="0.6875" z="0.9375"/>
        </Position>
        <Normal>3</Normal>
        <TextureCoord>
          <Vector2 x="0.171875" y="0.15625"/>
        </TextureCoord>
      </VertexPositionNormalTextureInstance>
      <VertexPositionNormalTextureInstance>
        <Position>
          <Vector3 x="-0.1875" y="0.6875" z="0.875"/>
        </Position>
        <Normal>3</Normal>
        <TextureCoord>
          <Vector2 x="0.177083343267" y="0.15625"/>
        </TextureCoord>
      </VertexPositionNormalTextureInstance>
      <VertexPositionNormalTextureInstance>
        <Position>
          <Vector3 x="-0.1875" y="-0.6875" z="0.875"/>
        </Position>
        <Normal>4</Normal>
        <TextureCoord>
          <Vector2 x="0.734375" y="0.9375"/>
        </TextureCoord>
      </VertexPositionNormalTextureInstance>
      <VertexPositionNormalTextureInstance>
        <Position>
          <Vector3 x="0.1875" y="-0.6875" z="0.875"/>
        </Position>
        <Normal>4</Normal>
        <TextureCoord>
          <Vector2 x="0.765625" y="0.9375"/>
        </TextureCoord>
      </VertexPositionNormalTextureInstance>
      <VertexPositionNormalTextureInstance>
        <Position>
          <Vector3 x="0.1875" y="-0.6875" z="0.9375"/>
        </Position>
        <Normal>4</Normal>
        <TextureCoord>
          <Vector2 x="0.765625" y="0.96875"/>
        </TextureCoord>
      </VertexPositionNormalTextureInstance>
      <VertexPositionNormalTextureInstance>
        <Position>
          <Vector3 x="-0.1875" y="-0.6875" z="0.9375"/>
        </Position>
        <Normal>4</Normal>
        <TextureCoord>
          <Vector2 x="0.734375" y="0.96875"/>
        </TextureCoord>
      </VertexPositionNormalTextureInstance>
      <VertexPositionNormalTextureInstance>
        <Position>
          <Vector3 x="-0.1875" y="-0.25" z="0.875"/>
        </Position>
        <Normal>1</Normal>
        <TextureCoord>
          <Vector2 x="0.901041686535" y="0.0625"/>
        </TextureCoord>
      </VertexPositionNormalTextureInstance>
      <VertexPositionNormalTextureInstance>
        <Position>
          <Vector3 x="0.0" y="-0.25" z="0.875"/>
        </Position>
        <Normal>1</Normal>
        <TextureCoord>
          <Vector2 x="0.916666686535" y="0.0625"/>
        </TextureCoord>
      </VertexPositionNormalTextureInstance>
      <VertexPositionNormalTextureInstance>
        <Position>
          <Vector3 x="0.0" y="-0.25" z="0.9375"/>
        </Position>
        <Normal>1</Normal>
        <TextureCoord>
          <Vector2 x="0.916666686535" y="0.03125"/>
        </TextureCoord>
      </VertexPositionNormalTextureInstance>
      <VertexPositionNormalTextureInstance>
        <Position>
          <Vector3 x="-0.1875" y="-0.25" z="0.9375"/>
        </Position>
        <Normal>1</Normal>
        <TextureCoord>
          <Vector2 x="0.901041686535" y="0.03125"/>
        </TextureCoord>
      </VertexPositionNormalTextureInstance>
      <VertexPositionNormalTextureInstance>
        <Position>
          <Vector3 x="0.0" y="-0.25" z="0.875"/>
        </Position>
        <Normal>3</Normal>
        <TextureCoord>
          <Vector2 x="0.177083343267" y="0.625"/>
        </TextureCoord>
      </VertexPositionNormalTextureInstance>
      <VertexPositionNormalTextureInstance>
        <Position>
          <Vector3 x="0.0" y="-0.25" z="0.9375"/>
        </Position>
        <Normal>3</Normal>
        <TextureCoord>
          <Vector2 x="0.171875" y="0.625"/>
        </TextureCoord>
      </VertexPositionNormalTextureInstance>
      <VertexPositionNormalTextureInstance>
        <Position>
          <Vector3 x="0.0" y="0.25" z="0.9375"/>
        </Position>
        <Normal>3</Normal>
        <TextureCoord>
          <Vector2 x="0.171875" y="0.375"/>
        </TextureCoord>
      </VertexPositionNormalTextureInstance>
      <VertexPositionNormalTextureInstance>
        <Position>
          <Vector3 x="0.0" y="0.25" z="0.875"/>
        </Position>
        <Normal>3</Normal>
        <TextureCoord>
          <Vector2 x="0.177083343267" y="0.375"/>
        </TextureCoord>
      </VertexPositionNormalTextureInstance>
      <VertexPositionNormalTextureInstance>
        <Position>
          <Vector3 x="-0.1875" y="0.25" z="0.875"/>
        </Position>
        <Normal>4</Normal>
        <TextureCoord>
          <Vector2 x="0.734375" y="0.9375"/>
        </TextureCoord>
      </VertexPositionNormalTextureInstance>
      <VertexPositionNormalTextureInstance>
        <Position>
          <Vector3 x="0.0" y="0.25" z="0.875"/>
        </Position>
        <Normal>4</Normal>
        <TextureCoord>
          <Vector2 x="0.75" y="0.9375"/>
        </TextureCoord>
      </VertexPositionNormalTextureInstance>
      <VertexPositionNormalTextureInstance>
        <Position>
          <Vector3 x="0.0" y="0.25" z="0.9375"/>
        </Position>
        <Normal>4</Normal>
        <TextureCoord>
          <Vector2 x="0.75" y="0.96875"/>
        </TextureCoord>
      </VertexPositionNormalTextureInstance>
      <VertexPositionNormalTextureInstance>
        <Position>
          <Vector3 x="-0.1875" y="0.25" z="0.9375"/>
        </Position>
        <Normal>4</Normal>
        <TextureCoord>
          <Vector2 x="0.734375" y="0.96875"/>
        </TextureCoord>
      </VertexPositionNormalTextureInstance>
      <VertexPositionNormalTextureInstance>
        <Position>
          <Vector3 x="-0.125" y="-0.125" z="0.875"/>
        </Position>
        <Normal>0</Normal>
        <TextureCoord>
          <Vector2 x="0.65625" y="0.5625"/>
        </TextureCoord>
      </VertexPositionNormalTextureInstance>
      <VertexPositionNormalTextureInstance>
        <Position>
          <Vector3 x="-0.125" y="-0.125" z="0.9375"/>
        </Position>
        <Normal>0</Normal>
        <TextureCoord>
          <Vector2 x="0.66145837307" y="0.5625"/>
        </TextureCoord>
      </VertexPositionNormalTextureInstance>
      <VertexPositionNormalTextureInstance>
        <Position>
          <Vector3 x="-0.125" y="0.125" z="0.9375"/>
        </Position>
        <Normal>0</Normal>
        <TextureCoord>
          <Vector2 x="0.66145837307" y="0.4375"/>
        </TextureCoord>
      </VertexPositionNormalTextureInstance>
      <VertexPositionNormalTextureInstance>
        <Position>
          <Vector3 x="-0.125" y="0.125" z="0.875"/>
        </Position>
        <Normal>0</Normal>
        <TextureCoord>
          <Vector2 x="0.65625" y="0.4375"/>
        </TextureCoord>
      </VertexPositionNormalTextureInstance>
      <VertexPositionNormalTextureInstance>
        <Position>
          <Vector3 x="-0.375" y="0.125" z="0.875"/>
        </Position>
        <Normal>1</Normal>
        <TextureCoord>
          <Vector2 x="0.885416686535" y="0.0625"/>
        </TextureCoord>
      </VertexPositionNormalTextureInstance>
      <VertexPositionNormalTextureInstance>
        <Position>
          <Vector3 x="-0.125" y="0.125" z="0.875"/>
        </Position>
        <Normal>1</Normal>
        <TextureCoord>
          <Vector2 x="0.90625" y="0.0625"/>
        </TextureCoord>
      </VertexPositionNormalTextureInstance>
      <VertexPositionNormalTextureInstance>
        <Position>
          <Vector3 x="-0.125" y="0.125" z="0.9375"/>
        </Position>
        <Normal>1</Normal>
        <TextureCoord>
          <Vector2 x="0.90625" y="0.03125"/>
        </TextureCoord>
      </VertexPositionNormalTextureInstance>
      <VertexPositionNormalTextureInstance>
        <Position>
          <Vector3 x="-0.375" y="0.125" z="0.9375"/>
        </Position>
        <Normal>1</Normal>
        <TextureCoord>
          <Vector2 x="0.885416686535" y="0.03125"/>
        </TextureCoord>
      </VertexPositionNormalTextureInstance>
      <VertexPositionNormalTextureInstance>
        <Position>
          <Vector3 x="-0.375" y="-0.125" z="0.9375"/>
        </Position>
        <Normal>2</Normal>
        <TextureCoord>
          <Vector2 x="0.447916686535" y="0.5625"/>
        </TextureCoord>
      </VertexPositionNormalTextureInstance>
      <VertexPositionNormalTextureInstance>
        <Position>
          <Vector3 x="-0.375" y="0.125" z="0.9375"/>
        </Position>
        <Normal>2</Normal>
        <TextureCoord>
          <Vector2 x="0.447916686535" y="0.4375"/>
        </TextureCoord>
      </VertexPositionNormalTextureInstance>
      <VertexPositionNormalTextureInstance>
        <Position>
          <Vector3 x="-0.125" y="0.125" z="0.9375"/>
        </Position>
        <Normal>2</Normal>
        <TextureCoord>
          <Vector2 x="0.427083343267" y="0.4375"/>
        </TextureCoord>
      </VertexPositionNormalTextureInstance>
      <VertexPositionNormalTextureInstance>
        <Position>
          <Vector3 x="-0.125" y="-0.125" z="0.9375"/>
        </Position>
        <Normal>2</Normal>
        <TextureCoord>
          <Vector2 x="0.427083343267" y="0.5625"/>
        </TextureCoord>
      </VertexPositionNormalTextureInstance>
      <VertexPositionNormalTextureInstance>
        <Position>
          <Vector3 x="-0.375" y="-0.125" z="0.875"/>
        </Position>
        <Normal>3</Normal>
        <TextureCoord>
          <Vector2 x="0.177083343267" y="0.5625"/>
        </TextureCoord>
      </VertexPositionNormalTextureInstance>
      <VertexPositionNormalTextureInstance>
        <Position>
          <Vector3 x="-0.375" y="-0.125" z="0.9375"/>
        </Position>
        <Normal>3</Normal>
        <TextureCoord>
          <Vector2 x="0.171875" y="0.5625"/>
        </TextureCoord>
      </VertexPositionNormalTextureInstance>
      <VertexPositionNormalTextureInstance>
        <Position>
          <Vector3 x="-0.375" y="0.125" z="0.9375"/>
        </Position>
        <Normal>3</Normal>
        <TextureCoord>
          <Vector2 x="0.171875" y="0.4375"/>
        </TextureCoord>
      </VertexPositionNormalTextureInstance>
      <VertexPositionNormalTextureInstance>
        <Position>
          <Vector3 x="-0.375" y="0.125" z="0.875"/>
        </Position>
        <Normal>3</Normal>
        <TextureCoord>
          <Vector2 x="0.177083343267" y="0.4375"/>
        </TextureCoord>
      </VertexPositionNormalTextureInstance>
      <VertexPositionNormalTextureInstance>
        <Position>
          <Vector3 x="-0.375" y="-0.125" z="0.875"/>
        </Position>
        <Normal>4</Normal>
        <TextureCoord>
          <Vector2 x="0.71875" y="0.9375"/>
        </TextureCoord>
      </VertexPositionNormalTextureInstance>
      <VertexPositionNormalTextureInstance>
        <Position>
          <Vector3 x="-0.125" y="-0.125" z="0.875"/>
        </Position>
        <Normal>4</Normal>
        <TextureCoord>
          <Vector2 x="0.73958337307" y="0.9375"/>
        </TextureCoord>
      </VertexPositionNormalTextureInstance>
      <VertexPositionNormalTextureInstance>
        <Position>
          <Vector3 x="-0.125" y="-0.125" z="0.9375"/>
        </Position>
        <Normal>4</Normal>
        <TextureCoord>
          <Vector2 x="0.73958337307" y="0.96875"/>
        </TextureCoord>
      </VertexPositionNormalTextureInstance>
      <VertexPositionNormalTextureInstance>
        <Position>
          <Vector3 x="-0.375" y="-0.125" z="0.9375"/>
        </Position>
        <Normal>4</Normal>
        <TextureCoord>
          <Vector2 x="0.71875" y="0.96875"/>
        </TextureCoord>
      </VertexPositionNormalTextureInstance>
    </Vertices>
    <Indices>
      <Index>0</Index>
      <Index>2</Index>
      <Index>1</Index>
      <Index>0</Index>
      <Index>3</Index>
      <Index>2</Index>
      <Index>4</Index>
      <Index>5</Index>
      <Index>6</Index>
      <Index>4</Index>
      <Index>6</Index>
      <Index>7</Index>
      <Index>8</Index>
      <Index>9</Index>
      <Index>10</Index>
      <Index>8</Index>
      <Index>10</Index>
      <Index>11</Index>
      <Index>12</Index>
      <Index>14</Index>
      <Index>13</Index>
      <Index>12</Index>
      <Index>15</Index>
      <Index>14</Index>
      <Index>16</Index>
      <Index>18</Index>
      <Index>17</Index>
      <Index>16</Index>
      <Index>12</Index>
      <Index>18</Index>
      <Index>19</Index>
      <Index>13</Index>
      <Index>20</Index>
      <Index>19</Index>
      <Index>21</Index>
      <Index>13</Index>
      <Index>22</Index>
      <Index>24</Index>
      <Index>23</Index>
      <Index>22</Index>
      <Index>25</Index>
      <Index>24</Index>
      <Index>17</Index>
      <Index>26</Index>
      <Index>19</Index>
      <Index>17</Index>
      <Index>27</Index>
      <Index>26</Index>
      <Index>28</Index>
      <Index>29</Index>
      <Index>16</Index>
      <Index>28</Index>
      <Index>30</Index>
      <Index>29</Index>
      <Index>20</Index>
      <Index>32</Index>
      <Index>31</Index>
      <Index>20</Index>
      <Index>33</Index>
      <Index>32</Index>
      <Index>30</Index>
      <Index>35</Index>
      <Index>34</Index>
      <Index>30</Index>
      <Index>22</Index>
      <Index>35</Index>
      <Index>36</Index>
      <Index>23</Index>
      <Index>32</Index>
      <Index>36</Index>
      <Index>37</Index>
      <Index>23</Index>
      <Index>38</Index>
      <Index>40</Index>
      <Index>39</Index>
      <Index>38</Index>
      <Index>41</Index>
      <Index>40</Index>
      <Index>42</Index>
      <Index>43</Index>
      <Index>44</Index>
      <Index>42</Index>
      <Index>44</Index>
      <Index>45</Index>
      <Index>46</Index>
      <Index>48</Index>
      <Index>47</Index>
      <Index>46</Index>
      <Index>49</Index>
      <Index>48</Index>
      <Index>50</Index>
      <Index>52</Index>
      <Index>51</Index>
      <Index>50</Index>
      <Index>53</Index>
      <Index>52</Index>
      <Index>54</Index>
      <Index>56</Index>
      <Index>55</Index>
      <Index>54</Index>
      <Index>57</Index>
      <Index>56</Index>
      <Index>58</Index>
      <Index>60</Index>
      <Index>59</Index>
      <Index>58</Index>
      <Index>54</Index>
      <Index>60</Index>
      <Index>61</Index>
      <Index>55</Index>
      <Index>62</Index>
      <Index>61</Index>
      <Index>63</Index>
      <Index>55</Index>
      <Index>64</Index>
      <Index>65</Index>
      <Index>66</Index>
      <Index>64</Index>
      <Index>66</Index>
      <Index>67</Index>
      <Index>68</Index>
      <Index>69</Index>
      <Index>70</Index>
      <Index>68</Index>
      <Index>70</Index>
      <Index>71</Index>
      <Index>72</Index>
      <Index>73</Index>
      <Index>74</Index>
      <Index>72</Index>
      <Index>74</Index>
      <Index>75</Index>
      <Index>76</Index>
      <Index>78</Index>
      <Index>77</Index>
      <Index>76</Index>
      <Index>79</Index>
      <Index>78</Index>
      <Index>80</Index>
      <Index>81</Index>
      <Index>82</Index>
      <Index>80</Index>
      <Index>82</Index>
      <Index>83</Index>
      <Index>84</Index>
      <Index>85</Index>
      <Index>86</Index>
      <Index>84</Index>
      <Index>86</Index>
      <Index>87</Index>
      <Index>88</Index>
      <Index>90</Index>
      <Index>89</Index>
      <Index>88</Index>
      <Index>91</Index>
      <Index>90</Index>
      <Index>92</Index>
      <Index>94</Index>
      <Index>93</Index>
      <Index>92</Index>
      <Index>95</Index>
      <Index>94</Index>
      <Index>96</Index>
      <Index>98</Index>
      <Index>97</Index>
      <Index>96</Index>
      <Index>99</Index>
      <Index>98</Index>
      <Index>100</Index>
      <Index>101</Index>
      <Index>102</Index>
      <Index>100</Index>
      <Index>102</Index>
      <Index>103</Index>
      <Index>104</Index>
      <Index>105</Index>
      <Index>106</Index>
      <Index>104</Index>
      <Index>106</Index>
      <Index>107</Index>
    </Indices>
  </ShaderInstancedIndexedPrimitives>
</ArtObject>
