<?xml version='1.0' encoding='UTF-8'?>
<Level flat="False" skipPostprocess="True" baseDiffuse="1.0" baseAmbient="1.0" haloFiltering="True" blinkingAlpha="False" loops="False" waterHeight="0.0" skyName="BLACK" fapFadeoutStart="0" fapFadeoutLength="0" descending="False" rainy="False" lowPass="False" quantum="False" name="GLOBE_INT" waterType="None" trileSetName="LIB_INT" songName="Poly" nodeType="Lesser">
  <Size>
    <Vector3 x="16.0" y="16.0" z="16.0"/>
  </Size>
  <StartingPosition>
    <TrileFace face="Left">
      <TrileId>
        <TrileEmplacement x="11" y="7" z="8"/>
      </TrileId>
    </TrileFace>
  </StartingPosition>
  <Volumes>
    <Entry key="0">
      <Volume>
        <Orientations>
          <FaceOrientation>Back</FaceOrientation>
          <FaceOrientation>Front</FaceOrientation>
          <FaceOrientation>Right</FaceOrientation>
          <FaceOrientation>Left</FaceOrientation>
        </Orientations>
        <From>
          <Vector3 x="0.0" y="0.0" z="0.0"/>
        </From>
        <To>
          <Vector3 x="16.0" y="16.0" z="16.0"/>
        </To>
      </Volume>
    </Entry>
    <Entry key="1">
      <Volume>
        <Orientations>
          <FaceOrientation>Left</FaceOrientation>
        </Orientations>
        <From>
          <Vector3 x="13.0" y="8.0" z="7.5"/>
        </From>
        <To>
          <Vector3 x="14.0" y="10.0" z="8.5"/>
        </To>
      </Volume>
    </Entry>
  </Volumes>
  <Scripts>
    <Entry key="0">
      <Script name="Untitled" oneTime="False" triggerless="False" ignoreEndTriggers="False" levelWideOneTime="False" disabled="False" isWinCondition="False">
        <Triggers>
          <ScriptTrigger event="Start">
            <Entity entityType="Level"/>
          </ScriptTrigger>
        </Triggers>
        <Actions>
          <ScriptAction operation="FocusCamera" killswitch="False" blocking="False">
            <Entity entityType="Volume" identifier="0"/>
            <Arguments>
              <Entry>3</Entry>
              <Entry>True</Entry>
            </Arguments>
          </ScriptAction>
        </Actions>
      </Script>
    </Entry>
    <Entry key="1">
      <Script name="Untitled" oneTime="False" triggerless="False" ignoreEndTriggers="False" levelWideOneTime="False" disabled="False" isWinCondition="False">
        <Triggers>
          <ScriptTrigger event="Enter">
            <Entity entityType="Volume" identifier="1"/>
          </ScriptTrigger>
        </Triggers>
        <Actions>
          <ScriptAction operation="ChangeLevelToVolume" killswitch="False" blocking="False">
            <Entity entityType="Level"/>
            <Arguments>
              <Entry>GLOBE</Entry>
              <Entry>1</Entry>
              <Entry>True</Entry>
              <Entry>True</Entry>
            </Arguments>
          </ScriptAction>
        </Actions>
      </Script>
    </Entry>
  </Scripts>
  <Triles>
    <Entry>
      <TrileEmplacement x="1" y="1" z="1"/>
      <TrileInstance trileId="123" orientation="2">
        <Position>
          <Vector3 x="1.0" y="1.0" z="1.0"/>
        </Position>
      </TrileInstance>
    </Entry>
    <Entry>
      <TrileEmplacement x="13" y="1" z="2"/>
      <TrileInstance trileId="126" orientation="2">
        <Position>
          <Vector3 x="13.0" y="1.0" z="2.0"/>
        </Position>
      </TrileInstance>
    </Entry>
    <Entry>
      <TrileEmplacement x="13" y="1" z="3"/>
      <TrileInstance trileId="126" orientation="2">
        <Position>
          <Vector3 x="13.0" y="1.0" z="3.0"/>
        </Position>
      </TrileInstance>
    </Entry>
    <Entry>
      <TrileEmplacement x="13" y="1" z="4"/>
      <TrileInstance trileId="126" orientation="2">
        <Position>
          <Vector3 x="13.0" y="1.0" z="4.0"/>
        </Position>
      </TrileInstance>
    </Entry>
    <Entry>
      <TrileEmplacement x="13" y="1" z="5"/>
      <TrileInstance trileId="126" orientation="2">
        <Position>
          <Vector3 x="13.0" y="1.0" z="5.0"/>
        </Position>
      </TrileInstance>
    </Entry>
    <Entry>
      <TrileEmplacement x="13" y="1" z="6"/>
      <TrileInstance trileId="126" orientation="2">
        <Position>
          <Vector3 x="13.0" y="1.0" z="6.0"/>
        </Position>
      </TrileInstance>
    </Entry>
    <Entry>
      <TrileEmplacement x="13" y="1" z="7"/>
      <TrileInstance trileId="126" orientation="2">
        <Position>
          <Vector3 x="13.0" y="1.0" z="7.0"/>
        </Position>
      </TrileInstance>
    </Entry>
    <Entry>
      <TrileEmplacement x="13" y="1" z="8"/>
      <TrileInstance trileId="126" orientation="2">
        <Position>
          <Vector3 x="13.0" y="1.0" z="8.0"/>
        </Position>
      </TrileInstance>
    </Entry>
    <Entry>
      <TrileEmplacement x="13" y="1" z="9"/>
      <TrileInstance trileId="126" orientation="2">
        <Position>
          <Vector3 x="13.0" y="1.0" z="9.0"/>
        </Position>
      </TrileInstance>
    </Entry>
    <Entry>
      <TrileEmplacement x="13" y="1" z="10"/>
      <TrileInstance trileId="126" orientation="2">
        <Position>
          <Vector3 x="13.0" y="1.0" z="10.0"/>
        </Position>
      </TrileInstance>
    </Entry>
    <Entry>
      <TrileEmplacement x="13" y="1" z="11"/>
      <TrileInstance trileId="126" orientation="2">
        <Position>
          <Vector3 x="13.0" y="1.0" z="11.0"/>
        </Position>
      </TrileInstance>
    </Entry>
    <Entry>
      <TrileEmplacement x="13" y="1" z="12"/>
      <TrileInstance trileId="126" orientation="2">
        <Position>
          <Vector3 x="13.0" y="1.0" z="12.0"/>
        </Position>
      </TrileInstance>
    </Entry>
    <Entry>
      <TrileEmplacement x="13" y="1" z="13"/>
      <TrileInstance trileId="126" orientation="2">
        <Position>
          <Vector3 x="13.0" y="1.0" z="13.0"/>
        </Position>
      </TrileInstance>
    </Entry>
    <Entry>
      <TrileEmplacement x="1" y="1" z="14"/>
      <TrileInstance trileId="123" orientation="3">
        <Position>
          <Vector3 x="1.0" y="1.0" z="14.0"/>
        </Position>
      </TrileInstance>
    </Entry>
    <Entry>
      <TrileEmplacement x="2" y="1" z="2"/>
      <TrileInstance trileId="126" orientation="2">
        <Position>
          <Vector3 x="2.0" y="1.0" z="2.0"/>
        </Position>
      </TrileInstance>
    </Entry>
    <Entry>
      <TrileEmplacement x="6" y="1" z="5"/>
      <TrileInstance trileId="126" orientation="2">
        <Position>
          <Vector3 x="6.0" y="1.0" z="5.0"/>
        </Position>
      </TrileInstance>
    </Entry>
    <Entry>
      <TrileEmplacement x="6" y="1" z="4"/>
      <TrileInstance trileId="126" orientation="2">
        <Position>
          <Vector3 x="6.0" y="1.0" z="4.0"/>
        </Position>
      </TrileInstance>
    </Entry>
    <Entry>
      <TrileEmplacement x="6" y="1" z="3"/>
      <TrileInstance trileId="126" orientation="2">
        <Position>
          <Vector3 x="6.0" y="1.0" z="3.0"/>
        </Position>
      </TrileInstance>
    </Entry>
    <Entry>
      <TrileEmplacement x="6" y="1" z="2"/>
      <TrileInstance trileId="126" orientation="2">
        <Position>
          <Vector3 x="6.0" y="1.0" z="2.0"/>
        </Position>
      </TrileInstance>
    </Entry>
    <Entry>
      <TrileEmplacement x="8" y="1" z="3"/>
      <TrileInstance trileId="126" orientation="2">
        <Position>
          <Vector3 x="8.0" y="1.0" z="3.0"/>
        </Position>
      </TrileInstance>
    </Entry>
    <Entry>
      <TrileEmplacement x="8" y="1" z="2"/>
      <TrileInstance trileId="126" orientation="2">
        <Position>
          <Vector3 x="8.0" y="1.0" z="2.0"/>
        </Position>
      </TrileInstance>
    </Entry>
    <Entry>
      <TrileEmplacement x="11" y="1" z="4"/>
      <TrileInstance trileId="126" orientation="2">
        <Position>
          <Vector3 x="11.0" y="1.0" z="4.0"/>
        </Position>
      </TrileInstance>
    </Entry>
    <Entry>
      <TrileEmplacement x="11" y="1" z="3"/>
      <TrileInstance trileId="126" orientation="2">
        <Position>
          <Vector3 x="11.0" y="1.0" z="3.0"/>
        </Position>
      </TrileInstance>
    </Entry>
    <Entry>
      <TrileEmplacement x="11" y="1" z="2"/>
      <TrileInstance trileId="126" orientation="2">
        <Position>
          <Vector3 x="11.0" y="1.0" z="2.0"/>
        </Position>
      </TrileInstance>
    </Entry>
    <Entry>
      <TrileEmplacement x="12" y="1" z="2"/>
      <TrileInstance trileId="126" orientation="2">
        <Position>
          <Vector3 x="12.0" y="1.0" z="2.0"/>
        </Position>
      </TrileInstance>
    </Entry>
    <Entry>
      <TrileEmplacement x="2" y="1" z="3"/>
      <TrileInstance trileId="126" orientation="2">
        <Position>
          <Vector3 x="2.0" y="1.0" z="3.0"/>
        </Position>
      </TrileInstance>
    </Entry>
    <Entry>
      <TrileEmplacement x="6" y="1" z="9"/>
      <TrileInstance trileId="126" orientation="2">
        <Position>
          <Vector3 x="6.0" y="1.0" z="9.0"/>
        </Position>
      </TrileInstance>
    </Entry>
    <Entry>
      <TrileEmplacement x="6" y="1" z="8"/>
      <TrileInstance trileId="126" orientation="2">
        <Position>
          <Vector3 x="6.0" y="1.0" z="8.0"/>
        </Position>
      </TrileInstance>
    </Entry>
    <Entry>
      <TrileEmplacement x="6" y="1" z="7"/>
      <TrileInstance trileId="126" orientation="2">
        <Position>
          <Vector3 x="6.0" y="1.0" z="7.0"/>
        </Position>
      </TrileInstance>
    </Entry>
    <Entry>
      <TrileEmplacement x="6" y="1" z="6"/>
      <TrileInstance trileId="126" orientation="2">
        <Position>
          <Vector3 x="6.0" y="1.0" z="6.0"/>
        </Position>
      </TrileInstance>
    </Entry>
    <Entry>
      <TrileEmplacement x="8" y="1" z="5"/>
      <TrileInstance trileId="126" orientation="2">
        <Position>
          <Vector3 x="8.0" y="1.0" z="5.0"/>
        </Position>
      </TrileInstance>
    </Entry>
    <Entry>
      <TrileEmplacement x="8" y="1" z="4"/>
      <TrileInstance trileId="126" orientation="2">
        <Position>
          <Vector3 x="8.0" y="1.0" z="4.0"/>
        </Position>
      </TrileInstance>
    </Entry>
    <Entry>
      <TrileEmplacement x="11" y="1" z="7"/>
      <TrileInstance trileId="126" orientation="2">
        <Position>
          <Vector3 x="11.0" y="1.0" z="7.0"/>
        </Position>
      </TrileInstance>
    </Entry>
    <Entry>
      <TrileEmplacement x="11" y="1" z="6"/>
      <TrileInstance trileId="126" orientation="2">
        <Position>
          <Vector3 x="11.0" y="1.0" z="6.0"/>
        </Position>
      </TrileInstance>
    </Entry>
    <Entry>
      <TrileEmplacement x="11" y="1" z="5"/>
      <TrileInstance trileId="126" orientation="2">
        <Position>
          <Vector3 x="11.0" y="1.0" z="5.0"/>
        </Position>
      </TrileInstance>
    </Entry>
    <Entry>
      <TrileEmplacement x="12" y="1" z="3"/>
      <TrileInstance trileId="126" orientation="2">
        <Position>
          <Vector3 x="12.0" y="1.0" z="3.0"/>
        </Position>
      </TrileInstance>
    </Entry>
    <Entry>
      <TrileEmplacement x="13" y="7" z="4"/>
      <TrileInstance trileId="119" orientation="2">
        <Position>
          <Vector3 x="13.0" y="7.0" z="4.0"/>
        </Position>
      </TrileInstance>
    </Entry>
    <Entry>
      <TrileEmplacement x="2" y="1" z="4"/>
      <TrileInstance trileId="126" orientation="2">
        <Position>
          <Vector3 x="2.0" y="1.0" z="4.0"/>
        </Position>
      </TrileInstance>
    </Entry>
    <Entry>
      <TrileEmplacement x="6" y="1" z="13"/>
      <TrileInstance trileId="126" orientation="2">
        <Position>
          <Vector3 x="6.0" y="1.0" z="13.0"/>
        </Position>
      </TrileInstance>
    </Entry>
    <Entry>
      <TrileEmplacement x="6" y="1" z="12"/>
      <TrileInstance trileId="126" orientation="2">
        <Position>
          <Vector3 x="6.0" y="1.0" z="12.0"/>
        </Position>
      </TrileInstance>
    </Entry>
    <Entry>
      <TrileEmplacement x="6" y="1" z="11"/>
      <TrileInstance trileId="126" orientation="2">
        <Position>
          <Vector3 x="6.0" y="1.0" z="11.0"/>
        </Position>
      </TrileInstance>
    </Entry>
    <Entry>
      <TrileEmplacement x="6" y="1" z="10"/>
      <TrileInstance trileId="126" orientation="2">
        <Position>
          <Vector3 x="6.0" y="1.0" z="10.0"/>
        </Position>
      </TrileInstance>
    </Entry>
    <Entry>
      <TrileEmplacement x="8" y="1" z="7"/>
      <TrileInstance trileId="126" orientation="2">
        <Position>
          <Vector3 x="8.0" y="1.0" z="7.0"/>
        </Position>
      </TrileInstance>
    </Entry>
    <Entry>
      <TrileEmplacement x="8" y="1" z="6"/>
      <TrileInstance trileId="126" orientation="2">
        <Position>
          <Vector3 x="8.0" y="1.0" z="6.0"/>
        </Position>
      </TrileInstance>
    </Entry>
    <Entry>
      <TrileEmplacement x="11" y="1" z="10"/>
      <TrileInstance trileId="126" orientation="2">
        <Position>
          <Vector3 x="11.0" y="1.0" z="10.0"/>
        </Position>
      </TrileInstance>
    </Entry>
    <Entry>
      <TrileEmplacement x="11" y="1" z="9"/>
      <TrileInstance trileId="126" orientation="2">
        <Position>
          <Vector3 x="11.0" y="1.0" z="9.0"/>
        </Position>
      </TrileInstance>
    </Entry>
    <Entry>
      <TrileEmplacement x="11" y="1" z="8"/>
      <TrileInstance trileId="126" orientation="2">
        <Position>
          <Vector3 x="11.0" y="1.0" z="8.0"/>
        </Position>
      </TrileInstance>
    </Entry>
    <Entry>
      <TrileEmplacement x="12" y="1" z="4"/>
      <TrileInstance trileId="126" orientation="2">
        <Position>
          <Vector3 x="12.0" y="1.0" z="4.0"/>
        </Position>
      </TrileInstance>
    </Entry>
    <Entry>
      <TrileEmplacement x="11" y="7" z="11"/>
      <TrileInstance trileId="119" orientation="2">
        <Position>
          <Vector3 x="11.0" y="7.0" z="11.0"/>
        </Position>
      </TrileInstance>
    </Entry>
    <Entry>
      <TrileEmplacement x="12" y="7" z="12"/>
      <TrileInstance trileId="22" orientation="1">
        <Position>
          <Vector3 x="12.0" y="7.0" z="12.0"/>
        </Position>
      </TrileInstance>
    </Entry>
    <Entry>
      <TrileEmplacement x="2" y="1" z="5"/>
      <TrileInstance trileId="126" orientation="2">
        <Position>
          <Vector3 x="2.0" y="1.0" z="5.0"/>
        </Position>
      </TrileInstance>
    </Entry>
    <Entry>
      <TrileEmplacement x="5" y="1" z="5"/>
      <TrileInstance trileId="126" orientation="2">
        <Position>
          <Vector3 x="5.0" y="1.0" z="5.0"/>
        </Position>
      </TrileInstance>
    </Entry>
    <Entry>
      <TrileEmplacement x="5" y="1" z="4"/>
      <TrileInstance trileId="126" orientation="2">
        <Position>
          <Vector3 x="5.0" y="1.0" z="4.0"/>
        </Position>
      </TrileInstance>
    </Entry>
    <Entry>
      <TrileEmplacement x="5" y="1" z="3"/>
      <TrileInstance trileId="126" orientation="2">
        <Position>
          <Vector3 x="5.0" y="1.0" z="3.0"/>
        </Position>
      </TrileInstance>
    </Entry>
    <Entry>
      <TrileEmplacement x="5" y="1" z="2"/>
      <TrileInstance trileId="126" orientation="2">
        <Position>
          <Vector3 x="5.0" y="1.0" z="2.0"/>
        </Position>
      </TrileInstance>
    </Entry>
    <Entry>
      <TrileEmplacement x="8" y="1" z="9"/>
      <TrileInstance trileId="126" orientation="2">
        <Position>
          <Vector3 x="8.0" y="1.0" z="9.0"/>
        </Position>
      </TrileInstance>
    </Entry>
    <Entry>
      <TrileEmplacement x="8" y="1" z="8"/>
      <TrileInstance trileId="126" orientation="2">
        <Position>
          <Vector3 x="8.0" y="1.0" z="8.0"/>
        </Position>
      </TrileInstance>
    </Entry>
    <Entry>
      <TrileEmplacement x="11" y="1" z="13"/>
      <TrileInstance trileId="126" orientation="2">
        <Position>
          <Vector3 x="11.0" y="1.0" z="13.0"/>
        </Position>
      </TrileInstance>
    </Entry>
    <Entry>
      <TrileEmplacement x="11" y="1" z="12"/>
      <TrileInstance trileId="126" orientation="2">
        <Position>
          <Vector3 x="11.0" y="1.0" z="12.0"/>
        </Position>
      </TrileInstance>
    </Entry>
    <Entry>
      <TrileEmplacement x="11" y="1" z="11"/>
      <TrileInstance trileId="126" orientation="2">
        <Position>
          <Vector3 x="11.0" y="1.0" z="11.0"/>
        </Position>
      </TrileInstance>
    </Entry>
    <Entry>
      <TrileEmplacement x="12" y="1" z="5"/>
      <TrileInstance trileId="126" orientation="2">
        <Position>
          <Vector3 x="12.0" y="1.0" z="5.0"/>
        </Position>
      </TrileInstance>
    </Entry>
    <Entry>
      <TrileEmplacement x="12" y="8" z="12"/>
      <TrileInstance trileId="23" orientation="1">
        <Position>
          <Vector3 x="12.0" y="8.0" z="12.0"/>
        </Position>
      </TrileInstance>
    </Entry>
    <Entry>
      <TrileEmplacement x="2" y="1" z="6"/>
      <TrileInstance trileId="126" orientation="2">
        <Position>
          <Vector3 x="2.0" y="1.0" z="6.0"/>
        </Position>
      </TrileInstance>
    </Entry>
    <Entry>
      <TrileEmplacement x="5" y="1" z="9"/>
      <TrileInstance trileId="126" orientation="2">
        <Position>
          <Vector3 x="5.0" y="1.0" z="9.0"/>
        </Position>
      </TrileInstance>
    </Entry>
    <Entry>
      <TrileEmplacement x="5" y="1" z="8"/>
      <TrileInstance trileId="126" orientation="2">
        <Position>
          <Vector3 x="5.0" y="1.0" z="8.0"/>
        </Position>
      </TrileInstance>
    </Entry>
    <Entry>
      <TrileEmplacement x="5" y="1" z="7"/>
      <TrileInstance trileId="126" orientation="2">
        <Position>
          <Vector3 x="5.0" y="1.0" z="7.0"/>
        </Position>
      </TrileInstance>
    </Entry>
    <Entry>
      <TrileEmplacement x="5" y="1" z="6"/>
      <TrileInstance trileId="126" orientation="2">
        <Position>
          <Vector3 x="5.0" y="1.0" z="6.0"/>
        </Position>
      </TrileInstance>
    </Entry>
    <Entry>
      <TrileEmplacement x="8" y="1" z="11"/>
      <TrileInstance trileId="126" orientation="2">
        <Position>
          <Vector3 x="8.0" y="1.0" z="11.0"/>
        </Position>
      </TrileInstance>
    </Entry>
    <Entry>
      <TrileEmplacement x="8" y="1" z="10"/>
      <TrileInstance trileId="126" orientation="2">
        <Position>
          <Vector3 x="8.0" y="1.0" z="10.0"/>
        </Position>
      </TrileInstance>
    </Entry>
    <Entry>
      <TrileEmplacement x="10" y="1" z="4"/>
      <TrileInstance trileId="126" orientation="2">
        <Position>
          <Vector3 x="10.0" y="1.0" z="4.0"/>
        </Position>
      </TrileInstance>
    </Entry>
    <Entry>
      <TrileEmplacement x="10" y="1" z="3"/>
      <TrileInstance trileId="126" orientation="2">
        <Position>
          <Vector3 x="10.0" y="1.0" z="3.0"/>
        </Position>
      </TrileInstance>
    </Entry>
    <Entry>
      <TrileEmplacement x="10" y="1" z="2"/>
      <TrileInstance trileId="126" orientation="2">
        <Position>
          <Vector3 x="10.0" y="1.0" z="2.0"/>
        </Position>
      </TrileInstance>
    </Entry>
    <Entry>
      <TrileEmplacement x="12" y="1" z="6"/>
      <TrileInstance trileId="126" orientation="2">
        <Position>
          <Vector3 x="12.0" y="1.0" z="6.0"/>
        </Position>
      </TrileInstance>
    </Entry>
    <Entry>
      <TrileEmplacement x="12" y="6" z="12"/>
      <TrileInstance trileId="22" orientation="1">
        <Position>
          <Vector3 x="12.0" y="6.0" z="12.0"/>
        </Position>
      </TrileInstance>
    </Entry>
    <Entry>
      <TrileEmplacement x="2" y="1" z="7"/>
      <TrileInstance trileId="126" orientation="2">
        <Position>
          <Vector3 x="2.0" y="1.0" z="7.0"/>
        </Position>
      </TrileInstance>
    </Entry>
    <Entry>
      <TrileEmplacement x="5" y="1" z="13"/>
      <TrileInstance trileId="126" orientation="2">
        <Position>
          <Vector3 x="5.0" y="1.0" z="13.0"/>
        </Position>
      </TrileInstance>
    </Entry>
    <Entry>
      <TrileEmplacement x="5" y="1" z="12"/>
      <TrileInstance trileId="126" orientation="2">
        <Position>
          <Vector3 x="5.0" y="1.0" z="12.0"/>
        </Position>
      </TrileInstance>
    </Entry>
    <Entry>
      <TrileEmplacement x="5" y="1" z="11"/>
      <TrileInstance trileId="126" orientation="2">
        <Position>
          <Vector3 x="5.0" y="1.0" z="11.0"/>
        </Position>
      </TrileInstance>
    </Entry>
    <Entry>
      <TrileEmplacement x="5" y="1" z="10"/>
      <TrileInstance trileId="126" orientation="2">
        <Position>
          <Vector3 x="5.0" y="1.0" z="10.0"/>
        </Position>
      </TrileInstance>
    </Entry>
    <Entry>
      <TrileEmplacement x="8" y="1" z="13"/>
      <TrileInstance trileId="126" orientation="2">
        <Position>
          <Vector3 x="8.0" y="1.0" z="13.0"/>
        </Position>
      </TrileInstance>
    </Entry>
    <Entry>
      <TrileEmplacement x="8" y="1" z="12"/>
      <TrileInstance trileId="126" orientation="2">
        <Position>
          <Vector3 x="8.0" y="1.0" z="12.0"/>
        </Position>
      </TrileInstance>
    </Entry>
    <Entry>
      <TrileEmplacement x="10" y="1" z="7"/>
      <TrileInstance trileId="126" orientation="2">
        <Position>
          <Vector3 x="10.0" y="1.0" z="7.0"/>
        </Position>
      </TrileInstance>
    </Entry>
    <Entry>
      <TrileEmplacement x="10" y="1" z="6"/>
      <TrileInstance trileId="126" orientation="2">
        <Position>
          <Vector3 x="10.0" y="1.0" z="6.0"/>
        </Position>
      </TrileInstance>
    </Entry>
    <Entry>
      <TrileEmplacement x="10" y="1" z="5"/>
      <TrileInstance trileId="126" orientation="2">
        <Position>
          <Vector3 x="10.0" y="1.0" z="5.0"/>
        </Position>
      </TrileInstance>
    </Entry>
    <Entry>
      <TrileEmplacement x="12" y="1" z="7"/>
      <TrileInstance trileId="126" orientation="2">
        <Position>
          <Vector3 x="12.0" y="1.0" z="7.0"/>
        </Position>
      </TrileInstance>
    </Entry>
    <Entry>
      <TrileEmplacement x="12" y="5" z="12"/>
      <TrileInstance trileId="22" orientation="1">
        <Position>
          <Vector3 x="12.0" y="5.0" z="12.0"/>
        </Position>
      </TrileInstance>
    </Entry>
    <Entry>
      <TrileEmplacement x="2" y="1" z="8"/>
      <TrileInstance trileId="126" orientation="2">
        <Position>
          <Vector3 x="2.0" y="1.0" z="8.0"/>
        </Position>
      </TrileInstance>
    </Entry>
    <Entry>
      <TrileEmplacement x="4" y="1" z="5"/>
      <TrileInstance trileId="126" orientation="2">
        <Position>
          <Vector3 x="4.0" y="1.0" z="5.0"/>
        </Position>
      </TrileInstance>
    </Entry>
    <Entry>
      <TrileEmplacement x="4" y="1" z="4"/>
      <TrileInstance trileId="126" orientation="2">
        <Position>
          <Vector3 x="4.0" y="1.0" z="4.0"/>
        </Position>
      </TrileInstance>
    </Entry>
    <Entry>
      <TrileEmplacement x="4" y="1" z="3"/>
      <TrileInstance trileId="126" orientation="2">
        <Position>
          <Vector3 x="4.0" y="1.0" z="3.0"/>
        </Position>
      </TrileInstance>
    </Entry>
    <Entry>
      <TrileEmplacement x="4" y="1" z="2"/>
      <TrileInstance trileId="126" orientation="2">
        <Position>
          <Vector3 x="4.0" y="1.0" z="2.0"/>
        </Position>
      </TrileInstance>
    </Entry>
    <Entry>
      <TrileEmplacement x="7" y="1" z="3"/>
      <TrileInstance trileId="126" orientation="2">
        <Position>
          <Vector3 x="7.0" y="1.0" z="3.0"/>
        </Position>
      </TrileInstance>
    </Entry>
    <Entry>
      <TrileEmplacement x="7" y="1" z="2"/>
      <TrileInstance trileId="126" orientation="2">
        <Position>
          <Vector3 x="7.0" y="1.0" z="2.0"/>
        </Position>
      </TrileInstance>
    </Entry>
    <Entry>
      <TrileEmplacement x="10" y="1" z="10"/>
      <TrileInstance trileId="126" orientation="2">
        <Position>
          <Vector3 x="10.0" y="1.0" z="10.0"/>
        </Position>
      </TrileInstance>
    </Entry>
    <Entry>
      <TrileEmplacement x="10" y="1" z="9"/>
      <TrileInstance trileId="126" orientation="2">
        <Position>
          <Vector3 x="10.0" y="1.0" z="9.0"/>
        </Position>
      </TrileInstance>
    </Entry>
    <Entry>
      <TrileEmplacement x="10" y="1" z="8"/>
      <TrileInstance trileId="126" orientation="2">
        <Position>
          <Vector3 x="10.0" y="1.0" z="8.0"/>
        </Position>
      </TrileInstance>
    </Entry>
    <Entry>
      <TrileEmplacement x="12" y="1" z="8"/>
      <TrileInstance trileId="126" orientation="2">
        <Position>
          <Vector3 x="12.0" y="1.0" z="8.0"/>
        </Position>
      </TrileInstance>
    </Entry>
    <Entry>
      <TrileEmplacement x="12" y="4" z="12"/>
      <TrileInstance trileId="22" orientation="1">
        <Position>
          <Vector3 x="12.0" y="4.0" z="12.0"/>
        </Position>
      </TrileInstance>
    </Entry>
    <Entry>
      <TrileEmplacement x="2" y="1" z="9"/>
      <TrileInstance trileId="126" orientation="2">
        <Position>
          <Vector3 x="2.0" y="1.0" z="9.0"/>
        </Position>
      </TrileInstance>
    </Entry>
    <Entry>
      <TrileEmplacement x="4" y="1" z="9"/>
      <TrileInstance trileId="126" orientation="2">
        <Position>
          <Vector3 x="4.0" y="1.0" z="9.0"/>
        </Position>
      </TrileInstance>
    </Entry>
    <Entry>
      <TrileEmplacement x="4" y="1" z="8"/>
      <TrileInstance trileId="126" orientation="2">
        <Position>
          <Vector3 x="4.0" y="1.0" z="8.0"/>
        </Position>
      </TrileInstance>
    </Entry>
    <Entry>
      <TrileEmplacement x="4" y="1" z="7"/>
      <TrileInstance trileId="126" orientation="2">
        <Position>
          <Vector3 x="4.0" y="1.0" z="7.0"/>
        </Position>
      </TrileInstance>
    </Entry>
    <Entry>
      <TrileEmplacement x="4" y="1" z="6"/>
      <TrileInstance trileId="126" orientation="2">
        <Position>
          <Vector3 x="4.0" y="1.0" z="6.0"/>
        </Position>
      </TrileInstance>
    </Entry>
    <Entry>
      <TrileEmplacement x="7" y="1" z="5"/>
      <TrileInstance trileId="126" orientation="2">
        <Position>
          <Vector3 x="7.0" y="1.0" z="5.0"/>
        </Position>
      </TrileInstance>
    </Entry>
    <Entry>
      <TrileEmplacement x="7" y="1" z="4"/>
      <TrileInstance trileId="126" orientation="2">
        <Position>
          <Vector3 x="7.0" y="1.0" z="4.0"/>
        </Position>
      </TrileInstance>
    </Entry>
    <Entry>
      <TrileEmplacement x="10" y="1" z="13"/>
      <TrileInstance trileId="126" orientation="2">
        <Position>
          <Vector3 x="10.0" y="1.0" z="13.0"/>
        </Position>
      </TrileInstance>
    </Entry>
    <Entry>
      <TrileEmplacement x="10" y="1" z="12"/>
      <TrileInstance trileId="126" orientation="2">
        <Position>
          <Vector3 x="10.0" y="1.0" z="12.0"/>
        </Position>
      </TrileInstance>
    </Entry>
    <Entry>
      <TrileEmplacement x="10" y="1" z="11"/>
      <TrileInstance trileId="126" orientation="2">
        <Position>
          <Vector3 x="10.0" y="1.0" z="11.0"/>
        </Position>
      </TrileInstance>
    </Entry>
    <Entry>
      <TrileEmplacement x="12" y="1" z="9"/>
      <TrileInstance trileId="126" orientation="2">
        <Position>
          <Vector3 x="12.0" y="1.0" z="9.0"/>
        </Position>
      </TrileInstance>
    </Entry>
    <Entry>
      <TrileEmplacement x="2" y="1" z="10"/>
      <TrileInstance trileId="126" orientation="2">
        <Position>
          <Vector3 x="2.0" y="1.0" z="10.0"/>
        </Position>
      </TrileInstance>
    </Entry>
    <Entry>
      <TrileEmplacement x="4" y="1" z="13"/>
      <TrileInstance trileId="126" orientation="2">
        <Position>
          <Vector3 x="4.0" y="1.0" z="13.0"/>
        </Position>
      </TrileInstance>
    </Entry>
    <Entry>
      <TrileEmplacement x="4" y="1" z="12"/>
      <TrileInstance trileId="126" orientation="2">
        <Position>
          <Vector3 x="4.0" y="1.0" z="12.0"/>
        </Position>
      </TrileInstance>
    </Entry>
    <Entry>
      <TrileEmplacement x="4" y="1" z="11"/>
      <TrileInstance trileId="126" orientation="2">
        <Position>
          <Vector3 x="4.0" y="1.0" z="11.0"/>
        </Position>
      </TrileInstance>
    </Entry>
    <Entry>
      <TrileEmplacement x="4" y="1" z="10"/>
      <TrileInstance trileId="126" orientation="2">
        <Position>
          <Vector3 x="4.0" y="1.0" z="10.0"/>
        </Position>
      </TrileInstance>
    </Entry>
    <Entry>
      <TrileEmplacement x="7" y="1" z="7"/>
      <TrileInstance trileId="126" orientation="2">
        <Position>
          <Vector3 x="7.0" y="1.0" z="7.0"/>
        </Position>
      </TrileInstance>
    </Entry>
    <Entry>
      <TrileEmplacement x="7" y="1" z="6"/>
      <TrileInstance trileId="126" orientation="2">
        <Position>
          <Vector3 x="7.0" y="1.0" z="6.0"/>
        </Position>
      </TrileInstance>
    </Entry>
    <Entry>
      <TrileEmplacement x="9" y="1" z="4"/>
      <TrileInstance trileId="126" orientation="2">
        <Position>
          <Vector3 x="9.0" y="1.0" z="4.0"/>
        </Position>
      </TrileInstance>
    </Entry>
    <Entry>
      <TrileEmplacement x="9" y="1" z="3"/>
      <TrileInstance trileId="126" orientation="2">
        <Position>
          <Vector3 x="9.0" y="1.0" z="3.0"/>
        </Position>
      </TrileInstance>
    </Entry>
    <Entry>
      <TrileEmplacement x="9" y="1" z="2"/>
      <TrileInstance trileId="126" orientation="2">
        <Position>
          <Vector3 x="9.0" y="1.0" z="2.0"/>
        </Position>
      </TrileInstance>
    </Entry>
    <Entry>
      <TrileEmplacement x="12" y="1" z="10"/>
      <TrileInstance trileId="126" orientation="2">
        <Position>
          <Vector3 x="12.0" y="1.0" z="10.0"/>
        </Position>
      </TrileInstance>
    </Entry>
    <Entry>
      <TrileEmplacement x="12" y="3" z="12"/>
      <TrileInstance trileId="22" orientation="1">
        <Position>
          <Vector3 x="12.0" y="3.0" z="12.0"/>
        </Position>
      </TrileInstance>
    </Entry>
    <Entry>
      <TrileEmplacement x="2" y="1" z="11"/>
      <TrileInstance trileId="126" orientation="2">
        <Position>
          <Vector3 x="2.0" y="1.0" z="11.0"/>
        </Position>
      </TrileInstance>
    </Entry>
    <Entry>
      <TrileEmplacement x="3" y="1" z="5"/>
      <TrileInstance trileId="126" orientation="2">
        <Position>
          <Vector3 x="3.0" y="1.0" z="5.0"/>
        </Position>
      </TrileInstance>
    </Entry>
    <Entry>
      <TrileEmplacement x="3" y="1" z="4"/>
      <TrileInstance trileId="126" orientation="2">
        <Position>
          <Vector3 x="3.0" y="1.0" z="4.0"/>
        </Position>
      </TrileInstance>
    </Entry>
    <Entry>
      <TrileEmplacement x="3" y="1" z="3"/>
      <TrileInstance trileId="126" orientation="2">
        <Position>
          <Vector3 x="3.0" y="1.0" z="3.0"/>
        </Position>
      </TrileInstance>
    </Entry>
    <Entry>
      <TrileEmplacement x="3" y="1" z="2"/>
      <TrileInstance trileId="126" orientation="2">
        <Position>
          <Vector3 x="3.0" y="1.0" z="2.0"/>
        </Position>
      </TrileInstance>
    </Entry>
    <Entry>
      <TrileEmplacement x="7" y="1" z="9"/>
      <TrileInstance trileId="126" orientation="2">
        <Position>
          <Vector3 x="7.0" y="1.0" z="9.0"/>
        </Position>
      </TrileInstance>
    </Entry>
    <Entry>
      <TrileEmplacement x="7" y="1" z="8"/>
      <TrileInstance trileId="126" orientation="2">
        <Position>
          <Vector3 x="7.0" y="1.0" z="8.0"/>
        </Position>
      </TrileInstance>
    </Entry>
    <Entry>
      <TrileEmplacement x="9" y="1" z="7"/>
      <TrileInstance trileId="126" orientation="2">
        <Position>
          <Vector3 x="9.0" y="1.0" z="7.0"/>
        </Position>
      </TrileInstance>
    </Entry>
    <Entry>
      <TrileEmplacement x="9" y="1" z="6"/>
      <TrileInstance trileId="126" orientation="2">
        <Position>
          <Vector3 x="9.0" y="1.0" z="6.0"/>
        </Position>
      </TrileInstance>
    </Entry>
    <Entry>
      <TrileEmplacement x="9" y="1" z="5"/>
      <TrileInstance trileId="126" orientation="2">
        <Position>
          <Vector3 x="9.0" y="1.0" z="5.0"/>
        </Position>
      </TrileInstance>
    </Entry>
    <Entry>
      <TrileEmplacement x="12" y="1" z="11"/>
      <TrileInstance trileId="126" orientation="2">
        <Position>
          <Vector3 x="12.0" y="1.0" z="11.0"/>
        </Position>
      </TrileInstance>
    </Entry>
    <Entry>
      <TrileEmplacement x="12" y="2" z="12"/>
      <TrileInstance trileId="20" orientation="1">
        <Position>
          <Vector3 x="12.0" y="2.0" z="12.0"/>
        </Position>
      </TrileInstance>
    </Entry>
    <Entry>
      <TrileEmplacement x="2" y="1" z="12"/>
      <TrileInstance trileId="126" orientation="2">
        <Position>
          <Vector3 x="2.0" y="1.0" z="12.0"/>
        </Position>
      </TrileInstance>
    </Entry>
    <Entry>
      <TrileEmplacement x="3" y="1" z="9"/>
      <TrileInstance trileId="126" orientation="2">
        <Position>
          <Vector3 x="3.0" y="1.0" z="9.0"/>
        </Position>
      </TrileInstance>
    </Entry>
    <Entry>
      <TrileEmplacement x="3" y="1" z="8"/>
      <TrileInstance trileId="126" orientation="2">
        <Position>
          <Vector3 x="3.0" y="1.0" z="8.0"/>
        </Position>
      </TrileInstance>
    </Entry>
    <Entry>
      <TrileEmplacement x="3" y="1" z="7"/>
      <TrileInstance trileId="126" orientation="2">
        <Position>
          <Vector3 x="3.0" y="1.0" z="7.0"/>
        </Position>
      </TrileInstance>
    </Entry>
    <Entry>
      <TrileEmplacement x="3" y="1" z="6"/>
      <TrileInstance trileId="126" orientation="2">
        <Position>
          <Vector3 x="3.0" y="1.0" z="6.0"/>
        </Position>
      </TrileInstance>
    </Entry>
    <Entry>
      <TrileEmplacement x="7" y="1" z="11"/>
      <TrileInstance trileId="126" orientation="2">
        <Position>
          <Vector3 x="7.0" y="1.0" z="11.0"/>
        </Position>
      </TrileInstance>
    </Entry>
    <Entry>
      <TrileEmplacement x="7" y="1" z="10"/>
      <TrileInstance trileId="126" orientation="2">
        <Position>
          <Vector3 x="7.0" y="1.0" z="10.0"/>
        </Position>
      </TrileInstance>
    </Entry>
    <Entry>
      <TrileEmplacement x="9" y="1" z="10"/>
      <TrileInstance trileId="126" orientation="2">
        <Position>
          <Vector3 x="9.0" y="1.0" z="10.0"/>
        </Position>
      </TrileInstance>
    </Entry>
    <Entry>
      <TrileEmplacement x="9" y="1" z="9"/>
      <TrileInstance trileId="126" orientation="2">
        <Position>
          <Vector3 x="9.0" y="1.0" z="9.0"/>
        </Position>
      </TrileInstance>
    </Entry>
    <Entry>
      <TrileEmplacement x="9" y="1" z="8"/>
      <TrileInstance trileId="126" orientation="2">
        <Position>
          <Vector3 x="9.0" y="1.0" z="8.0"/>
        </Position>
      </TrileInstance>
    </Entry>
    <Entry>
      <TrileEmplacement x="12" y="1" z="12"/>
      <TrileInstance trileId="126" orientation="2">
        <Position>
          <Vector3 x="12.0" y="1.0" z="12.0"/>
        </Position>
      </TrileInstance>
    </Entry>
    <Entry>
      <TrileEmplacement x="12" y="8" z="10"/>
      <TrileInstance trileId="82" orientation="2">
        <Position>
          <Vector3 x="11.5" y="8.0" z="9.5"/>
        </Position>
      </TrileInstance>
    </Entry>
    <Entry>
      <TrileEmplacement x="2" y="1" z="13"/>
      <TrileInstance trileId="126" orientation="2">
        <Position>
          <Vector3 x="2.0" y="1.0" z="13.0"/>
        </Position>
      </TrileInstance>
    </Entry>
    <Entry>
      <TrileEmplacement x="3" y="1" z="13"/>
      <TrileInstance trileId="126" orientation="2">
        <Position>
          <Vector3 x="3.0" y="1.0" z="13.0"/>
        </Position>
      </TrileInstance>
    </Entry>
    <Entry>
      <TrileEmplacement x="3" y="1" z="12"/>
      <TrileInstance trileId="126" orientation="2">
        <Position>
          <Vector3 x="3.0" y="1.0" z="12.0"/>
        </Position>
      </TrileInstance>
    </Entry>
    <Entry>
      <TrileEmplacement x="3" y="1" z="11"/>
      <TrileInstance trileId="126" orientation="2">
        <Position>
          <Vector3 x="3.0" y="1.0" z="11.0"/>
        </Position>
      </TrileInstance>
    </Entry>
    <Entry>
      <TrileEmplacement x="3" y="1" z="10"/>
      <TrileInstance trileId="126" orientation="2">
        <Position>
          <Vector3 x="3.0" y="1.0" z="10.0"/>
        </Position>
      </TrileInstance>
    </Entry>
    <Entry>
      <TrileEmplacement x="7" y="1" z="13"/>
      <TrileInstance trileId="126" orientation="2">
        <Position>
          <Vector3 x="7.0" y="1.0" z="13.0"/>
        </Position>
      </TrileInstance>
    </Entry>
    <Entry>
      <TrileEmplacement x="7" y="1" z="12"/>
      <TrileInstance trileId="126" orientation="2">
        <Position>
          <Vector3 x="7.0" y="1.0" z="12.0"/>
        </Position>
      </TrileInstance>
    </Entry>
    <Entry>
      <TrileEmplacement x="9" y="1" z="13"/>
      <TrileInstance trileId="126" orientation="2">
        <Position>
          <Vector3 x="9.0" y="1.0" z="13.0"/>
        </Position>
      </TrileInstance>
    </Entry>
    <Entry>
      <TrileEmplacement x="9" y="1" z="12"/>
      <TrileInstance trileId="126" orientation="2">
        <Position>
          <Vector3 x="9.0" y="1.0" z="12.0"/>
        </Position>
      </TrileInstance>
    </Entry>
    <Entry>
      <TrileEmplacement x="9" y="1" z="11"/>
      <TrileInstance trileId="126" orientation="2">
        <Position>
          <Vector3 x="9.0" y="1.0" z="11.0"/>
        </Position>
      </TrileInstance>
    </Entry>
    <Entry>
      <TrileEmplacement x="12" y="1" z="13"/>
      <TrileInstance trileId="126" orientation="2">
        <Position>
          <Vector3 x="12.0" y="1.0" z="13.0"/>
        </Position>
      </TrileInstance>
    </Entry>
    <Entry>
      <TrileEmplacement x="14" y="1" z="1"/>
      <TrileInstance trileId="123" orientation="1">
        <Position>
          <Vector3 x="14.0" y="1.0" z="1.0"/>
        </Position>
      </TrileInstance>
    </Entry>
    <Entry>
      <TrileEmplacement x="14" y="1" z="14"/>
      <TrileInstance trileId="123" orientation="0">
        <Position>
          <Vector3 x="14.0" y="1.0" z="14.0"/>
        </Position>
      </TrileInstance>
    </Entry>
    <Entry>
      <TrileEmplacement x="14" y="2" z="1"/>
      <TrileInstance trileId="121" orientation="1">
        <Position>
          <Vector3 x="14.0" y="2.0" z="1.0"/>
        </Position>
      </TrileInstance>
    </Entry>
    <Entry>
      <TrileEmplacement x="14" y="3" z="1"/>
      <TrileInstance trileId="122" orientation="1">
        <Position>
          <Vector3 x="14.0" y="3.0" z="1.0"/>
        </Position>
      </TrileInstance>
    </Entry>
    <Entry>
      <TrileEmplacement x="14" y="4" z="1"/>
      <TrileInstance trileId="121" orientation="1">
        <Position>
          <Vector3 x="14.0" y="4.0" z="1.0"/>
        </Position>
      </TrileInstance>
    </Entry>
    <Entry>
      <TrileEmplacement x="14" y="5" z="1"/>
      <TrileInstance trileId="122" orientation="1">
        <Position>
          <Vector3 x="14.0" y="5.0" z="1.0"/>
        </Position>
      </TrileInstance>
    </Entry>
    <Entry>
      <TrileEmplacement x="14" y="6" z="1"/>
      <TrileInstance trileId="121" orientation="1">
        <Position>
          <Vector3 x="14.0" y="6.0" z="1.0"/>
        </Position>
      </TrileInstance>
    </Entry>
    <Entry>
      <TrileEmplacement x="14" y="7" z="1"/>
      <TrileInstance trileId="121" orientation="1">
        <Position>
          <Vector3 x="14.0" y="7.0" z="1.0"/>
        </Position>
      </TrileInstance>
    </Entry>
    <Entry>
      <TrileEmplacement x="14" y="8" z="1"/>
      <TrileInstance trileId="121" orientation="1">
        <Position>
          <Vector3 x="14.0" y="8.0" z="1.0"/>
        </Position>
      </TrileInstance>
    </Entry>
    <Entry>
      <TrileEmplacement x="14" y="9" z="1"/>
      <TrileInstance trileId="122" orientation="1">
        <Position>
          <Vector3 x="14.0" y="9.0" z="1.0"/>
        </Position>
      </TrileInstance>
    </Entry>
    <Entry>
      <TrileEmplacement x="14" y="10" z="1"/>
      <TrileInstance trileId="122" orientation="1">
        <Position>
          <Vector3 x="14.0" y="10.0" z="1.0"/>
        </Position>
      </TrileInstance>
    </Entry>
    <Entry>
      <TrileEmplacement x="14" y="11" z="1"/>
      <TrileInstance trileId="121" orientation="1">
        <Position>
          <Vector3 x="14.0" y="11.0" z="1.0"/>
        </Position>
      </TrileInstance>
    </Entry>
    <Entry>
      <TrileEmplacement x="14" y="12" z="1"/>
      <TrileInstance trileId="122" orientation="1">
        <Position>
          <Vector3 x="14.0" y="12.0" z="1.0"/>
        </Position>
      </TrileInstance>
    </Entry>
    <Entry>
      <TrileEmplacement x="14" y="13" z="1"/>
      <TrileInstance trileId="121" orientation="1">
        <Position>
          <Vector3 x="14.0" y="13.0" z="1.0"/>
        </Position>
      </TrileInstance>
    </Entry>
    <Entry>
      <TrileEmplacement x="14" y="2" z="14"/>
      <TrileInstance trileId="121" orientation="0">
        <Position>
          <Vector3 x="14.0" y="2.0" z="14.0"/>
        </Position>
      </TrileInstance>
    </Entry>
    <Entry>
      <TrileEmplacement x="14" y="3" z="14"/>
      <TrileInstance trileId="122" orientation="0">
        <Position>
          <Vector3 x="14.0" y="3.0" z="14.0"/>
        </Position>
      </TrileInstance>
    </Entry>
    <Entry>
      <TrileEmplacement x="14" y="4" z="14"/>
      <TrileInstance trileId="121" orientation="0">
        <Position>
          <Vector3 x="14.0" y="4.0" z="14.0"/>
        </Position>
      </TrileInstance>
    </Entry>
    <Entry>
      <TrileEmplacement x="14" y="5" z="14"/>
      <TrileInstance trileId="122" orientation="0">
        <Position>
          <Vector3 x="14.0" y="5.0" z="14.0"/>
        </Position>
      </TrileInstance>
    </Entry>
    <Entry>
      <TrileEmplacement x="14" y="6" z="14"/>
      <TrileInstance trileId="121" orientation="0">
        <Position>
          <Vector3 x="14.0" y="6.0" z="14.0"/>
        </Position>
      </TrileInstance>
    </Entry>
    <Entry>
      <TrileEmplacement x="14" y="7" z="14"/>
      <TrileInstance trileId="121" orientation="0">
        <Position>
          <Vector3 x="14.0" y="7.0" z="14.0"/>
        </Position>
      </TrileInstance>
    </Entry>
    <Entry>
      <TrileEmplacement x="14" y="8" z="14"/>
      <TrileInstance trileId="121" orientation="0">
        <Position>
          <Vector3 x="14.0" y="8.0" z="14.0"/>
        </Position>
      </TrileInstance>
    </Entry>
    <Entry>
      <TrileEmplacement x="14" y="9" z="14"/>
      <TrileInstance trileId="122" orientation="0">
        <Position>
          <Vector3 x="14.0" y="9.0" z="14.0"/>
        </Position>
      </TrileInstance>
    </Entry>
    <Entry>
      <TrileEmplacement x="14" y="10" z="14"/>
      <TrileInstance trileId="122" orientation="0">
        <Position>
          <Vector3 x="14.0" y="10.0" z="14.0"/>
        </Position>
      </TrileInstance>
    </Entry>
    <Entry>
      <TrileEmplacement x="14" y="11" z="14"/>
      <TrileInstance trileId="121" orientation="0">
        <Position>
          <Vector3 x="14.0" y="11.0" z="14.0"/>
        </Position>
      </TrileInstance>
    </Entry>
    <Entry>
      <TrileEmplacement x="14" y="12" z="14"/>
      <TrileInstance trileId="121" orientation="0">
        <Position>
          <Vector3 x="14.0" y="12.0" z="14.0"/>
        </Position>
      </TrileInstance>
    </Entry>
    <Entry>
      <TrileEmplacement x="14" y="13" z="14"/>
      <TrileInstance trileId="122" orientation="0">
        <Position>
          <Vector3 x="14.0" y="13.0" z="14.0"/>
        </Position>
      </TrileInstance>
    </Entry>
    <Entry>
      <TrileEmplacement x="1" y="2" z="1"/>
      <TrileInstance trileId="122" orientation="2">
        <Position>
          <Vector3 x="1.0" y="2.0" z="1.0"/>
        </Position>
      </TrileInstance>
    </Entry>
    <Entry>
      <TrileEmplacement x="1" y="3" z="1"/>
      <TrileInstance trileId="121" orientation="2">
        <Position>
          <Vector3 x="1.0" y="3.0" z="1.0"/>
        </Position>
      </TrileInstance>
    </Entry>
    <Entry>
      <TrileEmplacement x="1" y="4" z="1"/>
      <TrileInstance trileId="121" orientation="2">
        <Position>
          <Vector3 x="1.0" y="4.0" z="1.0"/>
        </Position>
      </TrileInstance>
    </Entry>
    <Entry>
      <TrileEmplacement x="1" y="5" z="1"/>
      <TrileInstance trileId="122" orientation="2">
        <Position>
          <Vector3 x="1.0" y="5.0" z="1.0"/>
        </Position>
      </TrileInstance>
    </Entry>
    <Entry>
      <TrileEmplacement x="1" y="6" z="1"/>
      <TrileInstance trileId="122" orientation="2">
        <Position>
          <Vector3 x="1.0" y="6.0" z="1.0"/>
        </Position>
      </TrileInstance>
    </Entry>
    <Entry>
      <TrileEmplacement x="1" y="7" z="1"/>
      <TrileInstance trileId="121" orientation="2">
        <Position>
          <Vector3 x="1.0" y="7.0" z="1.0"/>
        </Position>
      </TrileInstance>
    </Entry>
    <Entry>
      <TrileEmplacement x="1" y="8" z="1"/>
      <TrileInstance trileId="121" orientation="2">
        <Position>
          <Vector3 x="1.0" y="8.0" z="1.0"/>
        </Position>
      </TrileInstance>
    </Entry>
    <Entry>
      <TrileEmplacement x="1" y="9" z="1"/>
      <TrileInstance trileId="122" orientation="2">
        <Position>
          <Vector3 x="1.0" y="9.0" z="1.0"/>
        </Position>
      </TrileInstance>
    </Entry>
    <Entry>
      <TrileEmplacement x="1" y="10" z="1"/>
      <TrileInstance trileId="121" orientation="2">
        <Position>
          <Vector3 x="1.0" y="10.0" z="1.0"/>
        </Position>
      </TrileInstance>
    </Entry>
    <Entry>
      <TrileEmplacement x="1" y="11" z="1"/>
      <TrileInstance trileId="121" orientation="2">
        <Position>
          <Vector3 x="1.0" y="11.0" z="1.0"/>
        </Position>
      </TrileInstance>
    </Entry>
    <Entry>
      <TrileEmplacement x="1" y="12" z="1"/>
      <TrileInstance trileId="122" orientation="2">
        <Position>
          <Vector3 x="1.0" y="12.0" z="1.0"/>
        </Position>
      </TrileInstance>
    </Entry>
    <Entry>
      <TrileEmplacement x="1" y="13" z="1"/>
      <TrileInstance trileId="121" orientation="2">
        <Position>
          <Vector3 x="1.0" y="13.0" z="1.0"/>
        </Position>
      </TrileInstance>
    </Entry>
    <Entry>
      <TrileEmplacement x="1" y="2" z="14"/>
      <TrileInstance trileId="122" orientation="3">
        <Position>
          <Vector3 x="1.0" y="2.0" z="14.0"/>
        </Position>
      </TrileInstance>
    </Entry>
    <Entry>
      <TrileEmplacement x="1" y="3" z="14"/>
      <TrileInstance trileId="121" orientation="3">
        <Position>
          <Vector3 x="1.0" y="3.0" z="14.0"/>
        </Position>
      </TrileInstance>
    </Entry>
    <Entry>
      <TrileEmplacement x="1" y="4" z="14"/>
      <TrileInstance trileId="121" orientation="3">
        <Position>
          <Vector3 x="1.0" y="4.0" z="14.0"/>
        </Position>
      </TrileInstance>
    </Entry>
    <Entry>
      <TrileEmplacement x="1" y="5" z="14"/>
      <TrileInstance trileId="122" orientation="3">
        <Position>
          <Vector3 x="1.0" y="5.0" z="14.0"/>
        </Position>
      </TrileInstance>
    </Entry>
    <Entry>
      <TrileEmplacement x="1" y="6" z="14"/>
      <TrileInstance trileId="122" orientation="3">
        <Position>
          <Vector3 x="1.0" y="6.0" z="14.0"/>
        </Position>
      </TrileInstance>
    </Entry>
    <Entry>
      <TrileEmplacement x="1" y="7" z="14"/>
      <TrileInstance trileId="121" orientation="3">
        <Position>
          <Vector3 x="1.0" y="7.0" z="14.0"/>
        </Position>
      </TrileInstance>
    </Entry>
    <Entry>
      <TrileEmplacement x="1" y="8" z="14"/>
      <TrileInstance trileId="121" orientation="3">
        <Position>
          <Vector3 x="1.0" y="8.0" z="14.0"/>
        </Position>
      </TrileInstance>
    </Entry>
    <Entry>
      <TrileEmplacement x="1" y="9" z="14"/>
      <TrileInstance trileId="121" orientation="3">
        <Position>
          <Vector3 x="1.0" y="9.0" z="14.0"/>
        </Position>
      </TrileInstance>
    </Entry>
    <Entry>
      <TrileEmplacement x="1" y="10" z="14"/>
      <TrileInstance trileId="121" orientation="3">
        <Position>
          <Vector3 x="1.0" y="10.0" z="14.0"/>
        </Position>
      </TrileInstance>
    </Entry>
    <Entry>
      <TrileEmplacement x="1" y="11" z="14"/>
      <TrileInstance trileId="122" orientation="3">
        <Position>
          <Vector3 x="1.0" y="11.0" z="14.0"/>
        </Position>
      </TrileInstance>
    </Entry>
    <Entry>
      <TrileEmplacement x="1" y="12" z="14"/>
      <TrileInstance trileId="121" orientation="3">
        <Position>
          <Vector3 x="1.0" y="12.0" z="14.0"/>
        </Position>
      </TrileInstance>
    </Entry>
    <Entry>
      <TrileEmplacement x="1" y="13" z="14"/>
      <TrileInstance trileId="122" orientation="3">
        <Position>
          <Vector3 x="1.0" y="13.0" z="14.0"/>
        </Position>
      </TrileInstance>
    </Entry>
    <Entry>
      <TrileEmplacement x="14" y="14" z="1"/>
      <TrileInstance trileId="124" orientation="1">
        <Position>
          <Vector3 x="14.0" y="13.5" z="1.0"/>
        </Position>
      </TrileInstance>
    </Entry>
    <Entry>
      <TrileEmplacement x="14" y="14" z="2"/>
      <TrileInstance trileId="125" orientation="2">
        <Position>
          <Vector3 x="13.5" y="14.0" z="2.0"/>
        </Position>
      </TrileInstance>
    </Entry>
    <Entry>
      <TrileEmplacement x="14" y="14" z="3"/>
      <TrileInstance trileId="125" orientation="2">
        <Position>
          <Vector3 x="13.5" y="14.0" z="3.0"/>
        </Position>
      </TrileInstance>
    </Entry>
    <Entry>
      <TrileEmplacement x="14" y="14" z="4"/>
      <TrileInstance trileId="125" orientation="2">
        <Position>
          <Vector3 x="13.5" y="14.0" z="4.0"/>
        </Position>
      </TrileInstance>
    </Entry>
    <Entry>
      <TrileEmplacement x="14" y="14" z="5"/>
      <TrileInstance trileId="125" orientation="2">
        <Position>
          <Vector3 x="13.5" y="14.0" z="5.0"/>
        </Position>
      </TrileInstance>
    </Entry>
    <Entry>
      <TrileEmplacement x="14" y="14" z="6"/>
      <TrileInstance trileId="125" orientation="2">
        <Position>
          <Vector3 x="13.5" y="14.0" z="6.0"/>
        </Position>
      </TrileInstance>
    </Entry>
    <Entry>
      <TrileEmplacement x="14" y="14" z="7"/>
      <TrileInstance trileId="125" orientation="2">
        <Position>
          <Vector3 x="13.5" y="14.0" z="7.0"/>
        </Position>
      </TrileInstance>
    </Entry>
    <Entry>
      <TrileEmplacement x="14" y="14" z="8"/>
      <TrileInstance trileId="125" orientation="2">
        <Position>
          <Vector3 x="13.5" y="14.0" z="8.0"/>
        </Position>
      </TrileInstance>
    </Entry>
    <Entry>
      <TrileEmplacement x="14" y="14" z="9"/>
      <TrileInstance trileId="125" orientation="2">
        <Position>
          <Vector3 x="13.5" y="14.0" z="9.0"/>
        </Position>
      </TrileInstance>
    </Entry>
    <Entry>
      <TrileEmplacement x="14" y="14" z="10"/>
      <TrileInstance trileId="125" orientation="2">
        <Position>
          <Vector3 x="13.5" y="14.0" z="10.0"/>
        </Position>
      </TrileInstance>
    </Entry>
    <Entry>
      <TrileEmplacement x="14" y="14" z="11"/>
      <TrileInstance trileId="125" orientation="2">
        <Position>
          <Vector3 x="13.5" y="14.0" z="11.0"/>
        </Position>
      </TrileInstance>
    </Entry>
    <Entry>
      <TrileEmplacement x="14" y="14" z="12"/>
      <TrileInstance trileId="125" orientation="2">
        <Position>
          <Vector3 x="13.5" y="14.0" z="12.0"/>
        </Position>
      </TrileInstance>
    </Entry>
    <Entry>
      <TrileEmplacement x="14" y="14" z="13"/>
      <TrileInstance trileId="125" orientation="2">
        <Position>
          <Vector3 x="13.5" y="14.0" z="13.0"/>
        </Position>
      </TrileInstance>
    </Entry>
    <Entry>
      <TrileEmplacement x="14" y="14" z="14"/>
      <TrileInstance trileId="124" orientation="0">
        <Position>
          <Vector3 x="14.0" y="13.5" z="14.0"/>
        </Position>
      </TrileInstance>
    </Entry>
    <Entry>
      <TrileEmplacement x="13" y="14" z="2"/>
      <TrileInstance trileId="125" orientation="2">
        <Position>
          <Vector3 x="13.0" y="14.0" z="1.5"/>
        </Position>
      </TrileInstance>
    </Entry>
    <Entry>
      <TrileEmplacement x="12" y="14" z="2"/>
      <TrileInstance trileId="125" orientation="2">
        <Position>
          <Vector3 x="12.0" y="14.0" z="1.5"/>
        </Position>
      </TrileInstance>
    </Entry>
    <Entry>
      <TrileEmplacement x="11" y="14" z="2"/>
      <TrileInstance trileId="125" orientation="2">
        <Position>
          <Vector3 x="11.0" y="14.0" z="1.5"/>
        </Position>
      </TrileInstance>
    </Entry>
    <Entry>
      <TrileEmplacement x="10" y="14" z="2"/>
      <TrileInstance trileId="125" orientation="2">
        <Position>
          <Vector3 x="10.0" y="14.0" z="1.5"/>
        </Position>
      </TrileInstance>
    </Entry>
    <Entry>
      <TrileEmplacement x="9" y="14" z="2"/>
      <TrileInstance trileId="125" orientation="2">
        <Position>
          <Vector3 x="9.0" y="14.0" z="1.5"/>
        </Position>
      </TrileInstance>
    </Entry>
    <Entry>
      <TrileEmplacement x="8" y="14" z="2"/>
      <TrileInstance trileId="125" orientation="2">
        <Position>
          <Vector3 x="8.0" y="14.0" z="1.5"/>
        </Position>
      </TrileInstance>
    </Entry>
    <Entry>
      <TrileEmplacement x="7" y="14" z="2"/>
      <TrileInstance trileId="125" orientation="2">
        <Position>
          <Vector3 x="7.0" y="14.0" z="1.5"/>
        </Position>
      </TrileInstance>
    </Entry>
    <Entry>
      <TrileEmplacement x="6" y="14" z="2"/>
      <TrileInstance trileId="125" orientation="2">
        <Position>
          <Vector3 x="6.0" y="14.0" z="1.5"/>
        </Position>
      </TrileInstance>
    </Entry>
    <Entry>
      <TrileEmplacement x="5" y="14" z="2"/>
      <TrileInstance trileId="125" orientation="2">
        <Position>
          <Vector3 x="5.0" y="14.0" z="1.5"/>
        </Position>
      </TrileInstance>
    </Entry>
    <Entry>
      <TrileEmplacement x="4" y="14" z="2"/>
      <TrileInstance trileId="125" orientation="2">
        <Position>
          <Vector3 x="4.0" y="14.0" z="1.5"/>
        </Position>
      </TrileInstance>
    </Entry>
    <Entry>
      <TrileEmplacement x="3" y="14" z="2"/>
      <TrileInstance trileId="125" orientation="2">
        <Position>
          <Vector3 x="3.0" y="14.0" z="1.5"/>
        </Position>
      </TrileInstance>
    </Entry>
    <Entry>
      <TrileEmplacement x="1" y="14" z="14"/>
      <TrileInstance trileId="124" orientation="3">
        <Position>
          <Vector3 x="1.0" y="13.5" z="14.0"/>
        </Position>
      </TrileInstance>
    </Entry>
    <Entry>
      <TrileEmplacement x="2" y="14" z="2"/>
      <TrileInstance trileId="125" orientation="2">
        <Position>
          <Vector3 x="2.0" y="14.0" z="1.5"/>
        </Position>
        <OverlappedTriles>
          <TrileInstance trileId="125" orientation="2">
            <Position>
              <Vector3 x="1.5" y="14.0" z="2.0"/>
            </Position>
          </TrileInstance>
        </OverlappedTriles>
      </TrileInstance>
    </Entry>
    <Entry>
      <TrileEmplacement x="2" y="14" z="3"/>
      <TrileInstance trileId="125" orientation="2">
        <Position>
          <Vector3 x="1.5" y="14.0" z="3.0"/>
        </Position>
      </TrileInstance>
    </Entry>
    <Entry>
      <TrileEmplacement x="2" y="14" z="4"/>
      <TrileInstance trileId="125" orientation="2">
        <Position>
          <Vector3 x="1.5" y="14.0" z="4.0"/>
        </Position>
      </TrileInstance>
    </Entry>
    <Entry>
      <TrileEmplacement x="2" y="14" z="5"/>
      <TrileInstance trileId="125" orientation="2">
        <Position>
          <Vector3 x="1.5" y="14.0" z="5.0"/>
        </Position>
      </TrileInstance>
    </Entry>
    <Entry>
      <TrileEmplacement x="2" y="14" z="6"/>
      <TrileInstance trileId="125" orientation="2">
        <Position>
          <Vector3 x="1.5" y="14.0" z="6.0"/>
        </Position>
      </TrileInstance>
    </Entry>
    <Entry>
      <TrileEmplacement x="2" y="14" z="7"/>
      <TrileInstance trileId="125" orientation="2">
        <Position>
          <Vector3 x="1.5" y="14.0" z="7.0"/>
        </Position>
      </TrileInstance>
    </Entry>
    <Entry>
      <TrileEmplacement x="2" y="14" z="8"/>
      <TrileInstance trileId="125" orientation="2">
        <Position>
          <Vector3 x="1.5" y="14.0" z="8.0"/>
        </Position>
      </TrileInstance>
    </Entry>
    <Entry>
      <TrileEmplacement x="2" y="14" z="9"/>
      <TrileInstance trileId="125" orientation="2">
        <Position>
          <Vector3 x="1.5" y="14.0" z="9.0"/>
        </Position>
      </TrileInstance>
    </Entry>
    <Entry>
      <TrileEmplacement x="2" y="14" z="10"/>
      <TrileInstance trileId="125" orientation="2">
        <Position>
          <Vector3 x="1.5" y="14.0" z="10.0"/>
        </Position>
      </TrileInstance>
    </Entry>
    <Entry>
      <TrileEmplacement x="2" y="14" z="11"/>
      <TrileInstance trileId="125" orientation="2">
        <Position>
          <Vector3 x="1.5" y="14.0" z="11.0"/>
        </Position>
      </TrileInstance>
    </Entry>
    <Entry>
      <TrileEmplacement x="2" y="14" z="12"/>
      <TrileInstance trileId="125" orientation="2">
        <Position>
          <Vector3 x="1.5" y="14.0" z="12.0"/>
        </Position>
      </TrileInstance>
    </Entry>
    <Entry>
      <TrileEmplacement x="2" y="14" z="13"/>
      <TrileInstance trileId="125" orientation="2">
        <Position>
          <Vector3 x="1.5" y="14.0" z="13.0"/>
        </Position>
      </TrileInstance>
    </Entry>
    <Entry>
      <TrileEmplacement x="1" y="14" z="1"/>
      <TrileInstance trileId="124" orientation="2">
        <Position>
          <Vector3 x="1.0" y="13.5" z="1.0"/>
        </Position>
      </TrileInstance>
    </Entry>
    <Entry>
      <TrileEmplacement x="2" y="14" z="14"/>
      <TrileInstance trileId="125" orientation="2">
        <Position>
          <Vector3 x="2.0" y="14.0" z="13.5"/>
        </Position>
      </TrileInstance>
    </Entry>
    <Entry>
      <TrileEmplacement x="3" y="14" z="14"/>
      <TrileInstance trileId="125" orientation="2">
        <Position>
          <Vector3 x="3.0" y="14.0" z="13.5"/>
        </Position>
      </TrileInstance>
    </Entry>
    <Entry>
      <TrileEmplacement x="4" y="14" z="14"/>
      <TrileInstance trileId="125" orientation="2">
        <Position>
          <Vector3 x="4.0" y="14.0" z="13.5"/>
        </Position>
      </TrileInstance>
    </Entry>
    <Entry>
      <TrileEmplacement x="5" y="14" z="14"/>
      <TrileInstance trileId="125" orientation="2">
        <Position>
          <Vector3 x="5.0" y="14.0" z="13.5"/>
        </Position>
      </TrileInstance>
    </Entry>
    <Entry>
      <TrileEmplacement x="6" y="14" z="14"/>
      <TrileInstance trileId="125" orientation="2">
        <Position>
          <Vector3 x="6.0" y="14.0" z="13.5"/>
        </Position>
      </TrileInstance>
    </Entry>
    <Entry>
      <TrileEmplacement x="7" y="14" z="14"/>
      <TrileInstance trileId="125" orientation="2">
        <Position>
          <Vector3 x="7.0" y="14.0" z="13.5"/>
        </Position>
      </TrileInstance>
    </Entry>
    <Entry>
      <TrileEmplacement x="8" y="14" z="14"/>
      <TrileInstance trileId="125" orientation="2">
        <Position>
          <Vector3 x="8.0" y="14.0" z="13.5"/>
        </Position>
      </TrileInstance>
    </Entry>
    <Entry>
      <TrileEmplacement x="9" y="14" z="14"/>
      <TrileInstance trileId="125" orientation="2">
        <Position>
          <Vector3 x="9.0" y="14.0" z="13.5"/>
        </Position>
      </TrileInstance>
    </Entry>
    <Entry>
      <TrileEmplacement x="10" y="14" z="14"/>
      <TrileInstance trileId="125" orientation="2">
        <Position>
          <Vector3 x="10.0" y="14.0" z="13.5"/>
        </Position>
      </TrileInstance>
    </Entry>
    <Entry>
      <TrileEmplacement x="11" y="14" z="14"/>
      <TrileInstance trileId="125" orientation="2">
        <Position>
          <Vector3 x="11.0" y="14.0" z="13.5"/>
        </Position>
      </TrileInstance>
    </Entry>
    <Entry>
      <TrileEmplacement x="12" y="14" z="14"/>
      <TrileInstance trileId="125" orientation="2">
        <Position>
          <Vector3 x="12.0" y="14.0" z="13.5"/>
        </Position>
      </TrileInstance>
    </Entry>
    <Entry>
      <TrileEmplacement x="13" y="14" z="14"/>
      <TrileInstance trileId="125" orientation="2">
        <Position>
          <Vector3 x="13.0" y="14.0" z="13.5"/>
        </Position>
      </TrileInstance>
    </Entry>
    <Entry>
      <TrileEmplacement x="13" y="7" z="10"/>
      <TrileInstance trileId="119" orientation="2">
        <Position>
          <Vector3 x="13.0" y="7.0" z="10.0"/>
        </Position>
      </TrileInstance>
    </Entry>
    <Entry>
      <TrileEmplacement x="13" y="7" z="9"/>
      <TrileInstance trileId="119" orientation="3">
        <Position>
          <Vector3 x="13.0" y="7.0" z="9.0"/>
        </Position>
      </TrileInstance>
    </Entry>
    <Entry>
      <TrileEmplacement x="13" y="7" z="8"/>
      <TrileInstance trileId="119" orientation="2">
        <Position>
          <Vector3 x="13.0" y="7.0" z="8.0"/>
        </Position>
      </TrileInstance>
    </Entry>
    <Entry>
      <TrileEmplacement x="13" y="7" z="7"/>
      <TrileInstance trileId="119" orientation="2">
        <Position>
          <Vector3 x="13.0" y="7.0" z="7.0"/>
        </Position>
      </TrileInstance>
    </Entry>
    <Entry>
      <TrileEmplacement x="13" y="7" z="6"/>
      <TrileInstance trileId="119" orientation="2">
        <Position>
          <Vector3 x="13.0" y="7.0" z="6.0"/>
        </Position>
      </TrileInstance>
    </Entry>
    <Entry>
      <TrileEmplacement x="13" y="7" z="5"/>
      <TrileInstance trileId="119" orientation="2">
        <Position>
          <Vector3 x="13.0" y="7.0" z="5.0"/>
        </Position>
      </TrileInstance>
    </Entry>
    <Entry>
      <TrileEmplacement x="12" y="7" z="4"/>
      <TrileInstance trileId="119" orientation="2">
        <Position>
          <Vector3 x="12.0" y="7.0" z="4.0"/>
        </Position>
      </TrileInstance>
    </Entry>
    <Entry>
      <TrileEmplacement x="11" y="7" z="4"/>
      <TrileInstance trileId="119" orientation="2">
        <Position>
          <Vector3 x="11.0" y="7.0" z="4.0"/>
        </Position>
      </TrileInstance>
    </Entry>
    <Entry>
      <TrileEmplacement x="11" y="7" z="10"/>
      <TrileInstance trileId="119" orientation="2">
        <Position>
          <Vector3 x="11.0" y="7.0" z="10.0"/>
        </Position>
      </TrileInstance>
    </Entry>
    <Entry>
      <TrileEmplacement x="11" y="7" z="9"/>
      <TrileInstance trileId="119" orientation="2">
        <Position>
          <Vector3 x="11.0" y="7.0" z="9.0"/>
        </Position>
      </TrileInstance>
    </Entry>
    <Entry>
      <TrileEmplacement x="11" y="7" z="8"/>
      <TrileInstance trileId="119" orientation="2">
        <Position>
          <Vector3 x="11.0" y="7.0" z="8.0"/>
        </Position>
      </TrileInstance>
    </Entry>
    <Entry>
      <TrileEmplacement x="11" y="7" z="7"/>
      <TrileInstance trileId="119" orientation="2">
        <Position>
          <Vector3 x="11.0" y="7.0" z="7.0"/>
        </Position>
      </TrileInstance>
    </Entry>
    <Entry>
      <TrileEmplacement x="11" y="7" z="6"/>
      <TrileInstance trileId="119" orientation="2">
        <Position>
          <Vector3 x="11.0" y="7.0" z="6.0"/>
        </Position>
      </TrileInstance>
    </Entry>
    <Entry>
      <TrileEmplacement x="11" y="7" z="5"/>
      <TrileInstance trileId="119" orientation="2">
        <Position>
          <Vector3 x="11.0" y="7.0" z="5.0"/>
        </Position>
      </TrileInstance>
    </Entry>
    <Entry>
      <TrileEmplacement x="12" y="7" z="11"/>
      <TrileInstance trileId="119" orientation="2">
        <Position>
          <Vector3 x="12.0" y="7.0" z="11.0"/>
        </Position>
      </TrileInstance>
    </Entry>
    <Entry>
      <TrileEmplacement x="13" y="7" z="11"/>
      <TrileInstance trileId="119" orientation="2">
        <Position>
          <Vector3 x="13.0" y="7.0" z="11.0"/>
        </Position>
      </TrileInstance>
    </Entry>
    <Entry>
      <TrileEmplacement x="12" y="7" z="10"/>
      <TrileInstance trileId="119" orientation="2">
        <Position>
          <Vector3 x="12.0" y="7.0" z="10.0"/>
        </Position>
      </TrileInstance>
    </Entry>
    <Entry>
      <TrileEmplacement x="12" y="7" z="9"/>
      <TrileInstance trileId="119" orientation="2">
        <Position>
          <Vector3 x="12.0" y="7.0" z="9.0"/>
        </Position>
      </TrileInstance>
    </Entry>
    <Entry>
      <TrileEmplacement x="12" y="7" z="8"/>
      <TrileInstance trileId="119" orientation="2">
        <Position>
          <Vector3 x="12.0" y="7.0" z="8.0"/>
        </Position>
      </TrileInstance>
    </Entry>
    <Entry>
      <TrileEmplacement x="12" y="7" z="7"/>
      <TrileInstance trileId="119" orientation="2">
        <Position>
          <Vector3 x="12.0" y="7.0" z="7.0"/>
        </Position>
      </TrileInstance>
    </Entry>
    <Entry>
      <TrileEmplacement x="12" y="7" z="6"/>
      <TrileInstance trileId="119" orientation="2">
        <Position>
          <Vector3 x="12.0" y="7.0" z="6.0"/>
        </Position>
      </TrileInstance>
    </Entry>
    <Entry>
      <TrileEmplacement x="12" y="7" z="5"/>
      <TrileInstance trileId="119" orientation="2">
        <Position>
          <Vector3 x="12.0" y="7.0" z="5.0"/>
        </Position>
      </TrileInstance>
    </Entry>
    <Entry>
      <TrileEmplacement x="12" y="8" z="11"/>
      <TrileInstance trileId="82" orientation="2">
        <Position>
          <Vector3 x="11.5" y="8.0" z="10.5"/>
        </Position>
      </TrileInstance>
    </Entry>
    <Entry>
      <TrileEmplacement x="3" y="2" z="3"/>
      <TrileInstance trileId="81" orientation="2">
        <Position>
          <Vector3 x="3.25" y="2.0" z="2.5625"/>
        </Position>
        <OverlappedTriles>
          <TrileInstance trileId="81" orientation="2">
            <Position>
              <Vector3 x="2.75" y="2.0" z="2.5625"/>
            </Position>
          </TrileInstance>
        </OverlappedTriles>
      </TrileInstance>
    </Entry>
    <Entry>
      <TrileEmplacement x="4" y="2" z="4"/>
      <TrileInstance trileId="81" orientation="2">
        <Position>
          <Vector3 x="4.375" y="1.625" z="3.625"/>
        </Position>
      </TrileInstance>
    </Entry>
    <Entry>
      <TrileEmplacement x="7" y="2" z="7"/>
      <TrileInstance trileId="81" orientation="2">
        <Position>
          <Vector3 x="7.3125" y="2.0" z="7.0"/>
        </Position>
      </TrileInstance>
    </Entry>
    <Entry>
      <TrileEmplacement x="3" y="3" z="2"/>
      <TrileInstance trileId="81" orientation="2">
        <Position>
          <Vector3 x="3.0" y="3.0" z="2.0"/>
        </Position>
      </TrileInstance>
    </Entry>
    <Entry>
      <TrileEmplacement x="7" y="2" z="8"/>
      <TrileInstance trileId="81" orientation="2">
        <Position>
          <Vector3 x="7.3125" y="2.0" z="8.0"/>
        </Position>
      </TrileInstance>
    </Entry>
    <Entry>
      <TrileEmplacement x="8" y="2" z="8"/>
      <TrileInstance trileId="81" orientation="2">
        <Position>
          <Vector3 x="8.3125" y="2.0" z="8.0"/>
        </Position>
      </TrileInstance>
    </Entry>
    <Entry>
      <TrileEmplacement x="8" y="2" z="7"/>
      <TrileInstance trileId="81" orientation="2">
        <Position>
          <Vector3 x="8.3125" y="2.0" z="7.0"/>
        </Position>
      </TrileInstance>
    </Entry>
    <Entry>
      <TrileEmplacement x="12" y="2" z="5"/>
      <TrileInstance trileId="81" orientation="2">
        <Position>
          <Vector3 x="11.875" y="2.0" z="4.875"/>
        </Position>
      </TrileInstance>
    </Entry>
    <Entry>
      <TrileEmplacement x="12" y="3" z="5"/>
      <TrileInstance trileId="81" orientation="2">
        <Position>
          <Vector3 x="11.875" y="3.0" z="4.875"/>
        </Position>
      </TrileInstance>
    </Entry>
    <Entry>
      <TrileEmplacement x="12" y="4" z="5"/>
      <TrileInstance trileId="81" orientation="2">
        <Position>
          <Vector3 x="11.875" y="4.0" z="4.875"/>
        </Position>
      </TrileInstance>
    </Entry>
    <Entry>
      <TrileEmplacement x="12" y="5" z="5"/>
      <TrileInstance trileId="81" orientation="2">
        <Position>
          <Vector3 x="11.875" y="5.0" z="4.875"/>
        </Position>
      </TrileInstance>
    </Entry>
    <Entry>
      <TrileEmplacement x="12" y="6" z="5"/>
      <TrileInstance trileId="81" orientation="2">
        <Position>
          <Vector3 x="11.875" y="6.0" z="4.875"/>
        </Position>
      </TrileInstance>
    </Entry>
    <Entry>
      <TrileEmplacement x="12" y="2" z="10"/>
      <TrileInstance trileId="81" orientation="2">
        <Position>
          <Vector3 x="11.875" y="2.0" z="10.125"/>
        </Position>
      </TrileInstance>
    </Entry>
    <Entry>
      <TrileEmplacement x="12" y="3" z="10"/>
      <TrileInstance trileId="81" orientation="2">
        <Position>
          <Vector3 x="11.875" y="3.0" z="10.125"/>
        </Position>
      </TrileInstance>
    </Entry>
    <Entry>
      <TrileEmplacement x="12" y="4" z="10"/>
      <TrileInstance trileId="81" orientation="2">
        <Position>
          <Vector3 x="11.875" y="4.0" z="10.125"/>
        </Position>
      </TrileInstance>
    </Entry>
    <Entry>
      <TrileEmplacement x="12" y="5" z="10"/>
      <TrileInstance trileId="81" orientation="2">
        <Position>
          <Vector3 x="11.875" y="5.0" z="10.125"/>
        </Position>
      </TrileInstance>
    </Entry>
    <Entry>
      <TrileEmplacement x="12" y="6" z="10"/>
      <TrileInstance trileId="81" orientation="2">
        <Position>
          <Vector3 x="11.875" y="6.0" z="10.125"/>
        </Position>
      </TrileInstance>
    </Entry>
  </Triles>
  <ArtObjects>
    <Entry key="0">
      <ArtObjectInstance name="GLOBE_PILLARAO">
        <Position>
          <Vector3 x="12.5" y="6.0" z="5.375"/>
        </Position>
        <Rotation>
          <Quaternion x="0.0" y="0.0" z="0.0" w="1.0"/>
        </Rotation>
        <Scale>
          <Vector3 x="1.0" y="1.0" z="1.0"/>
        </Scale>
        <ArtObjectActorSettings inactive="False" spinEvery="0.0" spinOffset="0.0" offCenter="False" timeswitchWindBackSpeed="0.0" containedTrile="None" spinView="None">
          <RotationCenter>
            <Vector3 x="0.0" y="0.0" z="0.0"/>
          </RotationCenter>
        </ArtObjectActorSettings>
      </ArtObjectInstance>
    </Entry>
    <Entry key="3">
      <ArtObjectInstance name="GLOBE_PILLARAO">
        <Position>
          <Vector3 x="12.5" y="6.0" z="10.625"/>
        </Position>
        <Rotation>
          <Quaternion x="0.0" y="0.0" z="0.0" w="1.0"/>
        </Rotation>
        <Scale>
          <Vector3 x="1.0" y="1.0" z="1.0"/>
        </Scale>
        <ArtObjectActorSettings inactive="False" spinEvery="0.0" spinOffset="0.0" offCenter="False" timeswitchWindBackSpeed="0.0" containedTrile="None" spinView="None">
          <RotationCenter>
            <Vector3 x="0.0" y="0.0" z="0.0"/>
          </RotationCenter>
        </ArtObjectActorSettings>
      </ArtObjectInstance>
    </Entry>
    <Entry key="4">
      <ArtObjectInstance name="INT_PARLOR_CHAIRAO">
        <Position>
          <Vector3 x="3.5" y="2.9375" z="2.8125"/>
        </Position>
        <Rotation>
          <Quaternion x="0.0" y="0.0" z="0.0" w="1.0"/>
        </Rotation>
        <Scale>
          <Vector3 x="1.0" y="1.0" z="1.0"/>
        </Scale>
        <ArtObjectActorSettings inactive="False" spinEvery="0.0" spinOffset="0.0" offCenter="False" timeswitchWindBackSpeed="0.0" containedTrile="None" spinView="None">
          <RotationCenter>
            <Vector3 x="0.0" y="0.0" z="0.0"/>
          </RotationCenter>
        </ArtObjectActorSettings>
      </ArtObjectInstance>
    </Entry>
    <Entry key="5">
      <ArtObjectInstance name="treasureTOPAO">
        <Position>
          <Vector3 x="8.0" y="3.0" z="8.0"/>
        </Position>
        <Rotation>
          <Quaternion x="0.0" y="0.707107007504" z="0.0" w="-0.707107007504"/>
        </Rotation>
        <Scale>
          <Vector3 x="1.0" y="1.0" z="1.0"/>
        </Scale>
        <ArtObjectActorSettings inactive="False" spinEvery="0.0" spinOffset="0.0" offCenter="False" timeswitchWindBackSpeed="0.0" containedTrile="Tome" spinView="None">
          <RotationCenter>
            <Vector3 x="0.0" y="0.0" z="0.0"/>
          </RotationCenter>
        </ArtObjectActorSettings>
      </ArtObjectInstance>
    </Entry>
    <Entry key="6">
      <ArtObjectInstance name="treasureBOTTOMAO">
        <Position>
          <Vector3 x="8.0" y="3.0" z="8.0"/>
        </Position>
        <Rotation>
          <Quaternion x="0.0" y="0.707107007504" z="0.0" w="-0.707107007504"/>
        </Rotation>
        <Scale>
          <Vector3 x="1.0" y="1.0" z="1.0"/>
        </Scale>
        <ArtObjectActorSettings inactive="False" spinEvery="0.0" spinOffset="0.0" offCenter="False" timeswitchWindBackSpeed="0.0" containedTrile="None" spinView="None">
          <RotationCenter>
            <Vector3 x="0.0" y="0.0" z="0.0"/>
          </RotationCenter>
        </ArtObjectActorSettings>
      </ArtObjectInstance>
    </Entry>
    <Entry key="7">
      <ArtObjectInstance name="INT_PARLOR_POUFAO">
        <Position>
          <Vector3 x="4.875" y="2.5" z="4.125"/>
        </Position>
        <Rotation>
          <Quaternion x="0.0" y="0.0" z="0.0" w="1.0"/>
        </Rotation>
        <Scale>
          <Vector3 x="1.0" y="1.0" z="1.0"/>
        </Scale>
        <ArtObjectActorSettings inactive="False" spinEvery="0.0" spinOffset="0.0" offCenter="False" timeswitchWindBackSpeed="0.0" containedTrile="None" spinView="None">
          <RotationCenter>
            <Vector3 x="0.0" y="0.0" z="0.0"/>
          </RotationCenter>
        </ArtObjectActorSettings>
      </ArtObjectInstance>
    </Entry>
    <Entry key="8">
      <ArtObjectInstance name="LIBRARY_DESKAO">
        <Position>
          <Vector3 x="12.0" y="10.0" z="10.5"/>
        </Position>
        <Rotation>
          <Quaternion x="0.0" y="-0.707107007504" z="0.0" w="0.707107007504"/>
        </Rotation>
        <Scale>
          <Vector3 x="1.0" y="1.0" z="1.0"/>
        </Scale>
        <ArtObjectActorSettings inactive="False" spinEvery="0.0" spinOffset="0.0" offCenter="False" timeswitchWindBackSpeed="0.0" containedTrile="None" spinView="None">
          <RotationCenter>
            <Vector3 x="0.0" y="0.0" z="0.0"/>
          </RotationCenter>
        </ArtObjectActorSettings>
      </ArtObjectInstance>
    </Entry>
    <Entry key="9">
      <ArtObjectInstance name="INT_CHAIRAO">
        <Position>
          <Vector3 x="12.6875" y="8.5" z="10.5"/>
        </Position>
        <Rotation>
          <Quaternion x="0.0" y="0.0" z="0.0" w="-1.0"/>
        </Rotation>
        <Scale>
          <Vector3 x="1.0" y="1.0" z="1.0"/>
        </Scale>
        <ArtObjectActorSettings inactive="False" spinEvery="0.0" spinOffset="0.0" offCenter="False" timeswitchWindBackSpeed="0.0" containedTrile="None" spinView="None">
          <RotationCenter>
            <Vector3 x="0.0" y="0.0" z="0.0"/>
          </RotationCenter>
        </ArtObjectActorSettings>
      </ArtObjectInstance>
    </Entry>
  </ArtObjects>
  <BackgroundPlanes>
    <Entry key="0">
      <BackgroundPlane textureName="GLOBE_INT_A" lightMap="False" allowOverbrightness="False" animated="False" doubleSided="False" opacity="1.0" billboard="False" syncWithSamples="False" crosshatch="False" unknown="False" alwaysOnTop="False" fullbright="False" pixelatedLightmap="False" xTextureRepeat="False" yTextureRepeat="False" clampTexture="False" parallaxFactor="0.0" filter="#FFFFFFFF" actorType="None">
        <Position>
          <Vector3 x="14.0" y="8.0" z="8.0"/>
        </Position>
        <Rotation>
          <Quaternion x="0.0" y="-0.707107007504" z="0.0" w="0.707107007504"/>
        </Rotation>
        <Scale>
          <Vector3 x="1.0" y="1.0" z="1.0"/>
        </Scale>
      </BackgroundPlane>
    </Entry>
    <Entry key="1">
      <BackgroundPlane textureName="GLOBE_INT_B" lightMap="False" allowOverbrightness="False" animated="False" doubleSided="False" opacity="1.0" billboard="False" syncWithSamples="False" crosshatch="False" unknown="False" alwaysOnTop="False" fullbright="False" pixelatedLightmap="False" xTextureRepeat="False" yTextureRepeat="False" clampTexture="False" parallaxFactor="0.0" filter="#FFFFFFFF" actorType="None">
        <Position>
          <Vector3 x="2.0" y="8.0625" z="8.0"/>
        </Position>
        <Rotation>
          <Quaternion x="0.0" y="-0.707107007504" z="0.0" w="-0.707107007504"/>
        </Rotation>
        <Scale>
          <Vector3 x="1.0" y="1.0" z="1.0"/>
        </Scale>
      </BackgroundPlane>
    </Entry>
    <Entry key="2">
      <BackgroundPlane textureName="GLOBE_INT_B" lightMap="False" allowOverbrightness="False" animated="False" doubleSided="False" opacity="1.0" billboard="False" syncWithSamples="False" crosshatch="False" unknown="False" alwaysOnTop="False" fullbright="False" pixelatedLightmap="False" xTextureRepeat="False" yTextureRepeat="False" clampTexture="False" parallaxFactor="0.0" filter="#FFFFFFFF" actorType="None">
        <Position>
          <Vector3 x="8.0" y="8.0625" z="2.0"/>
        </Position>
        <Rotation>
          <Quaternion x="0.0" y="0.0" z="0.0" w="1.0"/>
        </Rotation>
        <Scale>
          <Vector3 x="1.0" y="1.0" z="1.0"/>
        </Scale>
      </BackgroundPlane>
    </Entry>
    <Entry key="3">
      <BackgroundPlane textureName="GLOBE_INT_B" lightMap="False" allowOverbrightness="False" animated="False" doubleSided="False" opacity="1.0" billboard="False" syncWithSamples="False" crosshatch="False" unknown="False" alwaysOnTop="False" fullbright="False" pixelatedLightmap="False" xTextureRepeat="False" yTextureRepeat="False" clampTexture="False" parallaxFactor="0.0" filter="#FFFFFFFF" actorType="None">
        <Position>
          <Vector3 x="8.0" y="8.0625" z="14.0"/>
        </Position>
        <Rotation>
          <Quaternion x="0.0" y="1.0" z="0.0" w="0.0"/>
        </Rotation>
        <Scale>
          <Vector3 x="1.0" y="1.0" z="1.0"/>
        </Scale>
      </BackgroundPlane>
    </Entry>
  </BackgroundPlanes>
  <Groups>
    <Entry key="0">
      <TrileGroup heavy="False" geyserOffset="0.0" geyserPauseFor="0.0" geyserLiftFor="0.0" geyserApexHeight="0.0" spinClockwise="False" spinFrequency="0.0" spinNeedsTriggering="False" spin180Degrees="False" fallOnRotate="False" spinOffset="0.0" actorType="None">
        <Triles>
          <TrileInstance trileId="81" orientation="2">
            <Position>
              <Vector3 x="11.875" y="5.0" z="10.125"/>
            </Position>
          </TrileInstance>
          <TrileInstance trileId="81" orientation="2">
            <Position>
              <Vector3 x="11.875" y="6.0" z="10.125"/>
            </Position>
          </TrileInstance>
          <TrileInstance trileId="81" orientation="2">
            <Position>
              <Vector3 x="11.875" y="4.0" z="10.125"/>
            </Position>
          </TrileInstance>
          <TrileInstance trileId="81" orientation="2">
            <Position>
              <Vector3 x="11.875" y="2.0" z="10.125"/>
            </Position>
          </TrileInstance>
          <TrileInstance trileId="81" orientation="2">
            <Position>
              <Vector3 x="11.875" y="3.0" z="10.125"/>
            </Position>
          </TrileInstance>
        </Triles>
        <SpinCenter>
          <Vector3 x="0.0" y="0.0" z="0.0"/>
        </SpinCenter>
      </TrileGroup>
    </Entry>
  </Groups>
  <NonplayerCharacters>
    <Entry key="0">
      <NpcInstance name="Mouse" walkSpeed="2.0" randomizeSpeech="False" sayFirstSpeechLineOnce="False" avoidsGomez="True" actorType="None">
        <Position>
          <Vector3 x="13.5" y="2.0" z="13.25"/>
        </Position>
        <DestinationOffset>
          <Vector3 x="-10.875" y="0.0" z="-5.875"/>
        </DestinationOffset>
        <Speech/>
        <Actions>
          <Action key="Idle">
            <NpcActionContent animationName="Idle"/>
          </Action>
          <Action key="Turn">
            <NpcActionContent animationName="Turn"/>
          </Action>
          <Action key="Walk">
            <NpcActionContent animationName="Walk"/>
          </Action>
        </Actions>
      </NpcInstance>
    </Entry>
  </NonplayerCharacters>
  <Paths/>
  <MutedLoops/>
  <AmbienceTracks/>
</Level>
