<?xml version='1.0' encoding='UTF-8'?>
<Level flat="False" skipPostprocess="True" baseDiffuse="1.0" baseAmbient="0.699999988079" haloFiltering="True" blinkingAlpha="False" loops="False" waterHeight="0.0" skyName="BLACK" fapFadeoutStart="0" fapFadeoutLength="0" descending="False" rainy="False" lowPass="True" quantum="False" name="GOMEZ_HOUSE_END_64" waterType="None" trileSetName="Untitled" nodeType="Lesser">
  <Size>
    <Vector3 x="20.0" y="16.0" z="24.0"/>
  </Size>
  <StartingPosition>
    <TrileFace face="Right">
      <TrileId>
        <TrileEmplacement x="12" y="7" z="14"/>
      </TrileId>
    </TrileFace>
  </StartingPosition>
  <Volumes>
    <Entry key="0">
      <Volume>
        <Orientations>
          <FaceOrientation>Back</FaceOrientation>
          <FaceOrientation>Left</FaceOrientation>
          <FaceOrientation>Front</FaceOrientation>
          <FaceOrientation>Right</FaceOrientation>
        </Orientations>
        <From>
          <Vector3 x="6.0" y="6.0" z="7.0"/>
        </From>
        <To>
          <Vector3 x="14.0" y="14.0" z="17.0"/>
        </To>
      </Volume>
    </Entry>
    <Entry key="1">
      <Volume>
        <Orientations>
          <FaceOrientation>Right</FaceOrientation>
        </Orientations>
        <From>
          <Vector3 x="7.0" y="7.0" z="12.0"/>
        </From>
        <To>
          <Vector3 x="8.0" y="9.0" z="13.0"/>
        </To>
      </Volume>
    </Entry>
  </Volumes>
  <Scripts>
    <Entry key="0">
      <Script name="Untitled" oneTime="False" triggerless="False" ignoreEndTriggers="False" levelWideOneTime="False" disabled="False" isWinCondition="False">
        <Triggers>
          <ScriptTrigger event="Enter">
            <Entity entityType="Volume" identifier="0"/>
          </ScriptTrigger>
        </Triggers>
        <Actions>
          <ScriptAction operation="FocusCamera" killswitch="False" blocking="False">
            <Entity entityType="Volume" identifier="0"/>
            <Arguments>
              <Entry>5</Entry>
            </Arguments>
          </ScriptAction>
        </Actions>
      </Script>
    </Entry>
    <Entry key="2">
      <Script name="Untitled" oneTime="False" triggerless="False" ignoreEndTriggers="False" levelWideOneTime="False" disabled="False" isWinCondition="False">
        <Triggers>
          <ScriptTrigger event="Enter">
            <Entity entityType="Volume" identifier="1"/>
          </ScriptTrigger>
        </Triggers>
        <Actions>
          <ScriptAction operation="ChangeLevelToVolume" killswitch="False" blocking="False">
            <Entity entityType="Level"/>
            <Arguments>
              <Entry>VILLAGEVILLE_3D_END_64</Entry>
              <Entry>4</Entry>
              <Entry>True</Entry>
              <Entry>True</Entry>
            </Arguments>
          </ScriptAction>
        </Actions>
      </Script>
    </Entry>
    <Entry key="3">
      <Script name="Untitled" oneTime="False" triggerless="False" ignoreEndTriggers="False" levelWideOneTime="False" disabled="False" isWinCondition="False">
        <Triggers>
          <ScriptTrigger event="Start">
            <Entity entityType="Level"/>
          </ScriptTrigger>
        </Triggers>
        <Actions>
          <ScriptAction operation="SetGomezVisible" killswitch="False" blocking="False">
            <Entity entityType="Gomez"/>
            <Arguments>
              <Entry>True</Entry>
            </Arguments>
          </ScriptAction>
          <ScriptAction operation="SetCanControl" killswitch="False" blocking="False">
            <Entity entityType="Gomez"/>
            <Arguments>
              <Entry>True</Entry>
            </Arguments>
          </ScriptAction>
        </Actions>
      </Script>
    </Entry>
  </Scripts>
  <Triles>
    <Entry>
      <TrileEmplacement x="7" y="7" z="9"/>
      <TrileInstance trileId="532" orientation="1">
        <Position>
          <Vector3 x="7.0" y="7.0" z="9.0"/>
        </Position>
      </TrileInstance>
    </Entry>
    <Entry>
      <TrileEmplacement x="7" y="9" z="15"/>
      <TrileInstance trileId="533" orientation="1">
        <Position>
          <Vector3 x="7.0" y="9.0" z="15.0"/>
        </Position>
      </TrileInstance>
    </Entry>
    <Entry>
      <TrileEmplacement x="7" y="6" z="11"/>
      <TrileInstance trileId="432" orientation="2">
        <Position>
          <Vector3 x="7.0" y="6.0" z="11.0"/>
        </Position>
      </TrileInstance>
    </Entry>
    <Entry>
      <TrileEmplacement x="7" y="6" z="12"/>
      <TrileInstance trileId="432" orientation="2">
        <Position>
          <Vector3 x="7.0" y="6.0" z="12.0"/>
        </Position>
      </TrileInstance>
    </Entry>
    <Entry>
      <TrileEmplacement x="7" y="6" z="13"/>
      <TrileInstance trileId="432" orientation="2">
        <Position>
          <Vector3 x="7.0" y="6.0" z="13.0"/>
        </Position>
      </TrileInstance>
    </Entry>
    <Entry>
      <TrileEmplacement x="7" y="6" z="14"/>
      <TrileInstance trileId="432" orientation="2">
        <Position>
          <Vector3 x="7.0" y="6.0" z="14.0"/>
        </Position>
      </TrileInstance>
    </Entry>
    <Entry>
      <TrileEmplacement x="7" y="6" z="15"/>
      <TrileInstance trileId="432" orientation="2">
        <Position>
          <Vector3 x="7.0" y="6.0" z="15.0"/>
        </Position>
      </TrileInstance>
    </Entry>
    <Entry>
      <TrileEmplacement x="7" y="6" z="10"/>
      <TrileInstance trileId="432" orientation="2">
        <Position>
          <Vector3 x="7.0" y="6.0" z="10.0"/>
        </Position>
      </TrileInstance>
    </Entry>
    <Entry>
      <TrileEmplacement x="7" y="6" z="9"/>
      <TrileInstance trileId="432" orientation="2">
        <Position>
          <Vector3 x="7.0" y="6.0" z="9.0"/>
        </Position>
      </TrileInstance>
    </Entry>
    <Entry>
      <TrileEmplacement x="7" y="6" z="8"/>
      <TrileInstance trileId="432" orientation="2">
        <Position>
          <Vector3 x="7.0" y="6.0" z="8.0"/>
        </Position>
      </TrileInstance>
    </Entry>
    <Entry>
      <TrileEmplacement x="8" y="6" z="15"/>
      <TrileInstance trileId="432" orientation="2">
        <Position>
          <Vector3 x="8.0" y="6.0" z="15.0"/>
        </Position>
      </TrileInstance>
    </Entry>
    <Entry>
      <TrileEmplacement x="8" y="6" z="14"/>
      <TrileInstance trileId="432" orientation="2">
        <Position>
          <Vector3 x="8.0" y="6.0" z="14.0"/>
        </Position>
      </TrileInstance>
    </Entry>
    <Entry>
      <TrileEmplacement x="8" y="6" z="13"/>
      <TrileInstance trileId="432" orientation="2">
        <Position>
          <Vector3 x="8.0" y="6.0" z="13.0"/>
        </Position>
      </TrileInstance>
    </Entry>
    <Entry>
      <TrileEmplacement x="8" y="6" z="12"/>
      <TrileInstance trileId="432" orientation="2">
        <Position>
          <Vector3 x="8.0" y="6.0" z="12.0"/>
        </Position>
      </TrileInstance>
    </Entry>
    <Entry>
      <TrileEmplacement x="8" y="6" z="11"/>
      <TrileInstance trileId="432" orientation="2">
        <Position>
          <Vector3 x="8.0" y="6.0" z="11.0"/>
        </Position>
      </TrileInstance>
    </Entry>
    <Entry>
      <TrileEmplacement x="8" y="6" z="10"/>
      <TrileInstance trileId="432" orientation="2">
        <Position>
          <Vector3 x="8.0" y="6.0" z="10.0"/>
        </Position>
      </TrileInstance>
    </Entry>
    <Entry>
      <TrileEmplacement x="8" y="6" z="9"/>
      <TrileInstance trileId="432" orientation="2">
        <Position>
          <Vector3 x="8.0" y="6.0" z="9.0"/>
        </Position>
      </TrileInstance>
    </Entry>
    <Entry>
      <TrileEmplacement x="8" y="6" z="8"/>
      <TrileInstance trileId="432" orientation="2">
        <Position>
          <Vector3 x="8.0" y="6.0" z="8.0"/>
        </Position>
      </TrileInstance>
    </Entry>
    <Entry>
      <TrileEmplacement x="9" y="6" z="15"/>
      <TrileInstance trileId="432" orientation="2">
        <Position>
          <Vector3 x="9.0" y="6.0" z="15.0"/>
        </Position>
      </TrileInstance>
    </Entry>
    <Entry>
      <TrileEmplacement x="9" y="6" z="14"/>
      <TrileInstance trileId="432" orientation="2">
        <Position>
          <Vector3 x="9.0" y="6.0" z="14.0"/>
        </Position>
      </TrileInstance>
    </Entry>
    <Entry>
      <TrileEmplacement x="9" y="6" z="13"/>
      <TrileInstance trileId="432" orientation="2">
        <Position>
          <Vector3 x="9.0" y="6.0" z="13.0"/>
        </Position>
      </TrileInstance>
    </Entry>
    <Entry>
      <TrileEmplacement x="9" y="6" z="12"/>
      <TrileInstance trileId="432" orientation="2">
        <Position>
          <Vector3 x="9.0" y="6.0" z="12.0"/>
        </Position>
      </TrileInstance>
    </Entry>
    <Entry>
      <TrileEmplacement x="9" y="6" z="11"/>
      <TrileInstance trileId="432" orientation="2">
        <Position>
          <Vector3 x="9.0" y="6.0" z="11.0"/>
        </Position>
      </TrileInstance>
    </Entry>
    <Entry>
      <TrileEmplacement x="9" y="6" z="10"/>
      <TrileInstance trileId="432" orientation="2">
        <Position>
          <Vector3 x="9.0" y="6.0" z="10.0"/>
        </Position>
      </TrileInstance>
    </Entry>
    <Entry>
      <TrileEmplacement x="9" y="6" z="9"/>
      <TrileInstance trileId="432" orientation="2">
        <Position>
          <Vector3 x="9.0" y="6.0" z="9.0"/>
        </Position>
      </TrileInstance>
    </Entry>
    <Entry>
      <TrileEmplacement x="9" y="6" z="8"/>
      <TrileInstance trileId="432" orientation="2">
        <Position>
          <Vector3 x="9.0" y="6.0" z="8.0"/>
        </Position>
      </TrileInstance>
    </Entry>
    <Entry>
      <TrileEmplacement x="10" y="6" z="15"/>
      <TrileInstance trileId="432" orientation="2">
        <Position>
          <Vector3 x="10.0" y="6.0" z="15.0"/>
        </Position>
      </TrileInstance>
    </Entry>
    <Entry>
      <TrileEmplacement x="10" y="6" z="14"/>
      <TrileInstance trileId="432" orientation="2">
        <Position>
          <Vector3 x="10.0" y="6.0" z="14.0"/>
        </Position>
      </TrileInstance>
    </Entry>
    <Entry>
      <TrileEmplacement x="10" y="6" z="13"/>
      <TrileInstance trileId="432" orientation="2">
        <Position>
          <Vector3 x="10.0" y="6.0" z="13.0"/>
        </Position>
      </TrileInstance>
    </Entry>
    <Entry>
      <TrileEmplacement x="10" y="6" z="12"/>
      <TrileInstance trileId="432" orientation="2">
        <Position>
          <Vector3 x="10.0" y="6.0" z="12.0"/>
        </Position>
      </TrileInstance>
    </Entry>
    <Entry>
      <TrileEmplacement x="10" y="6" z="11"/>
      <TrileInstance trileId="432" orientation="2">
        <Position>
          <Vector3 x="10.0" y="6.0" z="11.0"/>
        </Position>
      </TrileInstance>
    </Entry>
    <Entry>
      <TrileEmplacement x="10" y="6" z="10"/>
      <TrileInstance trileId="432" orientation="2">
        <Position>
          <Vector3 x="10.0" y="6.0" z="10.0"/>
        </Position>
      </TrileInstance>
    </Entry>
    <Entry>
      <TrileEmplacement x="10" y="6" z="9"/>
      <TrileInstance trileId="432" orientation="2">
        <Position>
          <Vector3 x="10.0" y="6.0" z="9.0"/>
        </Position>
      </TrileInstance>
    </Entry>
    <Entry>
      <TrileEmplacement x="10" y="6" z="8"/>
      <TrileInstance trileId="432" orientation="2">
        <Position>
          <Vector3 x="10.0" y="6.0" z="8.0"/>
        </Position>
      </TrileInstance>
    </Entry>
    <Entry>
      <TrileEmplacement x="11" y="6" z="15"/>
      <TrileInstance trileId="432" orientation="2">
        <Position>
          <Vector3 x="11.0" y="6.0" z="15.0"/>
        </Position>
      </TrileInstance>
    </Entry>
    <Entry>
      <TrileEmplacement x="11" y="6" z="14"/>
      <TrileInstance trileId="432" orientation="2">
        <Position>
          <Vector3 x="11.0" y="6.0" z="14.0"/>
        </Position>
      </TrileInstance>
    </Entry>
    <Entry>
      <TrileEmplacement x="11" y="6" z="13"/>
      <TrileInstance trileId="432" orientation="2">
        <Position>
          <Vector3 x="11.0" y="6.0" z="13.0"/>
        </Position>
      </TrileInstance>
    </Entry>
    <Entry>
      <TrileEmplacement x="11" y="6" z="12"/>
      <TrileInstance trileId="432" orientation="2">
        <Position>
          <Vector3 x="11.0" y="6.0" z="12.0"/>
        </Position>
      </TrileInstance>
    </Entry>
    <Entry>
      <TrileEmplacement x="11" y="6" z="11"/>
      <TrileInstance trileId="432" orientation="2">
        <Position>
          <Vector3 x="11.0" y="6.0" z="11.0"/>
        </Position>
      </TrileInstance>
    </Entry>
    <Entry>
      <TrileEmplacement x="11" y="6" z="10"/>
      <TrileInstance trileId="432" orientation="2">
        <Position>
          <Vector3 x="11.0" y="6.0" z="10.0"/>
        </Position>
      </TrileInstance>
    </Entry>
    <Entry>
      <TrileEmplacement x="11" y="6" z="9"/>
      <TrileInstance trileId="432" orientation="2">
        <Position>
          <Vector3 x="11.0" y="6.0" z="9.0"/>
        </Position>
      </TrileInstance>
    </Entry>
    <Entry>
      <TrileEmplacement x="11" y="6" z="8"/>
      <TrileInstance trileId="432" orientation="2">
        <Position>
          <Vector3 x="11.0" y="6.0" z="8.0"/>
        </Position>
      </TrileInstance>
    </Entry>
    <Entry>
      <TrileEmplacement x="12" y="6" z="15"/>
      <TrileInstance trileId="432" orientation="2">
        <Position>
          <Vector3 x="12.0" y="6.0" z="15.0"/>
        </Position>
      </TrileInstance>
    </Entry>
    <Entry>
      <TrileEmplacement x="12" y="6" z="14"/>
      <TrileInstance trileId="432" orientation="2">
        <Position>
          <Vector3 x="12.0" y="6.0" z="14.0"/>
        </Position>
      </TrileInstance>
    </Entry>
    <Entry>
      <TrileEmplacement x="12" y="6" z="13"/>
      <TrileInstance trileId="432" orientation="2">
        <Position>
          <Vector3 x="12.0" y="6.0" z="13.0"/>
        </Position>
      </TrileInstance>
    </Entry>
    <Entry>
      <TrileEmplacement x="12" y="6" z="12"/>
      <TrileInstance trileId="432" orientation="2">
        <Position>
          <Vector3 x="12.0" y="6.0" z="12.0"/>
        </Position>
      </TrileInstance>
    </Entry>
    <Entry>
      <TrileEmplacement x="12" y="6" z="11"/>
      <TrileInstance trileId="432" orientation="2">
        <Position>
          <Vector3 x="12.0" y="6.0" z="11.0"/>
        </Position>
      </TrileInstance>
    </Entry>
    <Entry>
      <TrileEmplacement x="12" y="6" z="10"/>
      <TrileInstance trileId="432" orientation="2">
        <Position>
          <Vector3 x="12.0" y="6.0" z="10.0"/>
        </Position>
      </TrileInstance>
    </Entry>
    <Entry>
      <TrileEmplacement x="12" y="6" z="9"/>
      <TrileInstance trileId="432" orientation="2">
        <Position>
          <Vector3 x="12.0" y="6.0" z="9.0"/>
        </Position>
      </TrileInstance>
    </Entry>
    <Entry>
      <TrileEmplacement x="12" y="6" z="8"/>
      <TrileInstance trileId="432" orientation="2">
        <Position>
          <Vector3 x="12.0" y="6.0" z="8.0"/>
        </Position>
      </TrileInstance>
    </Entry>
    <Entry>
      <TrileEmplacement x="13" y="7" z="16"/>
      <TrileInstance trileId="428" orientation="0">
        <Position>
          <Vector3 x="13.0" y="7.0" z="16.0"/>
        </Position>
      </TrileInstance>
    </Entry>
    <Entry>
      <TrileEmplacement x="13" y="8" z="16"/>
      <TrileInstance trileId="428" orientation="0">
        <Position>
          <Vector3 x="13.0" y="8.0" z="16.0"/>
        </Position>
      </TrileInstance>
    </Entry>
    <Entry>
      <TrileEmplacement x="13" y="9" z="16"/>
      <TrileInstance trileId="428" orientation="0">
        <Position>
          <Vector3 x="13.0" y="9.0" z="16.0"/>
        </Position>
      </TrileInstance>
    </Entry>
    <Entry>
      <TrileEmplacement x="13" y="10" z="16"/>
      <TrileInstance trileId="428" orientation="0">
        <Position>
          <Vector3 x="13.0" y="10.0" z="16.0"/>
        </Position>
      </TrileInstance>
    </Entry>
    <Entry>
      <TrileEmplacement x="13" y="11" z="16"/>
      <TrileInstance trileId="428" orientation="0">
        <Position>
          <Vector3 x="13.0" y="11.0" z="16.0"/>
        </Position>
      </TrileInstance>
    </Entry>
    <Entry>
      <TrileEmplacement x="13" y="12" z="16"/>
      <TrileInstance trileId="428" orientation="0">
        <Position>
          <Vector3 x="13.0" y="12.0" z="16.0"/>
        </Position>
      </TrileInstance>
    </Entry>
    <Entry>
      <TrileEmplacement x="13" y="12" z="7"/>
      <TrileInstance trileId="428" orientation="1">
        <Position>
          <Vector3 x="13.0" y="12.0" z="7.0"/>
        </Position>
      </TrileInstance>
    </Entry>
    <Entry>
      <TrileEmplacement x="13" y="11" z="7"/>
      <TrileInstance trileId="428" orientation="1">
        <Position>
          <Vector3 x="13.0" y="11.0" z="7.0"/>
        </Position>
      </TrileInstance>
    </Entry>
    <Entry>
      <TrileEmplacement x="13" y="10" z="7"/>
      <TrileInstance trileId="428" orientation="1">
        <Position>
          <Vector3 x="13.0" y="10.0" z="7.0"/>
        </Position>
      </TrileInstance>
    </Entry>
    <Entry>
      <TrileEmplacement x="13" y="9" z="7"/>
      <TrileInstance trileId="428" orientation="1">
        <Position>
          <Vector3 x="13.0" y="9.0" z="7.0"/>
        </Position>
      </TrileInstance>
    </Entry>
    <Entry>
      <TrileEmplacement x="13" y="8" z="7"/>
      <TrileInstance trileId="428" orientation="1">
        <Position>
          <Vector3 x="13.0" y="8.0" z="7.0"/>
        </Position>
      </TrileInstance>
    </Entry>
    <Entry>
      <TrileEmplacement x="13" y="7" z="7"/>
      <TrileInstance trileId="428" orientation="1">
        <Position>
          <Vector3 x="13.0" y="7.0" z="7.0"/>
        </Position>
      </TrileInstance>
    </Entry>
    <Entry>
      <TrileEmplacement x="6" y="12" z="7"/>
      <TrileInstance trileId="428" orientation="2">
        <Position>
          <Vector3 x="6.0" y="12.0" z="7.0"/>
        </Position>
      </TrileInstance>
    </Entry>
    <Entry>
      <TrileEmplacement x="6" y="11" z="7"/>
      <TrileInstance trileId="428" orientation="2">
        <Position>
          <Vector3 x="6.0" y="11.0" z="7.0"/>
        </Position>
      </TrileInstance>
    </Entry>
    <Entry>
      <TrileEmplacement x="6" y="10" z="7"/>
      <TrileInstance trileId="428" orientation="2">
        <Position>
          <Vector3 x="6.0" y="10.0" z="7.0"/>
        </Position>
      </TrileInstance>
    </Entry>
    <Entry>
      <TrileEmplacement x="6" y="9" z="7"/>
      <TrileInstance trileId="428" orientation="2">
        <Position>
          <Vector3 x="6.0" y="9.0" z="7.0"/>
        </Position>
      </TrileInstance>
    </Entry>
    <Entry>
      <TrileEmplacement x="6" y="8" z="7"/>
      <TrileInstance trileId="428" orientation="2">
        <Position>
          <Vector3 x="6.0" y="8.0" z="7.0"/>
        </Position>
      </TrileInstance>
    </Entry>
    <Entry>
      <TrileEmplacement x="6" y="7" z="7"/>
      <TrileInstance trileId="428" orientation="2">
        <Position>
          <Vector3 x="6.0" y="7.0" z="7.0"/>
        </Position>
      </TrileInstance>
    </Entry>
    <Entry>
      <TrileEmplacement x="6" y="12" z="16"/>
      <TrileInstance trileId="428" orientation="3">
        <Position>
          <Vector3 x="6.0" y="12.0" z="16.0"/>
        </Position>
      </TrileInstance>
    </Entry>
    <Entry>
      <TrileEmplacement x="6" y="11" z="16"/>
      <TrileInstance trileId="428" orientation="3">
        <Position>
          <Vector3 x="6.0" y="11.0" z="16.0"/>
        </Position>
      </TrileInstance>
    </Entry>
    <Entry>
      <TrileEmplacement x="6" y="10" z="16"/>
      <TrileInstance trileId="428" orientation="3">
        <Position>
          <Vector3 x="6.0" y="10.0" z="16.0"/>
        </Position>
      </TrileInstance>
    </Entry>
    <Entry>
      <TrileEmplacement x="6" y="9" z="16"/>
      <TrileInstance trileId="428" orientation="3">
        <Position>
          <Vector3 x="6.0" y="9.0" z="16.0"/>
        </Position>
      </TrileInstance>
    </Entry>
    <Entry>
      <TrileEmplacement x="6" y="8" z="16"/>
      <TrileInstance trileId="428" orientation="3">
        <Position>
          <Vector3 x="6.0" y="8.0" z="16.0"/>
        </Position>
      </TrileInstance>
    </Entry>
    <Entry>
      <TrileEmplacement x="6" y="7" z="16"/>
      <TrileInstance trileId="428" orientation="3">
        <Position>
          <Vector3 x="6.0" y="7.0" z="16.0"/>
        </Position>
      </TrileInstance>
    </Entry>
    <Entry>
      <TrileEmplacement x="12" y="13" z="15"/>
      <TrileInstance trileId="431" orientation="0">
        <Position>
          <Vector3 x="12.0" y="13.0" z="15.0"/>
        </Position>
      </TrileInstance>
    </Entry>
    <Entry>
      <TrileEmplacement x="12" y="13" z="14"/>
      <TrileInstance trileId="431" orientation="0">
        <Position>
          <Vector3 x="12.0" y="13.0" z="14.0"/>
        </Position>
      </TrileInstance>
    </Entry>
    <Entry>
      <TrileEmplacement x="12" y="13" z="13"/>
      <TrileInstance trileId="431" orientation="0">
        <Position>
          <Vector3 x="12.0" y="13.0" z="13.0"/>
        </Position>
      </TrileInstance>
    </Entry>
    <Entry>
      <TrileEmplacement x="12" y="13" z="12"/>
      <TrileInstance trileId="431" orientation="0">
        <Position>
          <Vector3 x="12.0" y="13.0" z="12.0"/>
        </Position>
      </TrileInstance>
    </Entry>
    <Entry>
      <TrileEmplacement x="12" y="13" z="11"/>
      <TrileInstance trileId="431" orientation="0">
        <Position>
          <Vector3 x="12.0" y="13.0" z="11.0"/>
        </Position>
      </TrileInstance>
    </Entry>
    <Entry>
      <TrileEmplacement x="12" y="13" z="10"/>
      <TrileInstance trileId="431" orientation="0">
        <Position>
          <Vector3 x="12.0" y="13.0" z="10.0"/>
        </Position>
      </TrileInstance>
    </Entry>
    <Entry>
      <TrileEmplacement x="12" y="13" z="9"/>
      <TrileInstance trileId="431" orientation="0">
        <Position>
          <Vector3 x="12.0" y="13.0" z="9.0"/>
        </Position>
      </TrileInstance>
    </Entry>
    <Entry>
      <TrileEmplacement x="12" y="13" z="8"/>
      <TrileInstance trileId="431" orientation="0">
        <Position>
          <Vector3 x="12.0" y="13.0" z="8.0"/>
        </Position>
      </TrileInstance>
    </Entry>
    <Entry>
      <TrileEmplacement x="11" y="13" z="8"/>
      <TrileInstance trileId="431" orientation="0">
        <Position>
          <Vector3 x="11.0" y="13.0" z="8.0"/>
        </Position>
      </TrileInstance>
    </Entry>
    <Entry>
      <TrileEmplacement x="11" y="13" z="9"/>
      <TrileInstance trileId="431" orientation="0">
        <Position>
          <Vector3 x="11.0" y="13.0" z="9.0"/>
        </Position>
      </TrileInstance>
    </Entry>
    <Entry>
      <TrileEmplacement x="11" y="13" z="10"/>
      <TrileInstance trileId="431" orientation="0">
        <Position>
          <Vector3 x="11.0" y="13.0" z="10.0"/>
        </Position>
      </TrileInstance>
    </Entry>
    <Entry>
      <TrileEmplacement x="11" y="13" z="11"/>
      <TrileInstance trileId="431" orientation="0">
        <Position>
          <Vector3 x="11.0" y="13.0" z="11.0"/>
        </Position>
      </TrileInstance>
    </Entry>
    <Entry>
      <TrileEmplacement x="11" y="13" z="12"/>
      <TrileInstance trileId="431" orientation="0">
        <Position>
          <Vector3 x="11.0" y="13.0" z="12.0"/>
        </Position>
      </TrileInstance>
    </Entry>
    <Entry>
      <TrileEmplacement x="11" y="13" z="13"/>
      <TrileInstance trileId="431" orientation="0">
        <Position>
          <Vector3 x="11.0" y="13.0" z="13.0"/>
        </Position>
      </TrileInstance>
    </Entry>
    <Entry>
      <TrileEmplacement x="11" y="13" z="14"/>
      <TrileInstance trileId="431" orientation="0">
        <Position>
          <Vector3 x="11.0" y="13.0" z="14.0"/>
        </Position>
      </TrileInstance>
    </Entry>
    <Entry>
      <TrileEmplacement x="11" y="13" z="15"/>
      <TrileInstance trileId="431" orientation="0">
        <Position>
          <Vector3 x="11.0" y="13.0" z="15.0"/>
        </Position>
      </TrileInstance>
    </Entry>
    <Entry>
      <TrileEmplacement x="10" y="13" z="8"/>
      <TrileInstance trileId="431" orientation="0">
        <Position>
          <Vector3 x="10.0" y="13.0" z="8.0"/>
        </Position>
      </TrileInstance>
    </Entry>
    <Entry>
      <TrileEmplacement x="10" y="13" z="9"/>
      <TrileInstance trileId="431" orientation="0">
        <Position>
          <Vector3 x="10.0" y="13.0" z="9.0"/>
        </Position>
      </TrileInstance>
    </Entry>
    <Entry>
      <TrileEmplacement x="10" y="13" z="10"/>
      <TrileInstance trileId="431" orientation="0">
        <Position>
          <Vector3 x="10.0" y="13.0" z="10.0"/>
        </Position>
      </TrileInstance>
    </Entry>
    <Entry>
      <TrileEmplacement x="10" y="13" z="11"/>
      <TrileInstance trileId="431" orientation="0">
        <Position>
          <Vector3 x="10.0" y="13.0" z="11.0"/>
        </Position>
      </TrileInstance>
    </Entry>
    <Entry>
      <TrileEmplacement x="10" y="13" z="12"/>
      <TrileInstance trileId="431" orientation="0">
        <Position>
          <Vector3 x="10.0" y="13.0" z="12.0"/>
        </Position>
      </TrileInstance>
    </Entry>
    <Entry>
      <TrileEmplacement x="10" y="13" z="13"/>
      <TrileInstance trileId="431" orientation="0">
        <Position>
          <Vector3 x="10.0" y="13.0" z="13.0"/>
        </Position>
      </TrileInstance>
    </Entry>
    <Entry>
      <TrileEmplacement x="10" y="13" z="14"/>
      <TrileInstance trileId="431" orientation="0">
        <Position>
          <Vector3 x="10.0" y="13.0" z="14.0"/>
        </Position>
      </TrileInstance>
    </Entry>
    <Entry>
      <TrileEmplacement x="10" y="13" z="15"/>
      <TrileInstance trileId="431" orientation="0">
        <Position>
          <Vector3 x="10.0" y="13.0" z="15.0"/>
        </Position>
      </TrileInstance>
    </Entry>
    <Entry>
      <TrileEmplacement x="9" y="13" z="8"/>
      <TrileInstance trileId="431" orientation="0">
        <Position>
          <Vector3 x="9.0" y="13.0" z="8.0"/>
        </Position>
      </TrileInstance>
    </Entry>
    <Entry>
      <TrileEmplacement x="9" y="13" z="9"/>
      <TrileInstance trileId="431" orientation="0">
        <Position>
          <Vector3 x="9.0" y="13.0" z="9.0"/>
        </Position>
      </TrileInstance>
    </Entry>
    <Entry>
      <TrileEmplacement x="9" y="13" z="10"/>
      <TrileInstance trileId="431" orientation="0">
        <Position>
          <Vector3 x="9.0" y="13.0" z="10.0"/>
        </Position>
      </TrileInstance>
    </Entry>
    <Entry>
      <TrileEmplacement x="9" y="13" z="11"/>
      <TrileInstance trileId="431" orientation="0">
        <Position>
          <Vector3 x="9.0" y="13.0" z="11.0"/>
        </Position>
      </TrileInstance>
    </Entry>
    <Entry>
      <TrileEmplacement x="9" y="13" z="12"/>
      <TrileInstance trileId="431" orientation="0">
        <Position>
          <Vector3 x="9.0" y="13.0" z="12.0"/>
        </Position>
      </TrileInstance>
    </Entry>
    <Entry>
      <TrileEmplacement x="9" y="13" z="13"/>
      <TrileInstance trileId="431" orientation="0">
        <Position>
          <Vector3 x="9.0" y="13.0" z="13.0"/>
        </Position>
      </TrileInstance>
    </Entry>
    <Entry>
      <TrileEmplacement x="9" y="13" z="14"/>
      <TrileInstance trileId="431" orientation="0">
        <Position>
          <Vector3 x="9.0" y="13.0" z="14.0"/>
        </Position>
      </TrileInstance>
    </Entry>
    <Entry>
      <TrileEmplacement x="9" y="13" z="15"/>
      <TrileInstance trileId="431" orientation="0">
        <Position>
          <Vector3 x="9.0" y="13.0" z="15.0"/>
        </Position>
      </TrileInstance>
    </Entry>
    <Entry>
      <TrileEmplacement x="8" y="13" z="8"/>
      <TrileInstance trileId="431" orientation="0">
        <Position>
          <Vector3 x="8.0" y="13.0" z="8.0"/>
        </Position>
      </TrileInstance>
    </Entry>
    <Entry>
      <TrileEmplacement x="8" y="13" z="9"/>
      <TrileInstance trileId="431" orientation="0">
        <Position>
          <Vector3 x="8.0" y="13.0" z="9.0"/>
        </Position>
      </TrileInstance>
    </Entry>
    <Entry>
      <TrileEmplacement x="8" y="13" z="10"/>
      <TrileInstance trileId="431" orientation="0">
        <Position>
          <Vector3 x="8.0" y="13.0" z="10.0"/>
        </Position>
      </TrileInstance>
    </Entry>
    <Entry>
      <TrileEmplacement x="8" y="13" z="11"/>
      <TrileInstance trileId="431" orientation="0">
        <Position>
          <Vector3 x="8.0" y="13.0" z="11.0"/>
        </Position>
      </TrileInstance>
    </Entry>
    <Entry>
      <TrileEmplacement x="8" y="13" z="12"/>
      <TrileInstance trileId="431" orientation="0">
        <Position>
          <Vector3 x="8.0" y="13.0" z="12.0"/>
        </Position>
      </TrileInstance>
    </Entry>
    <Entry>
      <TrileEmplacement x="8" y="13" z="13"/>
      <TrileInstance trileId="431" orientation="0">
        <Position>
          <Vector3 x="8.0" y="13.0" z="13.0"/>
        </Position>
      </TrileInstance>
    </Entry>
    <Entry>
      <TrileEmplacement x="8" y="13" z="14"/>
      <TrileInstance trileId="431" orientation="0">
        <Position>
          <Vector3 x="8.0" y="13.0" z="14.0"/>
        </Position>
      </TrileInstance>
    </Entry>
    <Entry>
      <TrileEmplacement x="8" y="13" z="15"/>
      <TrileInstance trileId="431" orientation="0">
        <Position>
          <Vector3 x="8.0" y="13.0" z="15.0"/>
        </Position>
      </TrileInstance>
    </Entry>
    <Entry>
      <TrileEmplacement x="7" y="13" z="8"/>
      <TrileInstance trileId="431" orientation="0">
        <Position>
          <Vector3 x="7.0" y="13.0" z="8.0"/>
        </Position>
      </TrileInstance>
    </Entry>
    <Entry>
      <TrileEmplacement x="7" y="13" z="9"/>
      <TrileInstance trileId="431" orientation="0">
        <Position>
          <Vector3 x="7.0" y="13.0" z="9.0"/>
        </Position>
      </TrileInstance>
    </Entry>
    <Entry>
      <TrileEmplacement x="7" y="13" z="10"/>
      <TrileInstance trileId="431" orientation="0">
        <Position>
          <Vector3 x="7.0" y="13.0" z="10.0"/>
        </Position>
      </TrileInstance>
    </Entry>
    <Entry>
      <TrileEmplacement x="7" y="13" z="11"/>
      <TrileInstance trileId="431" orientation="0">
        <Position>
          <Vector3 x="7.0" y="13.0" z="11.0"/>
        </Position>
      </TrileInstance>
    </Entry>
    <Entry>
      <TrileEmplacement x="7" y="13" z="12"/>
      <TrileInstance trileId="431" orientation="0">
        <Position>
          <Vector3 x="7.0" y="13.0" z="12.0"/>
        </Position>
      </TrileInstance>
    </Entry>
    <Entry>
      <TrileEmplacement x="7" y="13" z="13"/>
      <TrileInstance trileId="431" orientation="0">
        <Position>
          <Vector3 x="7.0" y="13.0" z="13.0"/>
        </Position>
      </TrileInstance>
    </Entry>
    <Entry>
      <TrileEmplacement x="7" y="13" z="14"/>
      <TrileInstance trileId="431" orientation="0">
        <Position>
          <Vector3 x="7.0" y="13.0" z="14.0"/>
        </Position>
      </TrileInstance>
    </Entry>
    <Entry>
      <TrileEmplacement x="7" y="13" z="15"/>
      <TrileInstance trileId="431" orientation="0">
        <Position>
          <Vector3 x="7.0" y="13.0" z="15.0"/>
        </Position>
      </TrileInstance>
    </Entry>
    <Entry>
      <TrileEmplacement x="13" y="13" z="7"/>
      <TrileInstance trileId="430" orientation="1">
        <Position>
          <Vector3 x="13.0" y="12.5" z="7.0"/>
        </Position>
      </TrileInstance>
    </Entry>
    <Entry>
      <TrileEmplacement x="13" y="13" z="16"/>
      <TrileInstance trileId="430" orientation="0">
        <Position>
          <Vector3 x="13.0" y="12.5" z="16.0"/>
        </Position>
      </TrileInstance>
    </Entry>
    <Entry>
      <TrileEmplacement x="6" y="13" z="16"/>
      <TrileInstance trileId="430" orientation="3">
        <Position>
          <Vector3 x="6.0" y="12.5" z="16.0"/>
        </Position>
      </TrileInstance>
    </Entry>
    <Entry>
      <TrileEmplacement x="6" y="13" z="7"/>
      <TrileInstance trileId="430" orientation="2">
        <Position>
          <Vector3 x="6.0" y="12.5" z="7.0"/>
        </Position>
      </TrileInstance>
    </Entry>
    <Entry>
      <TrileEmplacement x="6" y="6" z="16"/>
      <TrileInstance trileId="429" orientation="3">
        <Position>
          <Vector3 x="6.0" y="6.0" z="16.0"/>
        </Position>
      </TrileInstance>
    </Entry>
    <Entry>
      <TrileEmplacement x="13" y="6" z="16"/>
      <TrileInstance trileId="429" orientation="0">
        <Position>
          <Vector3 x="13.0" y="6.0" z="16.0"/>
        </Position>
      </TrileInstance>
    </Entry>
    <Entry>
      <TrileEmplacement x="13" y="6" z="7"/>
      <TrileInstance trileId="429" orientation="1">
        <Position>
          <Vector3 x="13.0" y="6.0" z="7.0"/>
        </Position>
      </TrileInstance>
    </Entry>
    <Entry>
      <TrileEmplacement x="6" y="6" z="7"/>
      <TrileInstance trileId="429" orientation="2">
        <Position>
          <Vector3 x="6.0" y="6.0" z="7.0"/>
        </Position>
      </TrileInstance>
    </Entry>
    <Entry>
      <TrileEmplacement x="7" y="9" z="13"/>
      <TrileInstance trileId="532" orientation="1">
        <Position>
          <Vector3 x="7.0" y="9.0" z="13.0"/>
        </Position>
      </TrileInstance>
    </Entry>
    <Entry>
      <TrileEmplacement x="7" y="9" z="14"/>
      <TrileInstance trileId="532" orientation="1">
        <Position>
          <Vector3 x="7.0" y="9.0" z="14.0"/>
        </Position>
      </TrileInstance>
    </Entry>
    <Entry>
      <TrileEmplacement x="8" y="7" z="10"/>
      <TrileInstance trileId="308" orientation="1">
        <Position>
          <Vector3 x="8.0" y="7.0" z="9.5"/>
        </Position>
      </TrileInstance>
    </Entry>
    <Entry>
      <TrileEmplacement x="12" y="7" z="14"/>
      <TrileInstance trileId="532" orientation="3">
        <Position>
          <Vector3 x="12.0" y="6.5625" z="14.0"/>
        </Position>
      </TrileInstance>
    </Entry>
    <Entry>
      <TrileEmplacement x="12" y="7" z="15"/>
      <TrileInstance trileId="533" orientation="2">
        <Position>
          <Vector3 x="12.0" y="6.5625" z="15.0"/>
        </Position>
      </TrileInstance>
    </Entry>
  </Triles>
  <ArtObjects>
    <Entry key="14">
      <ArtObjectInstance name="INT_PARLOR_BOOKS_AAO">
        <Position>
          <Vector3 x="7.0625" y="10.5" z="14.1875"/>
        </Position>
        <Rotation>
          <Quaternion x="0.0" y="0.0" z="0.0" w="1.0"/>
        </Rotation>
        <Scale>
          <Vector3 x="1.0" y="1.0" z="1.0"/>
        </Scale>
        <ArtObjectActorSettings inactive="False" spinEvery="0.0" spinOffset="0.0" offCenter="False" timeswitchWindBackSpeed="0.0" containedTrile="None" spinView="None">
          <RotationCenter>
            <Vector3 x="0.0" y="0.0" z="0.0"/>
          </RotationCenter>
        </ArtObjectActorSettings>
      </ArtObjectInstance>
    </Entry>
    <Entry key="15">
      <ArtObjectInstance name="INT_MINI_TREEAO">
        <Position>
          <Vector3 x="7.4375" y="10.5" z="13.375"/>
        </Position>
        <Rotation>
          <Quaternion x="0.0" y="0.707107007504" z="0.0" w="0.707107007504"/>
        </Rotation>
        <Scale>
          <Vector3 x="1.0" y="1.0" z="1.0"/>
        </Scale>
        <ArtObjectActorSettings inactive="False" spinEvery="0.0" spinOffset="0.0" offCenter="False" timeswitchWindBackSpeed="0.0" containedTrile="None" spinView="None">
          <RotationCenter>
            <Vector3 x="0.0" y="0.0" z="0.0"/>
          </RotationCenter>
        </ArtObjectActorSettings>
      </ArtObjectInstance>
    </Entry>
    <Entry key="0">
      <ArtObjectInstance name="INT_BED_AAO">
        <Position>
          <Vector3 x="12.5" y="8.0" z="15.0"/>
        </Position>
        <Rotation>
          <Quaternion x="0.0" y="1.0" z="0.0" w="0.0"/>
        </Rotation>
        <Scale>
          <Vector3 x="1.0" y="1.0" z="1.0"/>
        </Scale>
        <ArtObjectActorSettings inactive="False" spinEvery="0.0" spinOffset="0.0" offCenter="False" timeswitchWindBackSpeed="0.0" containedTrile="None" spinView="None">
          <RotationCenter>
            <Vector3 x="0.0" y="0.0" z="0.0"/>
          </RotationCenter>
        </ArtObjectActorSettings>
      </ArtObjectInstance>
    </Entry>
    <Entry key="12">
      <ArtObjectInstance name="INT_SHELFAO">
        <Position>
          <Vector3 x="7.5" y="9.5" z="13.5"/>
        </Position>
        <Rotation>
          <Quaternion x="0.0" y="1.0" z="0.0" w="0.0"/>
        </Rotation>
        <Scale>
          <Vector3 x="1.0" y="1.0" z="1.0"/>
        </Scale>
        <ArtObjectActorSettings inactive="False" spinEvery="0.0" spinOffset="0.0" offCenter="False" timeswitchWindBackSpeed="0.0" containedTrile="None" spinView="None">
          <RotationCenter>
            <Vector3 x="0.0" y="0.0" z="0.0"/>
          </RotationCenter>
        </ArtObjectActorSettings>
      </ArtObjectInstance>
    </Entry>
    <Entry key="13">
      <ArtObjectInstance name="INT_PARLOR_BOOKSAO">
        <Position>
          <Vector3 x="8.0" y="11.0" z="15.0"/>
        </Position>
        <Rotation>
          <Quaternion x="0.0" y="0.707107007504" z="0.0" w="0.707107007504"/>
        </Rotation>
        <Scale>
          <Vector3 x="1.0" y="1.0" z="1.0"/>
        </Scale>
        <ArtObjectActorSettings inactive="False" spinEvery="0.0" spinOffset="0.0" offCenter="False" timeswitchWindBackSpeed="0.0" containedTrile="None" spinView="None">
          <RotationCenter>
            <Vector3 x="0.0" y="0.0" z="0.0"/>
          </RotationCenter>
        </ArtObjectActorSettings>
      </ArtObjectInstance>
    </Entry>
    <Entry key="10">
      <ArtObjectInstance name="INT_SHELFAO">
        <Position>
          <Vector3 x="7.5" y="9.5" z="15.5"/>
        </Position>
        <Rotation>
          <Quaternion x="0.0" y="1.0" z="0.0" w="0.0"/>
        </Rotation>
        <Scale>
          <Vector3 x="1.0" y="1.0" z="1.0"/>
        </Scale>
        <ArtObjectActorSettings inactive="False" spinEvery="0.0" spinOffset="0.0" offCenter="False" timeswitchWindBackSpeed="0.0" containedTrile="None" spinView="None">
          <RotationCenter>
            <Vector3 x="0.0" y="0.0" z="0.0"/>
          </RotationCenter>
        </ArtObjectActorSettings>
      </ArtObjectInstance>
    </Entry>
    <Entry key="11">
      <ArtObjectInstance name="INT_SHELFAO">
        <Position>
          <Vector3 x="7.5" y="9.5" z="14.5"/>
        </Position>
        <Rotation>
          <Quaternion x="0.0" y="1.0" z="0.0" w="0.0"/>
        </Rotation>
        <Scale>
          <Vector3 x="1.0" y="1.0" z="1.0"/>
        </Scale>
        <ArtObjectActorSettings inactive="False" spinEvery="0.0" spinOffset="0.0" offCenter="False" timeswitchWindBackSpeed="0.0" containedTrile="None" spinView="None">
          <RotationCenter>
            <Vector3 x="0.0" y="0.0" z="0.0"/>
          </RotationCenter>
        </ArtObjectActorSettings>
      </ArtObjectInstance>
    </Entry>
    <Entry key="9">
      <ArtObjectInstance name="INT_MUGAO">
        <Position>
          <Vector3 x="11.125" y="8.25" z="13.25"/>
        </Position>
        <Rotation>
          <Quaternion x="0.0" y="0.707107007504" z="0.0" w="0.707107007504"/>
        </Rotation>
        <Scale>
          <Vector3 x="1.0" y="1.0" z="1.0"/>
        </Scale>
        <ArtObjectActorSettings inactive="False" spinEvery="0.0" spinOffset="0.0" offCenter="False" timeswitchWindBackSpeed="0.0" containedTrile="None" spinView="None">
          <RotationCenter>
            <Vector3 x="0.0" y="0.0" z="0.0"/>
          </RotationCenter>
        </ArtObjectActorSettings>
      </ArtObjectInstance>
    </Entry>
    <Entry key="8">
      <ArtObjectInstance name="INT_TABLE_AAO">
        <Position>
          <Vector3 x="11.375" y="7.5" z="13.5"/>
        </Position>
        <Rotation>
          <Quaternion x="0.0" y="0.0" z="0.0" w="1.0"/>
        </Rotation>
        <Scale>
          <Vector3 x="1.0" y="1.0" z="1.0"/>
        </Scale>
        <ArtObjectActorSettings inactive="False" spinEvery="0.0" spinOffset="0.0" offCenter="False" timeswitchWindBackSpeed="0.0" containedTrile="None" spinView="None">
          <RotationCenter>
            <Vector3 x="0.0" y="0.0" z="0.0"/>
          </RotationCenter>
        </ArtObjectActorSettings>
      </ArtObjectInstance>
    </Entry>
    <Entry key="6">
      <ArtObjectInstance name="INT_CRASHAO">
        <Position>
          <Vector3 x="9.375" y="8.0" z="9.3125"/>
        </Position>
        <Rotation>
          <Quaternion x="0.0" y="0.0" z="0.0" w="1.0"/>
        </Rotation>
        <Scale>
          <Vector3 x="1.0" y="1.0" z="1.0"/>
        </Scale>
        <ArtObjectActorSettings inactive="False" spinEvery="0.0" spinOffset="0.0" offCenter="False" timeswitchWindBackSpeed="0.0" containedTrile="None" spinView="None">
          <RotationCenter>
            <Vector3 x="0.0" y="0.0" z="0.0"/>
          </RotationCenter>
        </ArtObjectActorSettings>
      </ArtObjectInstance>
    </Entry>
    <Entry key="7">
      <ArtObjectInstance name="INT_HIHATAO">
        <Position>
          <Vector3 x="8.4375" y="8.0" z="11.625"/>
        </Position>
        <Rotation>
          <Quaternion x="0.0" y="0.0" z="0.0" w="1.0"/>
        </Rotation>
        <Scale>
          <Vector3 x="1.0" y="1.0" z="1.0"/>
        </Scale>
        <ArtObjectActorSettings inactive="False" spinEvery="0.0" spinOffset="0.0" offCenter="False" timeswitchWindBackSpeed="0.0" containedTrile="None" spinView="None">
          <RotationCenter>
            <Vector3 x="0.0" y="0.0" z="0.0"/>
          </RotationCenter>
        </ArtObjectActorSettings>
      </ArtObjectInstance>
    </Entry>
    <Entry key="4">
      <ArtObjectInstance name="INT_SNAREAO">
        <Position>
          <Vector3 x="8.3125" y="7.5" z="11.0625"/>
        </Position>
        <Rotation>
          <Quaternion x="0.0" y="0.0" z="0.0" w="1.0"/>
        </Rotation>
        <Scale>
          <Vector3 x="1.0" y="1.0" z="1.0"/>
        </Scale>
        <ArtObjectActorSettings inactive="False" spinEvery="0.0" spinOffset="0.0" offCenter="False" timeswitchWindBackSpeed="0.0" containedTrile="None" spinView="None">
          <RotationCenter>
            <Vector3 x="0.0" y="0.0" z="0.0"/>
          </RotationCenter>
        </ArtObjectActorSettings>
      </ArtObjectInstance>
    </Entry>
    <Entry key="5">
      <ArtObjectInstance name="INT_STOOLAO">
        <Position>
          <Vector3 x="7.6875" y="7.5" z="10.3125"/>
        </Position>
        <Rotation>
          <Quaternion x="0.0" y="0.0" z="0.0" w="1.0"/>
        </Rotation>
        <Scale>
          <Vector3 x="1.0" y="1.0" z="1.0"/>
        </Scale>
        <ArtObjectActorSettings inactive="False" spinEvery="0.0" spinOffset="0.0" offCenter="False" timeswitchWindBackSpeed="0.0" containedTrile="None" spinView="None">
          <RotationCenter>
            <Vector3 x="0.0" y="0.0" z="0.0"/>
          </RotationCenter>
        </ArtObjectActorSettings>
      </ArtObjectInstance>
    </Entry>
    <Entry key="3">
      <ArtObjectInstance name="INT_TOMSAO">
        <Position>
          <Vector3 x="7.375" y="7.4375" z="10.3125"/>
        </Position>
        <Rotation>
          <Quaternion x="0.0" y="0.707107007504" z="0.0" w="-0.707107007504"/>
        </Rotation>
        <Scale>
          <Vector3 x="1.0" y="1.0" z="1.0"/>
        </Scale>
        <ArtObjectActorSettings inactive="False" spinEvery="0.0" spinOffset="0.0" offCenter="False" timeswitchWindBackSpeed="0.0" containedTrile="None" spinView="None">
          <RotationCenter>
            <Vector3 x="0.0" y="0.0" z="0.0"/>
          </RotationCenter>
        </ArtObjectActorSettings>
      </ArtObjectInstance>
    </Entry>
    <Entry key="2">
      <ArtObjectInstance name="INT_FLOOR_TOMAO">
        <Position>
          <Vector3 x="8.25" y="7.5" z="9.1875"/>
        </Position>
        <Rotation>
          <Quaternion x="0.0" y="0.0" z="0.0" w="1.0"/>
        </Rotation>
        <Scale>
          <Vector3 x="1.0" y="1.0" z="1.0"/>
        </Scale>
        <ArtObjectActorSettings inactive="False" spinEvery="0.0" spinOffset="0.0" offCenter="False" timeswitchWindBackSpeed="0.0" containedTrile="None" spinView="None">
          <RotationCenter>
            <Vector3 x="0.0" y="0.0" z="0.0"/>
          </RotationCenter>
        </ArtObjectActorSettings>
      </ArtObjectInstance>
    </Entry>
    <Entry key="1">
      <ArtObjectInstance name="INT_BASE_DRUMAO">
        <Position>
          <Vector3 x="8.0" y="8.0" z="10.0625"/>
        </Position>
        <Rotation>
          <Quaternion x="0.0" y="0.707107007504" z="0.0" w="-0.707107007504"/>
        </Rotation>
        <Scale>
          <Vector3 x="1.0" y="1.0" z="1.0"/>
        </Scale>
        <ArtObjectActorSettings inactive="False" spinEvery="0.0" spinOffset="0.0" offCenter="False" timeswitchWindBackSpeed="0.0" containedTrile="None" spinView="None">
          <RotationCenter>
            <Vector3 x="0.0" y="0.0" z="0.0"/>
          </RotationCenter>
        </ArtObjectActorSettings>
      </ArtObjectInstance>
    </Entry>
  </ArtObjects>
  <BackgroundPlanes>
    <Entry key="3">
      <BackgroundPlane textureName="GOMEZ_HOUSE_D" lightMap="False" allowOverbrightness="False" animated="False" doubleSided="False" opacity="1.0" billboard="False" syncWithSamples="False" crosshatch="False" unknown="False" alwaysOnTop="False" fullbright="False" pixelatedLightmap="False" xTextureRepeat="False" yTextureRepeat="False" clampTexture="False" parallaxFactor="0.0" filter="#FFFFFFFF" actorType="None">
        <Position>
          <Vector3 x="10.0" y="10.0" z="16.0"/>
        </Position>
        <Rotation>
          <Quaternion x="0.0" y="1.0" z="0.0" w="0.0"/>
        </Rotation>
        <Scale>
          <Vector3 x="1.0" y="1.0" z="1.0"/>
        </Scale>
      </BackgroundPlane>
    </Entry>
    <Entry key="0">
      <BackgroundPlane textureName="GOMEZ_HOUSE_A" lightMap="False" allowOverbrightness="False" animated="False" doubleSided="False" opacity="1.0" billboard="False" syncWithSamples="False" crosshatch="False" unknown="False" alwaysOnTop="False" fullbright="False" pixelatedLightmap="False" xTextureRepeat="False" yTextureRepeat="False" clampTexture="False" parallaxFactor="0.0" filter="#FFFFFFFF" actorType="None">
        <Position>
          <Vector3 x="7.0" y="10.0" z="12.0"/>
        </Position>
        <Rotation>
          <Quaternion x="0.0" y="0.707107007504" z="0.0" w="0.707107007504"/>
        </Rotation>
        <Scale>
          <Vector3 x="1.0" y="1.0" z="1.0"/>
        </Scale>
      </BackgroundPlane>
    </Entry>
    <Entry key="2">
      <BackgroundPlane textureName="GOMEZ_HOUSE_C" lightMap="False" allowOverbrightness="False" animated="False" doubleSided="False" opacity="1.0" billboard="False" syncWithSamples="False" crosshatch="False" unknown="False" alwaysOnTop="False" fullbright="False" pixelatedLightmap="False" xTextureRepeat="False" yTextureRepeat="False" clampTexture="False" parallaxFactor="0.0" filter="#FFFFFFFF" actorType="None">
        <Position>
          <Vector3 x="13.0" y="10.0" z="12.0"/>
        </Position>
        <Rotation>
          <Quaternion x="0.0" y="0.707107007504" z="0.0" w="-0.707107007504"/>
        </Rotation>
        <Scale>
          <Vector3 x="1.0" y="1.0" z="1.0"/>
        </Scale>
      </BackgroundPlane>
    </Entry>
    <Entry key="1">
      <BackgroundPlane textureName="GOMEZ_HOUSE_B" lightMap="False" allowOverbrightness="False" animated="False" doubleSided="False" opacity="1.0" billboard="False" syncWithSamples="False" crosshatch="False" unknown="False" alwaysOnTop="False" fullbright="False" pixelatedLightmap="False" xTextureRepeat="False" yTextureRepeat="False" clampTexture="False" parallaxFactor="0.0" filter="#FFFFFFFF" actorType="None">
        <Position>
          <Vector3 x="10.0" y="10.0" z="8.0"/>
        </Position>
        <Rotation>
          <Quaternion x="0.0" y="0.0" z="0.0" w="-1.0"/>
        </Rotation>
        <Scale>
          <Vector3 x="1.0" y="1.0" z="1.0"/>
        </Scale>
      </BackgroundPlane>
    </Entry>
  </BackgroundPlanes>
  <Groups/>
  <NonplayerCharacters/>
  <Paths/>
  <MutedLoops/>
  <AmbienceTracks>
    <AmbienceTrack dawn="True" day="True" dusk="True" night="False" name="Ambience ^ villageville"/>
    <AmbienceTrack dawn="True" day="True" dusk="True" night="False" name="Ambience ^ wind_02"/>
    <AmbienceTrack dawn="False" day="False" dusk="False" night="True" name="Ambience ^ wind_03"/>
  </AmbienceTracks>
</Level>
