<?xml version='1.0' encoding='UTF-8'?>
<Level flat="False" skipPostprocess="True" baseDiffuse="0.930000007153" baseAmbient="0.810000002384" haloFiltering="True" blinkingAlpha="False" loops="False" waterHeight="0.0" skyName="BLACK" fapFadeoutStart="0" fapFadeoutLength="0" descending="False" rainy="False" lowPass="True" quantum="False" name="NUZU_DORM" waterType="None" trileSetName="Untitled" songName="Cave" nodeType="Lesser">
  <Size>
    <Vector3 x="15.0" y="13.0" z="18.0"/>
  </Size>
  <StartingPosition>
    <TrileFace face="Back">
      <TrileId>
        <TrileEmplacement x="7" y="0" z="4"/>
      </TrileId>
    </TrileFace>
  </StartingPosition>
  <Volumes>
    <Entry key="0">
      <Volume>
        <Orientations>
          <FaceOrientation>Back</FaceOrientation>
          <FaceOrientation>Left</FaceOrientation>
          <FaceOrientation>Right</FaceOrientation>
          <FaceOrientation>Front</FaceOrientation>
        </Orientations>
        <From>
          <Vector3 x="5.0" y="1.0" z="3.0"/>
        </From>
        <To>
          <Vector3 x="15.0" y="9.0" z="13.0"/>
        </To>
        <ActorSettings>
          <VolumeActorSettings isPointOfInterest="False" waterLocked="False" isBlackhole="False" needsTrigger="False" isSecretPassage="False">
            <FarawayPlaneOffset>
              <Vector2 x="0.0" y="0.0"/>
            </FarawayPlaneOffset>
            <DotDialogue/>
          </VolumeActorSettings>
        </ActorSettings>
      </Volume>
    </Entry>
    <Entry key="1">
      <Volume>
        <Orientations>
          <FaceOrientation>Right</FaceOrientation>
        </Orientations>
        <From>
          <Vector3 x="6.0" y="1.0" z="8.5"/>
        </From>
        <To>
          <Vector3 x="7.0" y="3.0" z="9.5"/>
        </To>
        <ActorSettings>
          <VolumeActorSettings isPointOfInterest="False" waterLocked="False" isBlackhole="False" needsTrigger="False" isSecretPassage="False">
            <FarawayPlaneOffset>
              <Vector2 x="0.0" y="0.0"/>
            </FarawayPlaneOffset>
            <DotDialogue/>
          </VolumeActorSettings>
        </ActorSettings>
      </Volume>
    </Entry>
  </Volumes>
  <Scripts>
    <Entry key="1">
      <Script name="Untitled" oneTime="False" triggerless="False" ignoreEndTriggers="False" levelWideOneTime="False" disabled="False" isWinCondition="False">
        <Triggers>
          <ScriptTrigger event="Enter">
            <Entity entityType="Volume" identifier="0"/>
          </ScriptTrigger>
        </Triggers>
        <Actions>
          <ScriptAction operation="FocusCamera" killswitch="False" blocking="False">
            <Entity entityType="Volume" identifier="0"/>
            <Arguments>
              <Entry>4</Entry>
            </Arguments>
          </ScriptAction>
        </Actions>
      </Script>
    </Entry>
    <Entry key="2">
      <Script name="Untitled" oneTime="False" triggerless="False" ignoreEndTriggers="False" levelWideOneTime="False" disabled="False" isWinCondition="False">
        <Triggers>
          <ScriptTrigger event="Enter">
            <Entity entityType="Volume" identifier="1"/>
          </ScriptTrigger>
        </Triggers>
        <Actions>
          <ScriptAction operation="ChangeLevelToVolume" killswitch="False" blocking="False">
            <Entity entityType="Level"/>
            <Arguments>
              <Entry>INDUSTRIAL_CITY</Entry>
              <Entry>6</Entry>
              <Entry>True</Entry>
              <Entry>True</Entry>
              <Entry>False</Entry>
            </Arguments>
          </ScriptAction>
        </Actions>
      </Script>
    </Entry>
  </Scripts>
  <Triles>
    <Entry>
      <TrileEmplacement x="6" y="9" z="11"/>
      <TrileInstance trileId="426" orientation="2">
        <Position>
          <Vector3 x="6.0" y="9.0" z="11.0"/>
        </Position>
      </TrileInstance>
    </Entry>
    <Entry>
      <TrileEmplacement x="6" y="9" z="10"/>
      <TrileInstance trileId="431" orientation="2">
        <Position>
          <Vector3 x="6.0" y="9.0" z="10.0"/>
        </Position>
      </TrileInstance>
    </Entry>
    <Entry>
      <TrileEmplacement x="6" y="9" z="9"/>
      <TrileInstance trileId="426" orientation="2">
        <Position>
          <Vector3 x="6.0" y="9.0" z="9.0"/>
        </Position>
      </TrileInstance>
    </Entry>
    <Entry>
      <TrileEmplacement x="6" y="9" z="8"/>
      <TrileInstance trileId="426" orientation="2">
        <Position>
          <Vector3 x="6.0" y="9.0" z="8.0"/>
        </Position>
      </TrileInstance>
    </Entry>
    <Entry>
      <TrileEmplacement x="6" y="9" z="7"/>
      <TrileInstance trileId="431" orientation="2">
        <Position>
          <Vector3 x="6.0" y="9.0" z="7.0"/>
        </Position>
      </TrileInstance>
    </Entry>
    <Entry>
      <TrileEmplacement x="6" y="9" z="6"/>
      <TrileInstance trileId="426" orientation="2">
        <Position>
          <Vector3 x="6.0" y="9.0" z="6.0"/>
        </Position>
      </TrileInstance>
    </Entry>
    <Entry>
      <TrileEmplacement x="6" y="9" z="5"/>
      <TrileInstance trileId="431" orientation="2">
        <Position>
          <Vector3 x="6.0" y="9.0" z="5.0"/>
        </Position>
      </TrileInstance>
    </Entry>
    <Entry>
      <TrileEmplacement x="6" y="9" z="4"/>
      <TrileInstance trileId="431" orientation="2">
        <Position>
          <Vector3 x="6.0" y="9.0" z="4.0"/>
        </Position>
      </TrileInstance>
    </Entry>
    <Entry>
      <TrileEmplacement x="7" y="9" z="11"/>
      <TrileInstance trileId="431" orientation="2">
        <Position>
          <Vector3 x="7.0" y="9.0" z="11.0"/>
        </Position>
      </TrileInstance>
    </Entry>
    <Entry>
      <TrileEmplacement x="7" y="9" z="10"/>
      <TrileInstance trileId="431" orientation="2">
        <Position>
          <Vector3 x="7.0" y="9.0" z="10.0"/>
        </Position>
      </TrileInstance>
    </Entry>
    <Entry>
      <TrileEmplacement x="7" y="9" z="9"/>
      <TrileInstance trileId="431" orientation="2">
        <Position>
          <Vector3 x="7.0" y="9.0" z="9.0"/>
        </Position>
      </TrileInstance>
    </Entry>
    <Entry>
      <TrileEmplacement x="7" y="9" z="8"/>
      <TrileInstance trileId="431" orientation="2">
        <Position>
          <Vector3 x="7.0" y="9.0" z="8.0"/>
        </Position>
      </TrileInstance>
    </Entry>
    <Entry>
      <TrileEmplacement x="7" y="9" z="7"/>
      <TrileInstance trileId="431" orientation="2">
        <Position>
          <Vector3 x="7.0" y="9.0" z="7.0"/>
        </Position>
      </TrileInstance>
    </Entry>
    <Entry>
      <TrileEmplacement x="7" y="9" z="6"/>
      <TrileInstance trileId="431" orientation="2">
        <Position>
          <Vector3 x="7.0" y="9.0" z="6.0"/>
        </Position>
      </TrileInstance>
    </Entry>
    <Entry>
      <TrileEmplacement x="7" y="9" z="5"/>
      <TrileInstance trileId="431" orientation="2">
        <Position>
          <Vector3 x="7.0" y="9.0" z="5.0"/>
        </Position>
      </TrileInstance>
    </Entry>
    <Entry>
      <TrileEmplacement x="7" y="9" z="4"/>
      <TrileInstance trileId="431" orientation="2">
        <Position>
          <Vector3 x="7.0" y="9.0" z="4.0"/>
        </Position>
      </TrileInstance>
    </Entry>
    <Entry>
      <TrileEmplacement x="8" y="9" z="11"/>
      <TrileInstance trileId="431" orientation="2">
        <Position>
          <Vector3 x="8.0" y="9.0" z="11.0"/>
        </Position>
      </TrileInstance>
    </Entry>
    <Entry>
      <TrileEmplacement x="8" y="9" z="10"/>
      <TrileInstance trileId="431" orientation="2">
        <Position>
          <Vector3 x="8.0" y="9.0" z="10.0"/>
        </Position>
      </TrileInstance>
    </Entry>
    <Entry>
      <TrileEmplacement x="8" y="9" z="9"/>
      <TrileInstance trileId="431" orientation="2">
        <Position>
          <Vector3 x="8.0" y="9.0" z="9.0"/>
        </Position>
      </TrileInstance>
    </Entry>
    <Entry>
      <TrileEmplacement x="8" y="9" z="8"/>
      <TrileInstance trileId="431" orientation="2">
        <Position>
          <Vector3 x="8.0" y="9.0" z="8.0"/>
        </Position>
      </TrileInstance>
    </Entry>
    <Entry>
      <TrileEmplacement x="8" y="9" z="7"/>
      <TrileInstance trileId="431" orientation="2">
        <Position>
          <Vector3 x="8.0" y="9.0" z="7.0"/>
        </Position>
      </TrileInstance>
    </Entry>
    <Entry>
      <TrileEmplacement x="8" y="9" z="6"/>
      <TrileInstance trileId="431" orientation="2">
        <Position>
          <Vector3 x="8.0" y="9.0" z="6.0"/>
        </Position>
      </TrileInstance>
    </Entry>
    <Entry>
      <TrileEmplacement x="8" y="9" z="5"/>
      <TrileInstance trileId="431" orientation="2">
        <Position>
          <Vector3 x="8.0" y="9.0" z="5.0"/>
        </Position>
      </TrileInstance>
    </Entry>
    <Entry>
      <TrileEmplacement x="8" y="9" z="4"/>
      <TrileInstance trileId="426" orientation="2">
        <Position>
          <Vector3 x="8.0" y="9.0" z="4.0"/>
        </Position>
      </TrileInstance>
    </Entry>
    <Entry>
      <TrileEmplacement x="9" y="9" z="11"/>
      <TrileInstance trileId="431" orientation="2">
        <Position>
          <Vector3 x="9.0" y="9.0" z="11.0"/>
        </Position>
      </TrileInstance>
    </Entry>
    <Entry>
      <TrileEmplacement x="9" y="9" z="10"/>
      <TrileInstance trileId="431" orientation="2">
        <Position>
          <Vector3 x="9.0" y="9.0" z="10.0"/>
        </Position>
      </TrileInstance>
    </Entry>
    <Entry>
      <TrileEmplacement x="9" y="9" z="9"/>
      <TrileInstance trileId="431" orientation="2">
        <Position>
          <Vector3 x="9.0" y="9.0" z="9.0"/>
        </Position>
      </TrileInstance>
    </Entry>
    <Entry>
      <TrileEmplacement x="9" y="9" z="8"/>
      <TrileInstance trileId="431" orientation="2">
        <Position>
          <Vector3 x="9.0" y="9.0" z="8.0"/>
        </Position>
      </TrileInstance>
    </Entry>
    <Entry>
      <TrileEmplacement x="9" y="9" z="7"/>
      <TrileInstance trileId="431" orientation="2">
        <Position>
          <Vector3 x="9.0" y="9.0" z="7.0"/>
        </Position>
      </TrileInstance>
    </Entry>
    <Entry>
      <TrileEmplacement x="9" y="9" z="6"/>
      <TrileInstance trileId="431" orientation="2">
        <Position>
          <Vector3 x="9.0" y="9.0" z="6.0"/>
        </Position>
      </TrileInstance>
    </Entry>
    <Entry>
      <TrileEmplacement x="9" y="9" z="5"/>
      <TrileInstance trileId="431" orientation="2">
        <Position>
          <Vector3 x="9.0" y="9.0" z="5.0"/>
        </Position>
      </TrileInstance>
    </Entry>
    <Entry>
      <TrileEmplacement x="9" y="9" z="4"/>
      <TrileInstance trileId="431" orientation="2">
        <Position>
          <Vector3 x="9.0" y="9.0" z="4.0"/>
        </Position>
      </TrileInstance>
    </Entry>
    <Entry>
      <TrileEmplacement x="5" y="9" z="3"/>
      <TrileInstance trileId="430" orientation="2">
        <Position>
          <Vector3 x="5.0" y="8.5" z="3.0"/>
        </Position>
      </TrileInstance>
    </Entry>
    <Entry>
      <TrileEmplacement x="14" y="9" z="3"/>
      <TrileInstance trileId="430" orientation="1">
        <Position>
          <Vector3 x="14.0" y="8.5" z="3.0"/>
        </Position>
      </TrileInstance>
    </Entry>
    <Entry>
      <TrileEmplacement x="5" y="8" z="3"/>
      <TrileInstance trileId="427" orientation="2">
        <Position>
          <Vector3 x="5.0" y="8.0" z="3.0"/>
        </Position>
      </TrileInstance>
    </Entry>
    <Entry>
      <TrileEmplacement x="14" y="8" z="3"/>
      <TrileInstance trileId="427" orientation="1">
        <Position>
          <Vector3 x="14.0" y="8.0" z="3.0"/>
        </Position>
      </TrileInstance>
    </Entry>
    <Entry>
      <TrileEmplacement x="5" y="7" z="3"/>
      <TrileInstance trileId="428" orientation="2">
        <Position>
          <Vector3 x="5.0" y="7.0" z="3.0"/>
        </Position>
      </TrileInstance>
    </Entry>
    <Entry>
      <TrileEmplacement x="14" y="7" z="3"/>
      <TrileInstance trileId="428" orientation="1">
        <Position>
          <Vector3 x="14.0" y="7.0" z="3.0"/>
        </Position>
      </TrileInstance>
    </Entry>
    <Entry>
      <TrileEmplacement x="5" y="6" z="3"/>
      <TrileInstance trileId="428" orientation="2">
        <Position>
          <Vector3 x="5.0" y="6.0" z="3.0"/>
        </Position>
      </TrileInstance>
    </Entry>
    <Entry>
      <TrileEmplacement x="14" y="6" z="3"/>
      <TrileInstance trileId="427" orientation="1">
        <Position>
          <Vector3 x="14.0" y="6.0" z="3.0"/>
        </Position>
      </TrileInstance>
    </Entry>
    <Entry>
      <TrileEmplacement x="5" y="5" z="3"/>
      <TrileInstance trileId="427" orientation="2">
        <Position>
          <Vector3 x="5.0" y="5.0" z="3.0"/>
        </Position>
      </TrileInstance>
    </Entry>
    <Entry>
      <TrileEmplacement x="14" y="5" z="3"/>
      <TrileInstance trileId="427" orientation="1">
        <Position>
          <Vector3 x="14.0" y="5.0" z="3.0"/>
        </Position>
      </TrileInstance>
    </Entry>
    <Entry>
      <TrileEmplacement x="5" y="4" z="3"/>
      <TrileInstance trileId="427" orientation="2">
        <Position>
          <Vector3 x="5.0" y="4.0" z="3.0"/>
        </Position>
      </TrileInstance>
    </Entry>
    <Entry>
      <TrileEmplacement x="14" y="4" z="3"/>
      <TrileInstance trileId="428" orientation="1">
        <Position>
          <Vector3 x="14.0" y="4.0" z="3.0"/>
        </Position>
      </TrileInstance>
    </Entry>
    <Entry>
      <TrileEmplacement x="5" y="3" z="3"/>
      <TrileInstance trileId="428" orientation="2">
        <Position>
          <Vector3 x="5.0" y="3.0" z="3.0"/>
        </Position>
      </TrileInstance>
    </Entry>
    <Entry>
      <TrileEmplacement x="14" y="3" z="3"/>
      <TrileInstance trileId="428" orientation="1">
        <Position>
          <Vector3 x="14.0" y="3.0" z="3.0"/>
        </Position>
      </TrileInstance>
    </Entry>
    <Entry>
      <TrileEmplacement x="5" y="2" z="3"/>
      <TrileInstance trileId="427" orientation="2">
        <Position>
          <Vector3 x="5.0" y="2.0" z="3.0"/>
        </Position>
      </TrileInstance>
    </Entry>
    <Entry>
      <TrileEmplacement x="14" y="2" z="3"/>
      <TrileInstance trileId="427" orientation="1">
        <Position>
          <Vector3 x="14.0" y="2.0" z="3.0"/>
        </Position>
      </TrileInstance>
    </Entry>
    <Entry>
      <TrileEmplacement x="5" y="1" z="3"/>
      <TrileInstance trileId="428" orientation="2">
        <Position>
          <Vector3 x="5.0" y="1.0" z="3.0"/>
        </Position>
      </TrileInstance>
    </Entry>
    <Entry>
      <TrileEmplacement x="14" y="1" z="3"/>
      <TrileInstance trileId="427" orientation="1">
        <Position>
          <Vector3 x="14.0" y="1.0" z="3.0"/>
        </Position>
      </TrileInstance>
    </Entry>
    <Entry>
      <TrileEmplacement x="12" y="9" z="11"/>
      <TrileInstance trileId="426" orientation="2">
        <Position>
          <Vector3 x="12.0" y="9.0" z="11.0"/>
        </Position>
      </TrileInstance>
    </Entry>
    <Entry>
      <TrileEmplacement x="12" y="9" z="10"/>
      <TrileInstance trileId="431" orientation="2">
        <Position>
          <Vector3 x="12.0" y="9.0" z="10.0"/>
        </Position>
      </TrileInstance>
    </Entry>
    <Entry>
      <TrileEmplacement x="12" y="9" z="9"/>
      <TrileInstance trileId="431" orientation="2">
        <Position>
          <Vector3 x="12.0" y="9.0" z="9.0"/>
        </Position>
      </TrileInstance>
    </Entry>
    <Entry>
      <TrileEmplacement x="12" y="9" z="8"/>
      <TrileInstance trileId="431" orientation="2">
        <Position>
          <Vector3 x="12.0" y="9.0" z="8.0"/>
        </Position>
      </TrileInstance>
    </Entry>
    <Entry>
      <TrileEmplacement x="12" y="9" z="7"/>
      <TrileInstance trileId="431" orientation="2">
        <Position>
          <Vector3 x="12.0" y="9.0" z="7.0"/>
        </Position>
      </TrileInstance>
    </Entry>
    <Entry>
      <TrileEmplacement x="12" y="9" z="6"/>
      <TrileInstance trileId="431" orientation="2">
        <Position>
          <Vector3 x="12.0" y="9.0" z="6.0"/>
        </Position>
      </TrileInstance>
    </Entry>
    <Entry>
      <TrileEmplacement x="12" y="9" z="5"/>
      <TrileInstance trileId="431" orientation="2">
        <Position>
          <Vector3 x="12.0" y="9.0" z="5.0"/>
        </Position>
      </TrileInstance>
    </Entry>
    <Entry>
      <TrileEmplacement x="12" y="9" z="4"/>
      <TrileInstance trileId="431" orientation="2">
        <Position>
          <Vector3 x="12.0" y="9.0" z="4.0"/>
        </Position>
      </TrileInstance>
    </Entry>
    <Entry>
      <TrileEmplacement x="13" y="9" z="11"/>
      <TrileInstance trileId="426" orientation="2">
        <Position>
          <Vector3 x="13.0" y="9.0" z="11.0"/>
        </Position>
      </TrileInstance>
    </Entry>
    <Entry>
      <TrileEmplacement x="13" y="9" z="10"/>
      <TrileInstance trileId="426" orientation="2">
        <Position>
          <Vector3 x="13.0" y="9.0" z="10.0"/>
        </Position>
      </TrileInstance>
    </Entry>
    <Entry>
      <TrileEmplacement x="11" y="9" z="4"/>
      <TrileInstance trileId="431" orientation="2">
        <Position>
          <Vector3 x="11.0" y="9.0" z="4.0"/>
        </Position>
      </TrileInstance>
    </Entry>
    <Entry>
      <TrileEmplacement x="6" y="0" z="4"/>
      <TrileInstance trileId="533" orientation="0">
        <Position>
          <Vector3 x="6.0" y="0.4375" z="4.0"/>
        </Position>
        <OverlappedTriles>
          <TrileInstance trileId="433" orientation="2">
            <Position>
              <Vector3 x="6.0" y="0.0" z="4.0"/>
            </Position>
          </TrileInstance>
        </OverlappedTriles>
      </TrileInstance>
    </Entry>
    <Entry>
      <TrileEmplacement x="7" y="0" z="4"/>
      <TrileInstance trileId="532" orientation="0">
        <Position>
          <Vector3 x="7.0" y="0.4375" z="4.0"/>
        </Position>
        <OverlappedTriles>
          <TrileInstance trileId="432" orientation="2">
            <Position>
              <Vector3 x="7.0" y="0.0" z="4.0"/>
            </Position>
          </TrileInstance>
        </OverlappedTriles>
      </TrileInstance>
    </Entry>
    <Entry>
      <TrileEmplacement x="8" y="0" z="4"/>
      <TrileInstance trileId="527" orientation="2">
        <Position>
          <Vector3 x="8.0" y="0.4375" z="4.0"/>
        </Position>
        <OverlappedTriles>
          <TrileInstance trileId="432" orientation="2">
            <Position>
              <Vector3 x="8.0" y="0.0" z="4.0"/>
            </Position>
          </TrileInstance>
        </OverlappedTriles>
      </TrileInstance>
    </Entry>
    <Entry>
      <TrileEmplacement x="9" y="0" z="4"/>
      <TrileInstance trileId="433" orientation="2">
        <Position>
          <Vector3 x="9.0" y="0.0" z="4.0"/>
        </Position>
      </TrileInstance>
    </Entry>
    <Entry>
      <TrileEmplacement x="10" y="0" z="4"/>
      <TrileInstance trileId="433" orientation="2">
        <Position>
          <Vector3 x="10.0" y="0.0" z="4.0"/>
        </Position>
      </TrileInstance>
    </Entry>
    <Entry>
      <TrileEmplacement x="11" y="0" z="4"/>
      <TrileInstance trileId="432" orientation="2">
        <Position>
          <Vector3 x="11.0" y="0.0" z="4.0"/>
        </Position>
      </TrileInstance>
    </Entry>
    <Entry>
      <TrileEmplacement x="12" y="0" z="4"/>
      <TrileInstance trileId="432" orientation="2">
        <Position>
          <Vector3 x="12.0" y="0.0" z="4.0"/>
        </Position>
      </TrileInstance>
    </Entry>
    <Entry>
      <TrileEmplacement x="13" y="0" z="4"/>
      <TrileInstance trileId="433" orientation="2">
        <Position>
          <Vector3 x="13.0" y="0.0" z="4.0"/>
        </Position>
      </TrileInstance>
    </Entry>
    <Entry>
      <TrileEmplacement x="14" y="0" z="3"/>
      <TrileInstance trileId="429" orientation="1">
        <Position>
          <Vector3 x="14.0" y="0.0" z="3.0"/>
        </Position>
      </TrileInstance>
    </Entry>
    <Entry>
      <TrileEmplacement x="11" y="9" z="5"/>
      <TrileInstance trileId="431" orientation="2">
        <Position>
          <Vector3 x="11.0" y="9.0" z="5.0"/>
        </Position>
      </TrileInstance>
    </Entry>
    <Entry>
      <TrileEmplacement x="6" y="0" z="5"/>
      <TrileInstance trileId="532" orientation="1">
        <Position>
          <Vector3 x="6.0" y="0.4375" z="5.0"/>
        </Position>
        <OverlappedTriles>
          <TrileInstance trileId="432" orientation="2">
            <Position>
              <Vector3 x="6.0" y="0.0" z="5.0"/>
            </Position>
          </TrileInstance>
        </OverlappedTriles>
      </TrileInstance>
    </Entry>
    <Entry>
      <TrileEmplacement x="7" y="0" z="5"/>
      <TrileInstance trileId="308" orientation="3">
        <Position>
          <Vector3 x="7.0" y="0.4375" z="5.0"/>
        </Position>
        <OverlappedTriles>
          <TrileInstance trileId="432" orientation="2">
            <Position>
              <Vector3 x="7.0" y="0.0" z="5.0"/>
            </Position>
          </TrileInstance>
        </OverlappedTriles>
      </TrileInstance>
    </Entry>
    <Entry>
      <TrileEmplacement x="8" y="0" z="5"/>
      <TrileInstance trileId="527" orientation="2">
        <Position>
          <Vector3 x="8.0" y="0.4375" z="5.0"/>
        </Position>
        <OverlappedTriles>
          <TrileInstance trileId="432" orientation="2">
            <Position>
              <Vector3 x="8.0" y="0.0" z="5.0"/>
            </Position>
          </TrileInstance>
        </OverlappedTriles>
      </TrileInstance>
    </Entry>
    <Entry>
      <TrileEmplacement x="9" y="0" z="5"/>
      <TrileInstance trileId="432" orientation="2">
        <Position>
          <Vector3 x="9.0" y="0.0" z="5.0"/>
        </Position>
      </TrileInstance>
    </Entry>
    <Entry>
      <TrileEmplacement x="10" y="0" z="5"/>
      <TrileInstance trileId="432" orientation="2">
        <Position>
          <Vector3 x="10.0" y="0.0" z="5.0"/>
        </Position>
      </TrileInstance>
    </Entry>
    <Entry>
      <TrileEmplacement x="14" y="9" z="12"/>
      <TrileInstance trileId="430" orientation="0">
        <Position>
          <Vector3 x="14.0" y="8.5" z="12.0"/>
        </Position>
      </TrileInstance>
    </Entry>
    <Entry>
      <TrileEmplacement x="5" y="9" z="12"/>
      <TrileInstance trileId="430" orientation="3">
        <Position>
          <Vector3 x="5.0" y="8.5" z="12.0"/>
        </Position>
      </TrileInstance>
    </Entry>
    <Entry>
      <TrileEmplacement x="5" y="0" z="12"/>
      <TrileInstance trileId="429" orientation="3">
        <Position>
          <Vector3 x="5.0" y="0.0" z="12.0"/>
        </Position>
      </TrileInstance>
    </Entry>
    <Entry>
      <TrileEmplacement x="5" y="3" z="12"/>
      <TrileInstance trileId="427" orientation="3">
        <Position>
          <Vector3 x="5.0" y="3.0" z="12.0"/>
        </Position>
      </TrileInstance>
    </Entry>
    <Entry>
      <TrileEmplacement x="5" y="4" z="12"/>
      <TrileInstance trileId="428" orientation="3">
        <Position>
          <Vector3 x="5.0" y="4.0" z="12.0"/>
        </Position>
      </TrileInstance>
    </Entry>
    <Entry>
      <TrileEmplacement x="5" y="5" z="12"/>
      <TrileInstance trileId="427" orientation="3">
        <Position>
          <Vector3 x="5.0" y="5.0" z="12.0"/>
        </Position>
      </TrileInstance>
    </Entry>
    <Entry>
      <TrileEmplacement x="5" y="6" z="12"/>
      <TrileInstance trileId="428" orientation="3">
        <Position>
          <Vector3 x="5.0" y="6.0" z="12.0"/>
        </Position>
      </TrileInstance>
    </Entry>
    <Entry>
      <TrileEmplacement x="5" y="7" z="12"/>
      <TrileInstance trileId="427" orientation="3">
        <Position>
          <Vector3 x="5.0" y="7.0" z="12.0"/>
        </Position>
      </TrileInstance>
    </Entry>
    <Entry>
      <TrileEmplacement x="5" y="8" z="12"/>
      <TrileInstance trileId="428" orientation="3">
        <Position>
          <Vector3 x="5.0" y="8.0" z="12.0"/>
        </Position>
      </TrileInstance>
    </Entry>
    <Entry>
      <TrileEmplacement x="14" y="0" z="12"/>
      <TrileInstance trileId="429" orientation="0">
        <Position>
          <Vector3 x="14.0" y="0.0" z="12.0"/>
        </Position>
      </TrileInstance>
    </Entry>
    <Entry>
      <TrileEmplacement x="14" y="1" z="12"/>
      <TrileInstance trileId="427" orientation="0">
        <Position>
          <Vector3 x="14.0" y="1.0" z="12.0"/>
        </Position>
      </TrileInstance>
    </Entry>
    <Entry>
      <TrileEmplacement x="14" y="2" z="12"/>
      <TrileInstance trileId="427" orientation="0">
        <Position>
          <Vector3 x="14.0" y="2.0" z="12.0"/>
        </Position>
      </TrileInstance>
    </Entry>
    <Entry>
      <TrileEmplacement x="14" y="3" z="12"/>
      <TrileInstance trileId="428" orientation="0">
        <Position>
          <Vector3 x="14.0" y="3.0" z="12.0"/>
        </Position>
      </TrileInstance>
    </Entry>
    <Entry>
      <TrileEmplacement x="14" y="4" z="12"/>
      <TrileInstance trileId="427" orientation="0">
        <Position>
          <Vector3 x="14.0" y="4.0" z="12.0"/>
        </Position>
      </TrileInstance>
    </Entry>
    <Entry>
      <TrileEmplacement x="14" y="5" z="12"/>
      <TrileInstance trileId="427" orientation="0">
        <Position>
          <Vector3 x="14.0" y="5.0" z="12.0"/>
        </Position>
      </TrileInstance>
    </Entry>
    <Entry>
      <TrileEmplacement x="14" y="6" z="12"/>
      <TrileInstance trileId="428" orientation="0">
        <Position>
          <Vector3 x="14.0" y="6.0" z="12.0"/>
        </Position>
      </TrileInstance>
    </Entry>
    <Entry>
      <TrileEmplacement x="14" y="7" z="12"/>
      <TrileInstance trileId="427" orientation="0">
        <Position>
          <Vector3 x="14.0" y="7.0" z="12.0"/>
        </Position>
      </TrileInstance>
    </Entry>
    <Entry>
      <TrileEmplacement x="14" y="8" z="12"/>
      <TrileInstance trileId="428" orientation="0">
        <Position>
          <Vector3 x="14.0" y="8.0" z="12.0"/>
        </Position>
      </TrileInstance>
    </Entry>
    <Entry>
      <TrileEmplacement x="8" y="0" z="6"/>
      <TrileInstance trileId="527" orientation="2">
        <Position>
          <Vector3 x="8.0" y="0.4375" z="6.0"/>
        </Position>
        <OverlappedTriles>
          <TrileInstance trileId="432" orientation="2">
            <Position>
              <Vector3 x="8.0" y="0.0" z="6.0"/>
            </Position>
          </TrileInstance>
        </OverlappedTriles>
      </TrileInstance>
    </Entry>
    <Entry>
      <TrileEmplacement x="7" y="0" z="6"/>
      <TrileInstance trileId="308" orientation="3">
        <Position>
          <Vector3 x="7.0" y="0.4375" z="6.0"/>
        </Position>
        <OverlappedTriles>
          <TrileInstance trileId="432" orientation="2">
            <Position>
              <Vector3 x="7.0" y="0.0" z="6.0"/>
            </Position>
          </TrileInstance>
        </OverlappedTriles>
      </TrileInstance>
    </Entry>
    <Entry>
      <TrileEmplacement x="6" y="0" z="6"/>
      <TrileInstance trileId="532" orientation="1">
        <Position>
          <Vector3 x="6.0" y="0.4375" z="6.0"/>
        </Position>
        <OverlappedTriles>
          <TrileInstance trileId="433" orientation="2">
            <Position>
              <Vector3 x="6.0" y="0.0" z="6.0"/>
            </Position>
          </TrileInstance>
        </OverlappedTriles>
      </TrileInstance>
    </Entry>
    <Entry>
      <TrileEmplacement x="11" y="9" z="6"/>
      <TrileInstance trileId="431" orientation="2">
        <Position>
          <Vector3 x="11.0" y="9.0" z="6.0"/>
        </Position>
      </TrileInstance>
    </Entry>
    <Entry>
      <TrileEmplacement x="5" y="0" z="3"/>
      <TrileInstance trileId="429" orientation="2">
        <Position>
          <Vector3 x="5.0" y="0.0" z="3.0"/>
        </Position>
      </TrileInstance>
    </Entry>
    <Entry>
      <TrileEmplacement x="13" y="0" z="5"/>
      <TrileInstance trileId="433" orientation="2">
        <Position>
          <Vector3 x="13.0" y="0.0" z="5.0"/>
        </Position>
      </TrileInstance>
    </Entry>
    <Entry>
      <TrileEmplacement x="12" y="0" z="5"/>
      <TrileInstance trileId="432" orientation="2">
        <Position>
          <Vector3 x="12.0" y="0.0" z="5.0"/>
        </Position>
      </TrileInstance>
    </Entry>
    <Entry>
      <TrileEmplacement x="11" y="0" z="5"/>
      <TrileInstance trileId="432" orientation="2">
        <Position>
          <Vector3 x="11.0" y="0.0" z="5.0"/>
        </Position>
      </TrileInstance>
    </Entry>
    <Entry>
      <TrileEmplacement x="10" y="9" z="4"/>
      <TrileInstance trileId="426" orientation="2">
        <Position>
          <Vector3 x="10.0" y="9.0" z="4.0"/>
        </Position>
      </TrileInstance>
    </Entry>
    <Entry>
      <TrileEmplacement x="13" y="9" z="9"/>
      <TrileInstance trileId="431" orientation="2">
        <Position>
          <Vector3 x="13.0" y="9.0" z="9.0"/>
        </Position>
      </TrileInstance>
    </Entry>
    <Entry>
      <TrileEmplacement x="6" y="0" z="11"/>
      <TrileInstance trileId="432" orientation="2">
        <Position>
          <Vector3 x="6.0" y="0.0" z="11.0"/>
        </Position>
      </TrileInstance>
    </Entry>
    <Entry>
      <TrileEmplacement x="8" y="0" z="10"/>
      <TrileInstance trileId="432" orientation="2">
        <Position>
          <Vector3 x="8.0" y="0.0" z="10.0"/>
        </Position>
      </TrileInstance>
    </Entry>
    <Entry>
      <TrileEmplacement x="10" y="0" z="9"/>
      <TrileInstance trileId="527" orientation="3">
        <Position>
          <Vector3 x="10.0" y="0.4375" z="9.0"/>
        </Position>
        <OverlappedTriles>
          <TrileInstance trileId="432" orientation="2">
            <Position>
              <Vector3 x="10.0" y="0.0" z="9.0"/>
            </Position>
          </TrileInstance>
        </OverlappedTriles>
      </TrileInstance>
    </Entry>
    <Entry>
      <TrileEmplacement x="12" y="0" z="8"/>
      <TrileInstance trileId="432" orientation="2">
        <Position>
          <Vector3 x="12.0" y="0.0" z="8.0"/>
        </Position>
      </TrileInstance>
    </Entry>
    <Entry>
      <TrileEmplacement x="13" y="9" z="5"/>
      <TrileInstance trileId="431" orientation="2">
        <Position>
          <Vector3 x="13.0" y="9.0" z="5.0"/>
        </Position>
      </TrileInstance>
    </Entry>
    <Entry>
      <TrileEmplacement x="6" y="0" z="7"/>
      <TrileInstance trileId="532" orientation="1">
        <Position>
          <Vector3 x="6.0" y="0.4375" z="7.0"/>
        </Position>
        <OverlappedTriles>
          <TrileInstance trileId="433" orientation="2">
            <Position>
              <Vector3 x="6.0" y="0.0" z="7.0"/>
            </Position>
          </TrileInstance>
        </OverlappedTriles>
      </TrileInstance>
    </Entry>
    <Entry>
      <TrileEmplacement x="10" y="9" z="5"/>
      <TrileInstance trileId="431" orientation="2">
        <Position>
          <Vector3 x="10.0" y="9.0" z="5.0"/>
        </Position>
      </TrileInstance>
    </Entry>
    <Entry>
      <TrileEmplacement x="13" y="0" z="11"/>
      <TrileInstance trileId="533" orientation="2">
        <Position>
          <Vector3 x="13.0" y="0.375" z="11.0"/>
        </Position>
        <OverlappedTriles>
          <TrileInstance trileId="433" orientation="2">
            <Position>
              <Vector3 x="13.0" y="0.0" z="11.0"/>
            </Position>
          </TrileInstance>
        </OverlappedTriles>
      </TrileInstance>
    </Entry>
    <Entry>
      <TrileEmplacement x="11" y="9" z="11"/>
      <TrileInstance trileId="431" orientation="2">
        <Position>
          <Vector3 x="11.0" y="9.0" z="11.0"/>
        </Position>
      </TrileInstance>
    </Entry>
    <Entry>
      <TrileEmplacement x="7" y="0" z="10"/>
      <TrileInstance trileId="432" orientation="2">
        <Position>
          <Vector3 x="7.0" y="0.0" z="10.0"/>
        </Position>
      </TrileInstance>
    </Entry>
    <Entry>
      <TrileEmplacement x="9" y="0" z="9"/>
      <TrileInstance trileId="432" orientation="2">
        <Position>
          <Vector3 x="9.0" y="0.0" z="9.0"/>
        </Position>
      </TrileInstance>
    </Entry>
    <Entry>
      <TrileEmplacement x="11" y="0" z="8"/>
      <TrileInstance trileId="432" orientation="2">
        <Position>
          <Vector3 x="11.0" y="0.0" z="8.0"/>
        </Position>
      </TrileInstance>
    </Entry>
    <Entry>
      <TrileEmplacement x="13" y="0" z="7"/>
      <TrileInstance trileId="433" orientation="2">
        <Position>
          <Vector3 x="13.0" y="0.0" z="7.0"/>
        </Position>
      </TrileInstance>
    </Entry>
    <Entry>
      <TrileEmplacement x="11" y="9" z="7"/>
      <TrileInstance trileId="431" orientation="2">
        <Position>
          <Vector3 x="11.0" y="9.0" z="7.0"/>
        </Position>
      </TrileInstance>
    </Entry>
    <Entry>
      <TrileEmplacement x="10" y="9" z="6"/>
      <TrileInstance trileId="431" orientation="2">
        <Position>
          <Vector3 x="10.0" y="9.0" z="6.0"/>
        </Position>
      </TrileInstance>
    </Entry>
    <Entry>
      <TrileEmplacement x="12" y="0" z="11"/>
      <TrileInstance trileId="532" orientation="2">
        <Position>
          <Vector3 x="12.0" y="0.375" z="11.0"/>
        </Position>
        <OverlappedTriles>
          <TrileInstance trileId="432" orientation="2">
            <Position>
              <Vector3 x="12.0" y="0.0" z="11.0"/>
            </Position>
          </TrileInstance>
        </OverlappedTriles>
      </TrileInstance>
    </Entry>
    <Entry>
      <TrileEmplacement x="13" y="9" z="8"/>
      <TrileInstance trileId="431" orientation="2">
        <Position>
          <Vector3 x="13.0" y="9.0" z="8.0"/>
        </Position>
      </TrileInstance>
    </Entry>
    <Entry>
      <TrileEmplacement x="6" y="0" z="10"/>
      <TrileInstance trileId="433" orientation="2">
        <Position>
          <Vector3 x="6.0" y="0.0" z="10.0"/>
        </Position>
      </TrileInstance>
    </Entry>
    <Entry>
      <TrileEmplacement x="8" y="0" z="9"/>
      <TrileInstance trileId="432" orientation="2">
        <Position>
          <Vector3 x="8.0" y="0.0" z="9.0"/>
        </Position>
      </TrileInstance>
    </Entry>
    <Entry>
      <TrileEmplacement x="10" y="0" z="8"/>
      <TrileInstance trileId="432" orientation="2">
        <Position>
          <Vector3 x="10.0" y="0.0" z="8.0"/>
        </Position>
      </TrileInstance>
    </Entry>
    <Entry>
      <TrileEmplacement x="12" y="0" z="7"/>
      <TrileInstance trileId="432" orientation="2">
        <Position>
          <Vector3 x="12.0" y="0.0" z="7.0"/>
        </Position>
      </TrileInstance>
    </Entry>
    <Entry>
      <TrileEmplacement x="13" y="9" z="4"/>
      <TrileInstance trileId="426" orientation="2">
        <Position>
          <Vector3 x="13.0" y="9.0" z="4.0"/>
        </Position>
      </TrileInstance>
    </Entry>
    <Entry>
      <TrileEmplacement x="10" y="9" z="7"/>
      <TrileInstance trileId="431" orientation="2">
        <Position>
          <Vector3 x="10.0" y="9.0" z="7.0"/>
        </Position>
      </TrileInstance>
    </Entry>
    <Entry>
      <TrileEmplacement x="11" y="0" z="11"/>
      <TrileInstance trileId="532" orientation="2">
        <Position>
          <Vector3 x="11.0" y="0.375" z="11.0"/>
        </Position>
        <OverlappedTriles>
          <TrileInstance trileId="432" orientation="2">
            <Position>
              <Vector3 x="11.0" y="0.0" z="11.0"/>
            </Position>
          </TrileInstance>
        </OverlappedTriles>
      </TrileInstance>
    </Entry>
    <Entry>
      <TrileEmplacement x="13" y="0" z="10"/>
      <TrileInstance trileId="532" orientation="3">
        <Position>
          <Vector3 x="13.0" y="0.375" z="10.0"/>
        </Position>
        <OverlappedTriles>
          <TrileInstance trileId="432" orientation="2">
            <Position>
              <Vector3 x="13.0" y="0.0" z="10.0"/>
            </Position>
          </TrileInstance>
        </OverlappedTriles>
      </TrileInstance>
    </Entry>
    <Entry>
      <TrileEmplacement x="11" y="9" z="10"/>
      <TrileInstance trileId="431" orientation="2">
        <Position>
          <Vector3 x="11.0" y="9.0" z="10.0"/>
        </Position>
      </TrileInstance>
    </Entry>
    <Entry>
      <TrileEmplacement x="7" y="0" z="9"/>
      <TrileInstance trileId="432" orientation="2">
        <Position>
          <Vector3 x="7.0" y="0.0" z="9.0"/>
        </Position>
      </TrileInstance>
    </Entry>
    <Entry>
      <TrileEmplacement x="9" y="0" z="8"/>
      <TrileInstance trileId="432" orientation="2">
        <Position>
          <Vector3 x="9.0" y="0.0" z="8.0"/>
        </Position>
      </TrileInstance>
    </Entry>
    <Entry>
      <TrileEmplacement x="11" y="0" z="7"/>
      <TrileInstance trileId="432" orientation="2">
        <Position>
          <Vector3 x="11.0" y="0.0" z="7.0"/>
        </Position>
      </TrileInstance>
    </Entry>
    <Entry>
      <TrileEmplacement x="13" y="0" z="6"/>
      <TrileInstance trileId="432" orientation="2">
        <Position>
          <Vector3 x="13.0" y="0.0" z="6.0"/>
        </Position>
      </TrileInstance>
    </Entry>
    <Entry>
      <TrileEmplacement x="10" y="9" z="8"/>
      <TrileInstance trileId="431" orientation="2">
        <Position>
          <Vector3 x="10.0" y="9.0" z="8.0"/>
        </Position>
      </TrileInstance>
    </Entry>
    <Entry>
      <TrileEmplacement x="10" y="0" z="11"/>
      <TrileInstance trileId="532" orientation="2">
        <Position>
          <Vector3 x="10.0" y="0.375" z="11.0"/>
        </Position>
        <OverlappedTriles>
          <TrileInstance trileId="433" orientation="2">
            <Position>
              <Vector3 x="10.0" y="0.0" z="11.0"/>
            </Position>
          </TrileInstance>
        </OverlappedTriles>
      </TrileInstance>
    </Entry>
    <Entry>
      <TrileEmplacement x="12" y="0" z="10"/>
      <TrileInstance trileId="308" orientation="2">
        <Position>
          <Vector3 x="12.0" y="0.4375" z="10.0"/>
        </Position>
        <OverlappedTriles>
          <TrileInstance trileId="432" orientation="2">
            <Position>
              <Vector3 x="12.0" y="0.0" z="10.0"/>
            </Position>
          </TrileInstance>
        </OverlappedTriles>
      </TrileInstance>
    </Entry>
    <Entry>
      <TrileEmplacement x="13" y="9" z="7"/>
      <TrileInstance trileId="426" orientation="2">
        <Position>
          <Vector3 x="13.0" y="9.0" z="7.0"/>
        </Position>
      </TrileInstance>
    </Entry>
    <Entry>
      <TrileEmplacement x="6" y="0" z="9"/>
      <TrileInstance trileId="433" orientation="2">
        <Position>
          <Vector3 x="6.0" y="0.0" z="9.0"/>
        </Position>
      </TrileInstance>
    </Entry>
    <Entry>
      <TrileEmplacement x="8" y="0" z="8"/>
      <TrileInstance trileId="432" orientation="2">
        <Position>
          <Vector3 x="8.0" y="0.0" z="8.0"/>
        </Position>
      </TrileInstance>
    </Entry>
    <Entry>
      <TrileEmplacement x="10" y="0" z="7"/>
      <TrileInstance trileId="432" orientation="2">
        <Position>
          <Vector3 x="10.0" y="0.0" z="7.0"/>
        </Position>
      </TrileInstance>
    </Entry>
    <Entry>
      <TrileEmplacement x="12" y="0" z="6"/>
      <TrileInstance trileId="432" orientation="2">
        <Position>
          <Vector3 x="12.0" y="0.0" z="6.0"/>
        </Position>
      </TrileInstance>
    </Entry>
    <Entry>
      <TrileEmplacement x="10" y="9" z="9"/>
      <TrileInstance trileId="431" orientation="2">
        <Position>
          <Vector3 x="10.0" y="9.0" z="9.0"/>
        </Position>
      </TrileInstance>
    </Entry>
    <Entry>
      <TrileEmplacement x="9" y="0" z="11"/>
      <TrileInstance trileId="527" orientation="0">
        <Position>
          <Vector3 x="9.0" y="0.4375" z="11.0"/>
        </Position>
        <OverlappedTriles>
          <TrileInstance trileId="432" orientation="2">
            <Position>
              <Vector3 x="9.0" y="0.0" z="11.0"/>
            </Position>
          </TrileInstance>
        </OverlappedTriles>
      </TrileInstance>
    </Entry>
    <Entry>
      <TrileEmplacement x="11" y="0" z="10"/>
      <TrileInstance trileId="308" orientation="2">
        <Position>
          <Vector3 x="11.0" y="0.4375" z="10.0"/>
        </Position>
        <OverlappedTriles>
          <TrileInstance trileId="432" orientation="2">
            <Position>
              <Vector3 x="11.0" y="0.0" z="10.0"/>
            </Position>
          </TrileInstance>
        </OverlappedTriles>
      </TrileInstance>
    </Entry>
    <Entry>
      <TrileEmplacement x="13" y="0" z="9"/>
      <TrileInstance trileId="527" orientation="3">
        <Position>
          <Vector3 x="13.0" y="0.4375" z="9.0"/>
        </Position>
        <OverlappedTriles>
          <TrileInstance trileId="432" orientation="2">
            <Position>
              <Vector3 x="13.0" y="0.0" z="9.0"/>
            </Position>
          </TrileInstance>
        </OverlappedTriles>
      </TrileInstance>
    </Entry>
    <Entry>
      <TrileEmplacement x="11" y="9" z="9"/>
      <TrileInstance trileId="431" orientation="2">
        <Position>
          <Vector3 x="11.0" y="9.0" z="9.0"/>
        </Position>
      </TrileInstance>
    </Entry>
    <Entry>
      <TrileEmplacement x="7" y="0" z="8"/>
      <TrileInstance trileId="527" orientation="1">
        <Position>
          <Vector3 x="7.0" y="0.4375" z="8.0"/>
        </Position>
        <OverlappedTriles>
          <TrileInstance trileId="432" orientation="2">
            <Position>
              <Vector3 x="7.0" y="0.0" z="8.0"/>
            </Position>
          </TrileInstance>
        </OverlappedTriles>
      </TrileInstance>
    </Entry>
    <Entry>
      <TrileEmplacement x="9" y="0" z="7"/>
      <TrileInstance trileId="432" orientation="2">
        <Position>
          <Vector3 x="9.0" y="0.0" z="7.0"/>
        </Position>
      </TrileInstance>
    </Entry>
    <Entry>
      <TrileEmplacement x="11" y="0" z="6"/>
      <TrileInstance trileId="432" orientation="2">
        <Position>
          <Vector3 x="11.0" y="0.0" z="6.0"/>
        </Position>
      </TrileInstance>
    </Entry>
    <Entry>
      <TrileEmplacement x="10" y="9" z="10"/>
      <TrileInstance trileId="431" orientation="2">
        <Position>
          <Vector3 x="10.0" y="9.0" z="10.0"/>
        </Position>
      </TrileInstance>
    </Entry>
    <Entry>
      <TrileEmplacement x="8" y="0" z="11"/>
      <TrileInstance trileId="432" orientation="2">
        <Position>
          <Vector3 x="8.0" y="0.0" z="11.0"/>
        </Position>
      </TrileInstance>
    </Entry>
    <Entry>
      <TrileEmplacement x="10" y="0" z="10"/>
      <TrileInstance trileId="308" orientation="2">
        <Position>
          <Vector3 x="10.0" y="0.4375" z="10.0"/>
        </Position>
        <OverlappedTriles>
          <TrileInstance trileId="432" orientation="2">
            <Position>
              <Vector3 x="10.0" y="0.0" z="10.0"/>
            </Position>
          </TrileInstance>
        </OverlappedTriles>
      </TrileInstance>
    </Entry>
    <Entry>
      <TrileEmplacement x="12" y="0" z="9"/>
      <TrileInstance trileId="527" orientation="3">
        <Position>
          <Vector3 x="12.0" y="0.4375" z="9.0"/>
        </Position>
        <OverlappedTriles>
          <TrileInstance trileId="432" orientation="2">
            <Position>
              <Vector3 x="12.0" y="0.0" z="9.0"/>
            </Position>
          </TrileInstance>
        </OverlappedTriles>
      </TrileInstance>
    </Entry>
    <Entry>
      <TrileEmplacement x="13" y="9" z="6"/>
      <TrileInstance trileId="431" orientation="2">
        <Position>
          <Vector3 x="13.0" y="9.0" z="6.0"/>
        </Position>
      </TrileInstance>
    </Entry>
    <Entry>
      <TrileEmplacement x="6" y="0" z="8"/>
      <TrileInstance trileId="527" orientation="1">
        <Position>
          <Vector3 x="6.0" y="0.4375" z="8.0"/>
        </Position>
        <OverlappedTriles>
          <TrileInstance trileId="432" orientation="2">
            <Position>
              <Vector3 x="6.0" y="0.0" z="8.0"/>
            </Position>
          </TrileInstance>
        </OverlappedTriles>
      </TrileInstance>
    </Entry>
    <Entry>
      <TrileEmplacement x="8" y="0" z="7"/>
      <TrileInstance trileId="527" orientation="2">
        <Position>
          <Vector3 x="8.0" y="0.4375" z="7.0"/>
        </Position>
        <OverlappedTriles>
          <TrileInstance trileId="432" orientation="2">
            <Position>
              <Vector3 x="8.0" y="0.0" z="7.0"/>
            </Position>
          </TrileInstance>
        </OverlappedTriles>
      </TrileInstance>
    </Entry>
    <Entry>
      <TrileEmplacement x="10" y="0" z="6"/>
      <TrileInstance trileId="432" orientation="2">
        <Position>
          <Vector3 x="10.0" y="0.0" z="6.0"/>
        </Position>
      </TrileInstance>
    </Entry>
    <Entry>
      <TrileEmplacement x="9" y="0" z="6"/>
      <TrileInstance trileId="432" orientation="2">
        <Position>
          <Vector3 x="9.0" y="0.0" z="6.0"/>
        </Position>
      </TrileInstance>
    </Entry>
    <Entry>
      <TrileEmplacement x="10" y="9" z="11"/>
      <TrileInstance trileId="426" orientation="2">
        <Position>
          <Vector3 x="10.0" y="9.0" z="11.0"/>
        </Position>
      </TrileInstance>
    </Entry>
    <Entry>
      <TrileEmplacement x="7" y="0" z="11"/>
      <TrileInstance trileId="433" orientation="2">
        <Position>
          <Vector3 x="7.0" y="0.0" z="11.0"/>
        </Position>
      </TrileInstance>
    </Entry>
    <Entry>
      <TrileEmplacement x="9" y="0" z="10"/>
      <TrileInstance trileId="527" orientation="0">
        <Position>
          <Vector3 x="9.0" y="0.4375" z="10.0"/>
        </Position>
        <OverlappedTriles>
          <TrileInstance trileId="432" orientation="2">
            <Position>
              <Vector3 x="9.0" y="0.0" z="10.0"/>
            </Position>
          </TrileInstance>
        </OverlappedTriles>
      </TrileInstance>
    </Entry>
    <Entry>
      <TrileEmplacement x="11" y="0" z="9"/>
      <TrileInstance trileId="527" orientation="3">
        <Position>
          <Vector3 x="11.0" y="0.4375" z="9.0"/>
        </Position>
        <OverlappedTriles>
          <TrileInstance trileId="432" orientation="2">
            <Position>
              <Vector3 x="11.0" y="0.0" z="9.0"/>
            </Position>
          </TrileInstance>
        </OverlappedTriles>
      </TrileInstance>
    </Entry>
    <Entry>
      <TrileEmplacement x="13" y="0" z="8"/>
      <TrileInstance trileId="433" orientation="2">
        <Position>
          <Vector3 x="13.0" y="0.0" z="8.0"/>
        </Position>
      </TrileInstance>
    </Entry>
    <Entry>
      <TrileEmplacement x="11" y="9" z="8"/>
      <TrileInstance trileId="431" orientation="2">
        <Position>
          <Vector3 x="11.0" y="9.0" z="8.0"/>
        </Position>
      </TrileInstance>
    </Entry>
    <Entry>
      <TrileEmplacement x="7" y="0" z="7"/>
      <TrileInstance trileId="308" orientation="1">
        <Position>
          <Vector3 x="7.0" y="0.4375" z="7.0"/>
        </Position>
        <OverlappedTriles>
          <TrileInstance trileId="432" orientation="2">
            <Position>
              <Vector3 x="7.0" y="0.0" z="7.0"/>
            </Position>
          </TrileInstance>
        </OverlappedTriles>
      </TrileInstance>
    </Entry>
    <Entry>
      <TrileEmplacement x="5" y="1" z="12"/>
      <TrileInstance trileId="427" orientation="3">
        <Position>
          <Vector3 x="5.0" y="1.0" z="12.0"/>
        </Position>
      </TrileInstance>
    </Entry>
    <Entry>
      <TrileEmplacement x="5" y="2" z="12"/>
      <TrileInstance trileId="427" orientation="3">
        <Position>
          <Vector3 x="5.0" y="2.0" z="12.0"/>
        </Position>
      </TrileInstance>
    </Entry>
    <Entry>
      <TrileEmplacement x="7" y="4" z="8"/>
      <TrileInstance trileId="527" orientation="1">
        <Position>
          <Vector3 x="7.0" y="4.4375" z="8.0"/>
        </Position>
      </TrileInstance>
    </Entry>
    <Entry>
      <TrileEmplacement x="6" y="4" z="8"/>
      <TrileInstance trileId="527" orientation="1">
        <Position>
          <Vector3 x="6.0" y="4.4375" z="8.0"/>
        </Position>
      </TrileInstance>
    </Entry>
    <Entry>
      <TrileEmplacement x="7" y="4" z="7"/>
      <TrileInstance trileId="308" orientation="1">
        <Position>
          <Vector3 x="7.0" y="4.4375" z="7.0"/>
        </Position>
      </TrileInstance>
    </Entry>
    <Entry>
      <TrileEmplacement x="6" y="4" z="7"/>
      <TrileInstance trileId="532" orientation="1">
        <Position>
          <Vector3 x="6.0" y="4.4375" z="7.0"/>
        </Position>
      </TrileInstance>
    </Entry>
    <Entry>
      <TrileEmplacement x="8" y="4" z="4"/>
      <TrileInstance trileId="527" orientation="2">
        <Position>
          <Vector3 x="8.0" y="4.4375" z="4.0"/>
        </Position>
      </TrileInstance>
    </Entry>
    <Entry>
      <TrileEmplacement x="7" y="4" z="6"/>
      <TrileInstance trileId="308" orientation="3">
        <Position>
          <Vector3 x="7.0" y="4.4375" z="6.0"/>
        </Position>
      </TrileInstance>
    </Entry>
    <Entry>
      <TrileEmplacement x="8" y="4" z="6"/>
      <TrileInstance trileId="527" orientation="2">
        <Position>
          <Vector3 x="8.0" y="4.4375" z="6.0"/>
        </Position>
      </TrileInstance>
    </Entry>
    <Entry>
      <TrileEmplacement x="6" y="4" z="6"/>
      <TrileInstance trileId="532" orientation="1">
        <Position>
          <Vector3 x="6.0" y="4.4375" z="6.0"/>
        </Position>
      </TrileInstance>
    </Entry>
    <Entry>
      <TrileEmplacement x="7" y="4" z="5"/>
      <TrileInstance trileId="308" orientation="3">
        <Position>
          <Vector3 x="7.0" y="4.4375" z="5.0"/>
        </Position>
      </TrileInstance>
    </Entry>
    <Entry>
      <TrileEmplacement x="9" y="2" z="11"/>
      <TrileInstance trileId="527" orientation="0">
        <Position>
          <Vector3 x="9.0" y="2.4375" z="11.0"/>
        </Position>
      </TrileInstance>
    </Entry>
    <Entry>
      <TrileEmplacement x="6" y="4" z="5"/>
      <TrileInstance trileId="532" orientation="1">
        <Position>
          <Vector3 x="6.0" y="4.4375" z="5.0"/>
        </Position>
      </TrileInstance>
    </Entry>
    <Entry>
      <TrileEmplacement x="8" y="4" z="5"/>
      <TrileInstance trileId="527" orientation="2">
        <Position>
          <Vector3 x="8.0" y="4.4375" z="5.0"/>
        </Position>
      </TrileInstance>
    </Entry>
    <Entry>
      <TrileEmplacement x="7" y="4" z="4"/>
      <TrileInstance trileId="532" orientation="0">
        <Position>
          <Vector3 x="7.0" y="4.4375" z="4.0"/>
        </Position>
      </TrileInstance>
    </Entry>
    <Entry>
      <TrileEmplacement x="6" y="4" z="4"/>
      <TrileInstance trileId="533" orientation="0">
        <Position>
          <Vector3 x="6.0" y="4.4375" z="4.0"/>
        </Position>
      </TrileInstance>
    </Entry>
    <Entry>
      <TrileEmplacement x="8" y="4" z="7"/>
      <TrileInstance trileId="527" orientation="2">
        <Position>
          <Vector3 x="8.0" y="4.4375" z="7.0"/>
        </Position>
      </TrileInstance>
    </Entry>
    <Entry>
      <TrileEmplacement x="9" y="2" z="10"/>
      <TrileInstance trileId="527" orientation="0">
        <Position>
          <Vector3 x="9.0" y="2.4375" z="10.0"/>
        </Position>
      </TrileInstance>
    </Entry>
    <Entry>
      <TrileEmplacement x="10" y="2" z="11"/>
      <TrileInstance trileId="532" orientation="2">
        <Position>
          <Vector3 x="10.0" y="2.4375" z="11.0"/>
        </Position>
      </TrileInstance>
    </Entry>
    <Entry>
      <TrileEmplacement x="10" y="2" z="10"/>
      <TrileInstance trileId="308" orientation="2">
        <Position>
          <Vector3 x="10.0" y="2.4375" z="10.0"/>
        </Position>
      </TrileInstance>
    </Entry>
    <Entry>
      <TrileEmplacement x="10" y="2" z="9"/>
      <TrileInstance trileId="527" orientation="3">
        <Position>
          <Vector3 x="10.0" y="2.4375" z="9.0"/>
        </Position>
      </TrileInstance>
    </Entry>
    <Entry>
      <TrileEmplacement x="11" y="2" z="11"/>
      <TrileInstance trileId="532" orientation="2">
        <Position>
          <Vector3 x="11.0" y="2.4375" z="11.0"/>
        </Position>
      </TrileInstance>
    </Entry>
    <Entry>
      <TrileEmplacement x="11" y="2" z="10"/>
      <TrileInstance trileId="308" orientation="2">
        <Position>
          <Vector3 x="11.0" y="2.4375" z="10.0"/>
        </Position>
      </TrileInstance>
    </Entry>
    <Entry>
      <TrileEmplacement x="11" y="2" z="9"/>
      <TrileInstance trileId="527" orientation="3">
        <Position>
          <Vector3 x="11.0" y="2.4375" z="9.0"/>
        </Position>
      </TrileInstance>
    </Entry>
    <Entry>
      <TrileEmplacement x="12" y="2" z="11"/>
      <TrileInstance trileId="532" orientation="2">
        <Position>
          <Vector3 x="12.0" y="2.4375" z="11.0"/>
        </Position>
      </TrileInstance>
    </Entry>
    <Entry>
      <TrileEmplacement x="12" y="2" z="10"/>
      <TrileInstance trileId="308" orientation="2">
        <Position>
          <Vector3 x="12.0" y="2.4375" z="10.0"/>
        </Position>
      </TrileInstance>
    </Entry>
    <Entry>
      <TrileEmplacement x="12" y="2" z="9"/>
      <TrileInstance trileId="527" orientation="3">
        <Position>
          <Vector3 x="12.0" y="2.4375" z="9.0"/>
        </Position>
      </TrileInstance>
    </Entry>
    <Entry>
      <TrileEmplacement x="13" y="2" z="11"/>
      <TrileInstance trileId="533" orientation="2">
        <Position>
          <Vector3 x="13.0" y="2.4375" z="11.0"/>
        </Position>
      </TrileInstance>
    </Entry>
    <Entry>
      <TrileEmplacement x="13" y="2" z="10"/>
      <TrileInstance trileId="532" orientation="3">
        <Position>
          <Vector3 x="13.0" y="2.4375" z="10.0"/>
        </Position>
      </TrileInstance>
    </Entry>
    <Entry>
      <TrileEmplacement x="13" y="2" z="9"/>
      <TrileInstance trileId="527" orientation="3">
        <Position>
          <Vector3 x="13.0" y="2.4375" z="9.0"/>
        </Position>
      </TrileInstance>
    </Entry>
    <Entry>
      <TrileEmplacement x="9" y="4" z="11"/>
      <TrileInstance trileId="527" orientation="0">
        <Position>
          <Vector3 x="9.0" y="4.4375" z="11.0"/>
        </Position>
      </TrileInstance>
    </Entry>
    <Entry>
      <TrileEmplacement x="9" y="4" z="10"/>
      <TrileInstance trileId="527" orientation="0">
        <Position>
          <Vector3 x="9.0" y="4.4375" z="10.0"/>
        </Position>
      </TrileInstance>
    </Entry>
    <Entry>
      <TrileEmplacement x="10" y="4" z="11"/>
      <TrileInstance trileId="532" orientation="2">
        <Position>
          <Vector3 x="10.0" y="4.4375" z="11.0"/>
        </Position>
      </TrileInstance>
    </Entry>
    <Entry>
      <TrileEmplacement x="10" y="4" z="10"/>
      <TrileInstance trileId="308" orientation="2">
        <Position>
          <Vector3 x="10.0" y="4.4375" z="10.0"/>
        </Position>
      </TrileInstance>
    </Entry>
    <Entry>
      <TrileEmplacement x="10" y="4" z="9"/>
      <TrileInstance trileId="527" orientation="3">
        <Position>
          <Vector3 x="10.0" y="4.4375" z="9.0"/>
        </Position>
      </TrileInstance>
    </Entry>
    <Entry>
      <TrileEmplacement x="11" y="4" z="11"/>
      <TrileInstance trileId="532" orientation="2">
        <Position>
          <Vector3 x="11.0" y="4.4375" z="11.0"/>
        </Position>
      </TrileInstance>
    </Entry>
    <Entry>
      <TrileEmplacement x="11" y="4" z="10"/>
      <TrileInstance trileId="308" orientation="2">
        <Position>
          <Vector3 x="11.0" y="4.4375" z="10.0"/>
        </Position>
      </TrileInstance>
    </Entry>
    <Entry>
      <TrileEmplacement x="11" y="4" z="9"/>
      <TrileInstance trileId="527" orientation="3">
        <Position>
          <Vector3 x="11.0" y="4.4375" z="9.0"/>
        </Position>
      </TrileInstance>
    </Entry>
    <Entry>
      <TrileEmplacement x="12" y="4" z="11"/>
      <TrileInstance trileId="532" orientation="2">
        <Position>
          <Vector3 x="12.0" y="4.4375" z="11.0"/>
        </Position>
      </TrileInstance>
    </Entry>
    <Entry>
      <TrileEmplacement x="12" y="4" z="10"/>
      <TrileInstance trileId="308" orientation="2">
        <Position>
          <Vector3 x="12.0" y="4.4375" z="10.0"/>
        </Position>
      </TrileInstance>
    </Entry>
    <Entry>
      <TrileEmplacement x="12" y="4" z="9"/>
      <TrileInstance trileId="527" orientation="3">
        <Position>
          <Vector3 x="12.0" y="4.4375" z="9.0"/>
        </Position>
      </TrileInstance>
    </Entry>
    <Entry>
      <TrileEmplacement x="13" y="4" z="11"/>
      <TrileInstance trileId="533" orientation="2">
        <Position>
          <Vector3 x="13.0" y="4.4375" z="11.0"/>
        </Position>
      </TrileInstance>
    </Entry>
    <Entry>
      <TrileEmplacement x="13" y="4" z="10"/>
      <TrileInstance trileId="532" orientation="3">
        <Position>
          <Vector3 x="13.0" y="4.4375" z="10.0"/>
        </Position>
      </TrileInstance>
    </Entry>
    <Entry>
      <TrileEmplacement x="13" y="4" z="9"/>
      <TrileInstance trileId="527" orientation="3">
        <Position>
          <Vector3 x="13.0" y="4.4375" z="9.0"/>
        </Position>
      </TrileInstance>
    </Entry>
    <Entry>
      <TrileEmplacement x="8" y="2" z="4"/>
      <TrileInstance trileId="527" orientation="2">
        <Position>
          <Vector3 x="8.0" y="2.4375" z="4.0"/>
        </Position>
      </TrileInstance>
    </Entry>
    <Entry>
      <TrileEmplacement x="7" y="2" z="6"/>
      <TrileInstance trileId="308" orientation="3">
        <Position>
          <Vector3 x="7.0" y="2.4375" z="6.0"/>
        </Position>
      </TrileInstance>
    </Entry>
    <Entry>
      <TrileEmplacement x="8" y="2" z="6"/>
      <TrileInstance trileId="527" orientation="2">
        <Position>
          <Vector3 x="8.0" y="2.4375" z="6.0"/>
        </Position>
      </TrileInstance>
    </Entry>
    <Entry>
      <TrileEmplacement x="6" y="2" z="7"/>
      <TrileInstance trileId="532" orientation="1">
        <Position>
          <Vector3 x="6.0" y="2.4375" z="7.0"/>
        </Position>
      </TrileInstance>
    </Entry>
    <Entry>
      <TrileEmplacement x="7" y="2" z="8"/>
      <TrileInstance trileId="527" orientation="1">
        <Position>
          <Vector3 x="7.0" y="2.4375" z="8.0"/>
        </Position>
      </TrileInstance>
    </Entry>
    <Entry>
      <TrileEmplacement x="6" y="2" z="8"/>
      <TrileInstance trileId="527" orientation="1">
        <Position>
          <Vector3 x="6.0" y="2.4375" z="8.0"/>
        </Position>
      </TrileInstance>
    </Entry>
    <Entry>
      <TrileEmplacement x="7" y="2" z="7"/>
      <TrileInstance trileId="308" orientation="1">
        <Position>
          <Vector3 x="7.0" y="2.4375" z="7.0"/>
        </Position>
      </TrileInstance>
    </Entry>
    <Entry>
      <TrileEmplacement x="7" y="2" z="4"/>
      <TrileInstance trileId="532" orientation="0">
        <Position>
          <Vector3 x="7.0" y="2.4375" z="4.0"/>
        </Position>
      </TrileInstance>
    </Entry>
    <Entry>
      <TrileEmplacement x="6" y="2" z="4"/>
      <TrileInstance trileId="533" orientation="0">
        <Position>
          <Vector3 x="6.0" y="2.4375" z="4.0"/>
        </Position>
      </TrileInstance>
    </Entry>
    <Entry>
      <TrileEmplacement x="8" y="2" z="7"/>
      <TrileInstance trileId="527" orientation="2">
        <Position>
          <Vector3 x="8.0" y="2.4375" z="7.0"/>
        </Position>
      </TrileInstance>
    </Entry>
    <Entry>
      <TrileEmplacement x="8" y="2" z="5"/>
      <TrileInstance trileId="527" orientation="2">
        <Position>
          <Vector3 x="8.0" y="2.4375" z="5.0"/>
        </Position>
      </TrileInstance>
    </Entry>
    <Entry>
      <TrileEmplacement x="6" y="2" z="6"/>
      <TrileInstance trileId="532" orientation="1">
        <Position>
          <Vector3 x="6.0" y="2.4375" z="6.0"/>
        </Position>
      </TrileInstance>
    </Entry>
    <Entry>
      <TrileEmplacement x="7" y="2" z="5"/>
      <TrileInstance trileId="308" orientation="3">
        <Position>
          <Vector3 x="7.0" y="2.4375" z="5.0"/>
        </Position>
      </TrileInstance>
    </Entry>
    <Entry>
      <TrileEmplacement x="6" y="2" z="5"/>
      <TrileInstance trileId="532" orientation="1">
        <Position>
          <Vector3 x="6.0" y="2.4375" z="5.0"/>
        </Position>
      </TrileInstance>
    </Entry>
  </Triles>
  <ArtObjects>
    <Entry key="0">
      <ArtObjectInstance name="BUNKBEDSAO">
        <Position>
          <Vector3 x="7.125" y="5.0" z="6.125"/>
        </Position>
        <Rotation>
          <Quaternion x="0.0" y="0.0" z="0.0" w="1.0"/>
        </Rotation>
        <Scale>
          <Vector3 x="1.0" y="1.0" z="1.0"/>
        </Scale>
        <ArtObjectActorSettings inactive="False" spinEvery="0.0" spinOffset="0.0" offCenter="False" timeswitchWindBackSpeed="0.0" containedTrile="None" spinView="None">
          <RotationCenter>
            <Vector3 x="0.0" y="0.0" z="0.0"/>
          </RotationCenter>
        </ArtObjectActorSettings>
      </ArtObjectInstance>
    </Entry>
    <Entry key="1">
      <ArtObjectInstance name="BUNKBEDSAO">
        <Position>
          <Vector3 x="11.875" y="5.0" z="10.875"/>
        </Position>
        <Rotation>
          <Quaternion x="0.0" y="0.707107007504" z="0.0" w="-0.707107007504"/>
        </Rotation>
        <Scale>
          <Vector3 x="1.0" y="1.0" z="1.0"/>
        </Scale>
        <ArtObjectActorSettings inactive="False" spinEvery="0.0" spinOffset="0.0" offCenter="False" timeswitchWindBackSpeed="0.0" containedTrile="None" spinView="None">
          <RotationCenter>
            <Vector3 x="0.0" y="0.0" z="0.0"/>
          </RotationCenter>
        </ArtObjectActorSettings>
      </ArtObjectInstance>
    </Entry>
    <Entry key="2">
      <ArtObjectInstance name="INT_CHAIRAO">
        <Position>
          <Vector3 x="13.125" y="1.5" z="5.0"/>
        </Position>
        <Rotation>
          <Quaternion x="0.0" y="0.707107007504" z="0.0" w="0.707107007504"/>
        </Rotation>
        <Scale>
          <Vector3 x="1.0" y="1.0" z="1.0"/>
        </Scale>
        <ArtObjectActorSettings inactive="False" spinEvery="0.0" spinOffset="0.0" offCenter="False" timeswitchWindBackSpeed="0.0" containedTrile="None" spinView="None">
          <RotationCenter>
            <Vector3 x="0.0" y="0.0" z="0.0"/>
          </RotationCenter>
        </ArtObjectActorSettings>
      </ArtObjectInstance>
    </Entry>
    <Entry key="3">
      <ArtObjectInstance name="INT_PARLOR_BOOKS_AAO">
        <Position>
          <Vector3 x="12.125" y="1.5" z="6.0"/>
        </Position>
        <Rotation>
          <Quaternion x="0.0" y="0.0" z="0.0" w="1.0"/>
        </Rotation>
        <Scale>
          <Vector3 x="1.0" y="1.0" z="1.0"/>
        </Scale>
        <ArtObjectActorSettings inactive="False" spinEvery="0.0" spinOffset="0.0" offCenter="False" timeswitchWindBackSpeed="0.0" containedTrile="None" spinView="None">
          <RotationCenter>
            <Vector3 x="0.0" y="0.0" z="0.0"/>
          </RotationCenter>
        </ArtObjectActorSettings>
      </ArtObjectInstance>
    </Entry>
    <Entry key="4">
      <ArtObjectInstance name="INT_PARLOR_BOOKS_AAO">
        <Position>
          <Vector3 x="10.75" y="6.0625" z="11.0"/>
        </Position>
        <Rotation>
          <Quaternion x="0.0" y="0.707107007504" z="0.0" w="0.707107007504"/>
        </Rotation>
        <Scale>
          <Vector3 x="1.0" y="1.0" z="1.0"/>
        </Scale>
        <ArtObjectActorSettings inactive="False" spinEvery="0.0" spinOffset="0.0" offCenter="False" timeswitchWindBackSpeed="0.0" containedTrile="None" spinView="None">
          <RotationCenter>
            <Vector3 x="0.0" y="0.0" z="0.0"/>
          </RotationCenter>
        </ArtObjectActorSettings>
      </ArtObjectInstance>
    </Entry>
    <Entry key="5">
      <ArtObjectInstance name="INT_BOILER_PIPE_NUZUAO">
        <Position>
          <Vector3 x="8.0" y="7.0" z="6.5"/>
        </Position>
        <Rotation>
          <Quaternion x="0.0" y="0.0" z="0.0" w="1.0"/>
        </Rotation>
        <Scale>
          <Vector3 x="1.0" y="1.0" z="1.0"/>
        </Scale>
        <ArtObjectActorSettings inactive="False" spinEvery="0.0" spinOffset="0.0" offCenter="False" timeswitchWindBackSpeed="0.0" containedTrile="None" spinView="None">
          <RotationCenter>
            <Vector3 x="0.0" y="0.0" z="0.0"/>
          </RotationCenter>
        </ArtObjectActorSettings>
      </ArtObjectInstance>
    </Entry>
  </ArtObjects>
  <BackgroundPlanes>
    <Entry key="5">
      <BackgroundPlane textureName="COBWEB_A" lightMap="False" allowOverbrightness="False" animated="False" doubleSided="False" opacity="1.0" billboard="False" syncWithSamples="False" crosshatch="False" unknown="False" alwaysOnTop="False" fullbright="False" pixelatedLightmap="False" xTextureRepeat="False" yTextureRepeat="False" clampTexture="False" parallaxFactor="0.0" filter="#FFFFFFFF" actorType="None">
        <Position>
          <Vector3 x="13.9375" y="8.0" z="5.0"/>
        </Position>
        <Rotation>
          <Quaternion x="0.0" y="-0.707107007504" z="0.0" w="0.707107007504"/>
        </Rotation>
        <Scale>
          <Vector3 x="1.0" y="1.0" z="1.0"/>
        </Scale>
      </BackgroundPlane>
    </Entry>
    <Entry key="6">
      <BackgroundPlane textureName="COBWEB_A" lightMap="False" allowOverbrightness="False" animated="False" doubleSided="False" opacity="1.0" billboard="False" syncWithSamples="False" crosshatch="False" unknown="False" alwaysOnTop="False" fullbright="False" pixelatedLightmap="False" xTextureRepeat="False" yTextureRepeat="False" clampTexture="False" parallaxFactor="0.0" filter="#FFFFFFFF" actorType="None">
        <Position>
          <Vector3 x="6.0625" y="8.0" z="11.0"/>
        </Position>
        <Rotation>
          <Quaternion x="0.0" y="-0.707107007504" z="0.0" w="-0.707107007504"/>
        </Rotation>
        <Scale>
          <Vector3 x="1.0" y="1.0" z="1.0"/>
        </Scale>
      </BackgroundPlane>
    </Entry>
    <Entry key="7">
      <BackgroundPlane textureName="COBWEB_B" lightMap="False" allowOverbrightness="False" animated="False" doubleSided="False" opacity="1.0" billboard="False" syncWithSamples="False" crosshatch="False" unknown="False" alwaysOnTop="False" fullbright="False" pixelatedLightmap="False" xTextureRepeat="False" yTextureRepeat="False" clampTexture="False" parallaxFactor="0.0" filter="#FFFFFFFF" actorType="None">
        <Position>
          <Vector3 x="13.9375" y="8.0" z="11.0"/>
        </Position>
        <Rotation>
          <Quaternion x="0.0" y="-0.707107007504" z="0.0" w="0.707107007504"/>
        </Rotation>
        <Scale>
          <Vector3 x="1.0" y="1.0" z="1.0"/>
        </Scale>
      </BackgroundPlane>
    </Entry>
    <Entry key="8">
      <BackgroundPlane textureName="COBWEB_B" lightMap="False" allowOverbrightness="False" animated="False" doubleSided="False" opacity="1.0" billboard="False" syncWithSamples="False" crosshatch="False" unknown="False" alwaysOnTop="False" fullbright="False" pixelatedLightmap="False" xTextureRepeat="False" yTextureRepeat="False" clampTexture="False" parallaxFactor="0.0" filter="#FFFFFFFF" actorType="None">
        <Position>
          <Vector3 x="7.0" y="8.0" z="11.9375"/>
        </Position>
        <Rotation>
          <Quaternion x="0.0" y="1.0" z="0.0" w="0.0"/>
        </Rotation>
        <Scale>
          <Vector3 x="1.0" y="1.0" z="1.0"/>
        </Scale>
      </BackgroundPlane>
    </Entry>
    <Entry key="9">
      <BackgroundPlane textureName="COBWEB_B" lightMap="False" allowOverbrightness="False" animated="False" doubleSided="False" opacity="1.0" billboard="False" syncWithSamples="False" crosshatch="False" unknown="False" alwaysOnTop="False" fullbright="False" pixelatedLightmap="False" xTextureRepeat="False" yTextureRepeat="False" clampTexture="False" parallaxFactor="0.0" filter="#FFFFFFFF" actorType="None">
        <Position>
          <Vector3 x="13.0" y="8.0" z="4.0625"/>
        </Position>
        <Rotation>
          <Quaternion x="0.0" y="0.0" z="0.0" w="1.0"/>
        </Rotation>
        <Scale>
          <Vector3 x="1.0" y="1.0" z="1.0"/>
        </Scale>
      </BackgroundPlane>
    </Entry>
    <Entry key="10">
      <BackgroundPlane textureName="COBWEB_A" lightMap="False" allowOverbrightness="False" animated="False" doubleSided="False" opacity="1.0" billboard="False" syncWithSamples="False" crosshatch="False" unknown="False" alwaysOnTop="False" fullbright="False" pixelatedLightmap="False" xTextureRepeat="False" yTextureRepeat="False" clampTexture="False" parallaxFactor="0.0" filter="#FFFFFFFF" actorType="None">
        <Position>
          <Vector3 x="13.0" y="8.0" z="11.9375"/>
        </Position>
        <Rotation>
          <Quaternion x="0.0" y="1.0" z="0.0" w="0.0"/>
        </Rotation>
        <Scale>
          <Vector3 x="1.0" y="1.0" z="1.0"/>
        </Scale>
      </BackgroundPlane>
    </Entry>
    <Entry key="13">
      <BackgroundPlane textureName="DORM_A" lightMap="False" allowOverbrightness="False" animated="False" doubleSided="False" opacity="1.0" billboard="False" syncWithSamples="False" crosshatch="False" unknown="False" alwaysOnTop="False" fullbright="False" pixelatedLightmap="False" xTextureRepeat="False" yTextureRepeat="False" clampTexture="False" parallaxFactor="0.0" filter="#FFFFFFFF" actorType="None">
        <Position>
          <Vector3 x="10.0" y="5.0" z="4.0"/>
        </Position>
        <Rotation>
          <Quaternion x="0.0" y="0.0" z="0.0" w="-1.0"/>
        </Rotation>
        <Scale>
          <Vector3 x="1.0" y="1.0" z="1.0"/>
        </Scale>
      </BackgroundPlane>
    </Entry>
    <Entry key="14">
      <BackgroundPlane textureName="DORM_A" lightMap="False" allowOverbrightness="False" animated="False" doubleSided="False" opacity="1.0" billboard="False" syncWithSamples="False" crosshatch="False" unknown="False" alwaysOnTop="False" fullbright="False" pixelatedLightmap="False" xTextureRepeat="False" yTextureRepeat="False" clampTexture="False" parallaxFactor="0.0" filter="#FFFFFFFF" actorType="None">
        <Position>
          <Vector3 x="14.0" y="5.0" z="8.0"/>
        </Position>
        <Rotation>
          <Quaternion x="0.0" y="0.707107007504" z="0.0" w="-0.707107007504"/>
        </Rotation>
        <Scale>
          <Vector3 x="1.0" y="1.0" z="1.0"/>
        </Scale>
      </BackgroundPlane>
    </Entry>
    <Entry key="12">
      <BackgroundPlane textureName="DORM_A" lightMap="False" allowOverbrightness="False" animated="False" doubleSided="False" opacity="1.0" billboard="False" syncWithSamples="False" crosshatch="False" unknown="False" alwaysOnTop="False" fullbright="False" pixelatedLightmap="False" xTextureRepeat="False" yTextureRepeat="False" clampTexture="False" parallaxFactor="0.0" filter="#FFFFFFFF" actorType="None">
        <Position>
          <Vector3 x="10.0" y="5.0" z="12.0"/>
        </Position>
        <Rotation>
          <Quaternion x="0.0" y="1.0" z="0.0" w="0.0"/>
        </Rotation>
        <Scale>
          <Vector3 x="1.0" y="1.0" z="1.0"/>
        </Scale>
      </BackgroundPlane>
    </Entry>
    <Entry key="11">
      <BackgroundPlane textureName="DORM_B" lightMap="False" allowOverbrightness="False" animated="False" doubleSided="False" opacity="1.0" billboard="False" syncWithSamples="False" crosshatch="False" unknown="False" alwaysOnTop="False" fullbright="False" pixelatedLightmap="False" xTextureRepeat="False" yTextureRepeat="False" clampTexture="False" parallaxFactor="0.0" filter="#FFFFFFFF" actorType="None">
        <Position>
          <Vector3 x="6.0" y="5.0" z="8.0"/>
        </Position>
        <Rotation>
          <Quaternion x="0.0" y="0.707107007504" z="0.0" w="0.707107007504"/>
        </Rotation>
        <Scale>
          <Vector3 x="1.0" y="1.0" z="1.0"/>
        </Scale>
      </BackgroundPlane>
    </Entry>
    <Entry key="15">
      <BackgroundPlane textureName="DORM_PICS_C" lightMap="False" allowOverbrightness="False" animated="False" doubleSided="False" opacity="1.0" billboard="False" syncWithSamples="False" crosshatch="False" unknown="False" alwaysOnTop="False" fullbright="False" pixelatedLightmap="False" xTextureRepeat="False" yTextureRepeat="False" clampTexture="False" parallaxFactor="0.0" filter="#FFFFFFFF" actorType="None">
        <Position>
          <Vector3 x="11.25" y="2.25" z="11.9375"/>
        </Position>
        <Rotation>
          <Quaternion x="0.0" y="1.0" z="0.0" w="0.0"/>
        </Rotation>
        <Scale>
          <Vector3 x="1.0" y="1.0" z="1.0"/>
        </Scale>
      </BackgroundPlane>
    </Entry>
    <Entry key="16">
      <BackgroundPlane textureName="DORM_PICS_B" lightMap="False" allowOverbrightness="False" animated="False" doubleSided="False" opacity="1.0" billboard="False" syncWithSamples="False" crosshatch="False" unknown="False" alwaysOnTop="False" fullbright="False" pixelatedLightmap="False" xTextureRepeat="False" yTextureRepeat="False" clampTexture="False" parallaxFactor="0.0" filter="#FFFFFFFF" actorType="None">
        <Position>
          <Vector3 x="13.0" y="4.3125" z="11.875"/>
        </Position>
        <Rotation>
          <Quaternion x="0.0" y="1.0" z="0.0" w="0.0"/>
        </Rotation>
        <Scale>
          <Vector3 x="1.0" y="1.0" z="1.0"/>
        </Scale>
      </BackgroundPlane>
    </Entry>
    <Entry key="17">
      <BackgroundPlane textureName="DORM_PICS_A" lightMap="False" allowOverbrightness="False" animated="False" doubleSided="False" opacity="1.0" billboard="False" syncWithSamples="False" crosshatch="False" unknown="False" alwaysOnTop="False" fullbright="False" pixelatedLightmap="False" xTextureRepeat="False" yTextureRepeat="False" clampTexture="False" parallaxFactor="0.0" filter="#FFFFFFFF" actorType="None">
        <Position>
          <Vector3 x="6.0625" y="2.1875" z="5.0"/>
        </Position>
        <Rotation>
          <Quaternion x="0.0" y="0.707107007504" z="0.0" w="0.707107007504"/>
        </Rotation>
        <Scale>
          <Vector3 x="1.0" y="1.0" z="1.0"/>
        </Scale>
      </BackgroundPlane>
    </Entry>
    <Entry key="18">
      <BackgroundPlane textureName="DORM_PICS_C" lightMap="False" allowOverbrightness="False" animated="False" doubleSided="False" opacity="1.0" billboard="False" syncWithSamples="False" crosshatch="False" unknown="False" alwaysOnTop="False" fullbright="False" pixelatedLightmap="False" xTextureRepeat="False" yTextureRepeat="False" clampTexture="False" parallaxFactor="0.0" filter="#FFFFFFFF" actorType="None">
        <Position>
          <Vector3 x="6.75" y="4.1875" z="4.0625"/>
        </Position>
        <Rotation>
          <Quaternion x="0.0" y="0.0" z="0.0" w="-1.0"/>
        </Rotation>
        <Scale>
          <Vector3 x="1.0" y="1.0" z="1.0"/>
        </Scale>
      </BackgroundPlane>
    </Entry>
    <Entry key="19">
      <BackgroundPlane textureName="DORM_DS" lightMap="False" allowOverbrightness="False" animated="False" doubleSided="False" opacity="1.0" billboard="False" syncWithSamples="False" crosshatch="False" unknown="False" alwaysOnTop="False" fullbright="False" pixelatedLightmap="False" xTextureRepeat="False" yTextureRepeat="False" clampTexture="False" parallaxFactor="0.0" filter="#FFFFFFFF" actorType="None">
        <Position>
          <Vector3 x="6.0625" y="2.1875" z="7.0"/>
        </Position>
        <Rotation>
          <Quaternion x="0.0" y="-0.707107007504" z="0.0" w="-0.707107007504"/>
        </Rotation>
        <Scale>
          <Vector3 x="1.0" y="1.0" z="1.0"/>
        </Scale>
      </BackgroundPlane>
    </Entry>
    <Entry key="20">
      <BackgroundPlane textureName="DORM_DS" lightMap="False" allowOverbrightness="False" animated="False" doubleSided="False" opacity="1.0" billboard="False" syncWithSamples="False" crosshatch="False" unknown="False" alwaysOnTop="False" fullbright="False" pixelatedLightmap="False" xTextureRepeat="False" yTextureRepeat="False" clampTexture="False" parallaxFactor="0.0" filter="#FFFFFFFF" actorType="None">
        <Position>
          <Vector3 x="13.0" y="4.1875" z="11.9375"/>
        </Position>
        <Rotation>
          <Quaternion x="0.0" y="1.0" z="0.0" w="0.0"/>
        </Rotation>
        <Scale>
          <Vector3 x="1.0" y="1.0" z="1.0"/>
        </Scale>
      </BackgroundPlane>
    </Entry>
    <Entry key="21">
      <BackgroundPlane textureName="DORM_DS" lightMap="False" allowOverbrightness="False" animated="False" doubleSided="False" opacity="1.0" billboard="False" syncWithSamples="False" crosshatch="False" unknown="False" alwaysOnTop="False" fullbright="False" pixelatedLightmap="False" xTextureRepeat="False" yTextureRepeat="False" clampTexture="False" parallaxFactor="0.0" filter="#FFFFFFFF" actorType="None">
        <Position>
          <Vector3 x="13.9375" y="4.1875" z="11.0"/>
        </Position>
        <Rotation>
          <Quaternion x="0.0" y="0.707107007504" z="0.0" w="-0.707107007504"/>
        </Rotation>
        <Scale>
          <Vector3 x="1.0" y="1.0" z="1.0"/>
        </Scale>
      </BackgroundPlane>
    </Entry>
    <Entry key="22">
      <BackgroundPlane textureName="DORM_DS" lightMap="False" allowOverbrightness="False" animated="False" doubleSided="False" opacity="1.0" billboard="False" syncWithSamples="False" crosshatch="False" unknown="False" alwaysOnTop="False" fullbright="False" pixelatedLightmap="False" xTextureRepeat="False" yTextureRepeat="False" clampTexture="False" parallaxFactor="0.0" filter="#FFFFFFFF" actorType="None">
        <Position>
          <Vector3 x="11.0" y="2.1875" z="11.9375"/>
        </Position>
        <Rotation>
          <Quaternion x="0.0" y="1.0" z="0.0" w="0.0"/>
        </Rotation>
        <Scale>
          <Vector3 x="1.0" y="1.0" z="1.0"/>
        </Scale>
      </BackgroundPlane>
    </Entry>
    <Entry key="23">
      <BackgroundPlane textureName="DORM_DS" lightMap="False" allowOverbrightness="False" animated="False" doubleSided="False" opacity="1.0" billboard="False" syncWithSamples="False" crosshatch="False" unknown="False" alwaysOnTop="False" fullbright="False" pixelatedLightmap="False" xTextureRepeat="False" yTextureRepeat="False" clampTexture="False" parallaxFactor="0.0" filter="#FFFFFFFF" actorType="None">
        <Position>
          <Vector3 x="11.0" y="4.1875" z="11.9375"/>
        </Position>
        <Rotation>
          <Quaternion x="0.0" y="1.0" z="0.0" w="0.0"/>
        </Rotation>
        <Scale>
          <Vector3 x="1.0" y="1.0" z="1.0"/>
        </Scale>
      </BackgroundPlane>
    </Entry>
    <Entry key="24">
      <BackgroundPlane textureName="DORM_DS" lightMap="False" allowOverbrightness="False" animated="False" doubleSided="False" opacity="1.0" billboard="False" syncWithSamples="False" crosshatch="False" unknown="False" alwaysOnTop="False" fullbright="False" pixelatedLightmap="False" xTextureRepeat="False" yTextureRepeat="False" clampTexture="False" parallaxFactor="0.0" filter="#FFFFFFFF" actorType="None">
        <Position>
          <Vector3 x="6.0625" y="4.1875" z="7.0"/>
        </Position>
        <Rotation>
          <Quaternion x="0.0" y="-0.707107007504" z="0.0" w="-0.707107007504"/>
        </Rotation>
        <Scale>
          <Vector3 x="1.0" y="1.0" z="1.0"/>
        </Scale>
      </BackgroundPlane>
    </Entry>
    <Entry key="25">
      <BackgroundPlane textureName="DORM_DS" lightMap="False" allowOverbrightness="False" animated="False" doubleSided="False" opacity="1.0" billboard="False" syncWithSamples="False" crosshatch="False" unknown="False" alwaysOnTop="False" fullbright="False" pixelatedLightmap="False" xTextureRepeat="False" yTextureRepeat="False" clampTexture="False" parallaxFactor="0.0" filter="#FFFFFFFF" actorType="None">
        <Position>
          <Vector3 x="7.0" y="2.1875" z="4.0625"/>
        </Position>
        <Rotation>
          <Quaternion x="0.0" y="0.0" z="0.0" w="1.0"/>
        </Rotation>
        <Scale>
          <Vector3 x="1.0" y="1.0" z="1.0"/>
        </Scale>
      </BackgroundPlane>
    </Entry>
    <Entry key="26">
      <BackgroundPlane textureName="DORM_DS" lightMap="False" allowOverbrightness="False" animated="False" doubleSided="False" opacity="1.0" billboard="False" syncWithSamples="False" crosshatch="False" unknown="False" alwaysOnTop="False" fullbright="False" pixelatedLightmap="False" xTextureRepeat="False" yTextureRepeat="False" clampTexture="False" parallaxFactor="0.0" filter="#FFFFFFFF" actorType="None">
        <Position>
          <Vector3 x="6.0625" y="2.1875" z="5.0"/>
        </Position>
        <Rotation>
          <Quaternion x="0.0" y="-0.707107007504" z="0.0" w="-0.707107007504"/>
        </Rotation>
        <Scale>
          <Vector3 x="1.0" y="1.0" z="1.0"/>
        </Scale>
      </BackgroundPlane>
    </Entry>
    <Entry key="27">
      <BackgroundPlane textureName="DORM_DS" lightMap="False" allowOverbrightness="False" animated="False" doubleSided="False" opacity="1.0" billboard="False" syncWithSamples="False" crosshatch="False" unknown="False" alwaysOnTop="False" fullbright="False" pixelatedLightmap="False" xTextureRepeat="False" yTextureRepeat="False" clampTexture="False" parallaxFactor="0.0" filter="#FFFFFFFF" actorType="None">
        <Position>
          <Vector3 x="6.0625" y="4.1875" z="5.0"/>
        </Position>
        <Rotation>
          <Quaternion x="0.0" y="-0.707107007504" z="0.0" w="-0.707107007504"/>
        </Rotation>
        <Scale>
          <Vector3 x="1.0" y="1.0" z="1.0"/>
        </Scale>
      </BackgroundPlane>
    </Entry>
    <Entry key="28">
      <BackgroundPlane textureName="DORM_DS" lightMap="False" allowOverbrightness="False" animated="False" doubleSided="False" opacity="1.0" billboard="False" syncWithSamples="False" crosshatch="False" unknown="False" alwaysOnTop="False" fullbright="False" pixelatedLightmap="False" xTextureRepeat="False" yTextureRepeat="False" clampTexture="False" parallaxFactor="0.0" filter="#FFFFFFFF" actorType="None">
        <Position>
          <Vector3 x="7.0" y="4.1875" z="4.0625"/>
        </Position>
        <Rotation>
          <Quaternion x="0.0" y="0.0" z="0.0" w="1.0"/>
        </Rotation>
        <Scale>
          <Vector3 x="1.0" y="1.0" z="1.0"/>
        </Scale>
      </BackgroundPlane>
    </Entry>
    <Entry key="29">
      <BackgroundPlane textureName="DORM_DS" lightMap="False" allowOverbrightness="False" animated="False" doubleSided="False" opacity="1.0" billboard="False" syncWithSamples="False" crosshatch="False" unknown="False" alwaysOnTop="False" fullbright="False" pixelatedLightmap="False" xTextureRepeat="False" yTextureRepeat="False" clampTexture="False" parallaxFactor="0.0" filter="#FFFFFFFF" actorType="None">
        <Position>
          <Vector3 x="13.0" y="2.1875" z="11.9375"/>
        </Position>
        <Rotation>
          <Quaternion x="0.0" y="1.0" z="0.0" w="0.0"/>
        </Rotation>
        <Scale>
          <Vector3 x="1.0" y="1.0" z="1.0"/>
        </Scale>
      </BackgroundPlane>
    </Entry>
    <Entry key="30">
      <BackgroundPlane textureName="DORM_DS" lightMap="False" allowOverbrightness="False" animated="False" doubleSided="False" opacity="1.0" billboard="False" syncWithSamples="False" crosshatch="False" unknown="False" alwaysOnTop="False" fullbright="False" pixelatedLightmap="False" xTextureRepeat="False" yTextureRepeat="False" clampTexture="False" parallaxFactor="0.0" filter="#FFFFFFFF" actorType="None">
        <Position>
          <Vector3 x="13.9375" y="2.1875" z="11.0"/>
        </Position>
        <Rotation>
          <Quaternion x="0.0" y="0.707107007504" z="0.0" w="-0.707107007504"/>
        </Rotation>
        <Scale>
          <Vector3 x="1.0" y="1.0" z="1.0"/>
        </Scale>
      </BackgroundPlane>
    </Entry>
    <Entry key="31">
      <BackgroundPlane textureName="DORM_PICS_C" lightMap="False" allowOverbrightness="False" animated="False" doubleSided="False" opacity="1.0" billboard="False" syncWithSamples="False" crosshatch="False" unknown="False" alwaysOnTop="False" fullbright="False" pixelatedLightmap="False" xTextureRepeat="False" yTextureRepeat="False" clampTexture="False" parallaxFactor="0.0" filter="#FFFFFFFF" actorType="None">
        <Position>
          <Vector3 x="6.0625" y="6.125" z="6.75"/>
        </Position>
        <Rotation>
          <Quaternion x="0.0" y="0.707107007504" z="0.0" w="0.707107007504"/>
        </Rotation>
        <Scale>
          <Vector3 x="1.0" y="1.0" z="1.0"/>
        </Scale>
      </BackgroundPlane>
    </Entry>
    <Entry key="32">
      <BackgroundPlane textureName="DORM_PICS_A" lightMap="False" allowOverbrightness="False" animated="False" doubleSided="False" opacity="1.0" billboard="False" syncWithSamples="False" crosshatch="False" unknown="False" alwaysOnTop="False" fullbright="False" pixelatedLightmap="False" xTextureRepeat="False" yTextureRepeat="False" clampTexture="False" parallaxFactor="0.0" filter="#FFFFFFFF" actorType="None">
        <Position>
          <Vector3 x="13.875" y="2.125" z="11.0"/>
        </Position>
        <Rotation>
          <Quaternion x="0.0" y="0.707107007504" z="0.0" w="-0.707107007504"/>
        </Rotation>
        <Scale>
          <Vector3 x="1.0" y="1.0" z="1.0"/>
        </Scale>
      </BackgroundPlane>
    </Entry>
  </BackgroundPlanes>
  <Groups>
    <Entry key="1">
      <TrileGroup heavy="False" geyserOffset="0.0" geyserPauseFor="0.0" geyserLiftFor="0.0" geyserApexHeight="0.0" spinClockwise="False" spinFrequency="0.0" spinNeedsTriggering="False" spin180Degrees="False" fallOnRotate="False" spinOffset="0.0" actorType="None">
        <Triles>
          <TrileInstance trileId="527" orientation="1">
            <Position>
              <Vector3 x="7.0" y="2.4375" z="8.0"/>
            </Position>
          </TrileInstance>
          <TrileInstance trileId="527" orientation="1">
            <Position>
              <Vector3 x="6.0" y="2.4375" z="8.0"/>
            </Position>
          </TrileInstance>
          <TrileInstance trileId="308" orientation="1">
            <Position>
              <Vector3 x="7.0" y="2.4375" z="7.0"/>
            </Position>
          </TrileInstance>
          <TrileInstance trileId="527" orientation="2">
            <Position>
              <Vector3 x="8.0" y="2.4375" z="4.0"/>
            </Position>
          </TrileInstance>
          <TrileInstance trileId="308" orientation="3">
            <Position>
              <Vector3 x="7.0" y="2.4375" z="6.0"/>
            </Position>
          </TrileInstance>
          <TrileInstance trileId="527" orientation="2">
            <Position>
              <Vector3 x="8.0" y="2.4375" z="6.0"/>
            </Position>
          </TrileInstance>
          <TrileInstance trileId="308" orientation="3">
            <Position>
              <Vector3 x="7.0" y="2.4375" z="5.0"/>
            </Position>
          </TrileInstance>
          <TrileInstance trileId="527" orientation="2">
            <Position>
              <Vector3 x="8.0" y="2.4375" z="5.0"/>
            </Position>
          </TrileInstance>
          <TrileInstance trileId="527" orientation="2">
            <Position>
              <Vector3 x="8.0" y="2.4375" z="7.0"/>
            </Position>
          </TrileInstance>
          <TrileInstance trileId="532" orientation="1">
            <Position>
              <Vector3 x="6.0" y="2.4375" z="7.0"/>
            </Position>
          </TrileInstance>
          <TrileInstance trileId="532" orientation="1">
            <Position>
              <Vector3 x="6.0" y="2.4375" z="6.0"/>
            </Position>
          </TrileInstance>
          <TrileInstance trileId="532" orientation="1">
            <Position>
              <Vector3 x="6.0" y="2.4375" z="5.0"/>
            </Position>
          </TrileInstance>
          <TrileInstance trileId="532" orientation="0">
            <Position>
              <Vector3 x="7.0" y="2.4375" z="4.0"/>
            </Position>
          </TrileInstance>
          <TrileInstance trileId="533" orientation="0">
            <Position>
              <Vector3 x="6.0" y="2.4375" z="4.0"/>
            </Position>
          </TrileInstance>
        </Triles>
        <SpinCenter>
          <Vector3 x="0.0" y="0.0" z="0.0"/>
        </SpinCenter>
      </TrileGroup>
    </Entry>
  </Groups>
  <NonplayerCharacters/>
  <Paths/>
  <MutedLoops/>
  <AmbienceTracks>
    <AmbienceTrack dawn="True" day="True" dusk="True" night="True" name="Ambience ^ industrial_city"/>
    <AmbienceTrack dawn="True" day="True" dusk="True" night="True" name="Ambience ^ rain"/>
  </AmbienceTracks>
</Level>
