<?xml version='1.0' encoding='UTF-8'?>
<Level flat="False" skipPostprocess="True" baseDiffuse="0.930000007153" baseAmbient="0.810000002384" haloFiltering="True" blinkingAlpha="False" loops="False" waterHeight="0.0" skyName="BLACK" fapFadeoutStart="0" fapFadeoutLength="0" descending="False" rainy="False" lowPass="True" quantum="False" name="NUZU_ABANDONED_A" waterType="None" trileSetName="Untitled" songName="Cave" nodeType="Lesser">
  <Size>
    <Vector3 x="15.0" y="13.0" z="18.0"/>
  </Size>
  <StartingPosition>
    <TrileFace face="Left">
      <TrileId>
        <TrileEmplacement x="6" y="0" z="7"/>
      </TrileId>
    </TrileFace>
  </StartingPosition>
  <Volumes>
    <Entry key="0">
      <Volume>
        <Orientations>
          <FaceOrientation>Back</FaceOrientation>
          <FaceOrientation>Left</FaceOrientation>
          <FaceOrientation>Right</FaceOrientation>
          <FaceOrientation>Front</FaceOrientation>
        </Orientations>
        <From>
          <Vector3 x="5.0" y="1.0" z="3.0"/>
        </From>
        <To>
          <Vector3 x="15.0" y="9.0" z="13.0"/>
        </To>
      </Volume>
    </Entry>
    <Entry key="1">
      <Volume>
        <Orientations>
          <FaceOrientation>Back</FaceOrientation>
        </Orientations>
        <From>
          <Vector3 x="12.5" y="1.0" z="11.0"/>
        </From>
        <To>
          <Vector3 x="13.5" y="3.0" z="12.0"/>
        </To>
      </Volume>
    </Entry>
  </Volumes>
  <Scripts>
    <Entry key="1">
      <Script name="Untitled" oneTime="False" triggerless="False" ignoreEndTriggers="False" levelWideOneTime="False" disabled="False" isWinCondition="False">
        <Triggers>
          <ScriptTrigger event="Enter">
            <Entity entityType="Volume" identifier="0"/>
          </ScriptTrigger>
        </Triggers>
        <Actions>
          <ScriptAction operation="FocusCamera" killswitch="False" blocking="False">
            <Entity entityType="Volume" identifier="0"/>
            <Arguments>
              <Entry>4</Entry>
            </Arguments>
          </ScriptAction>
        </Actions>
      </Script>
    </Entry>
    <Entry key="2">
      <Script name="Untitled" oneTime="False" triggerless="False" ignoreEndTriggers="False" levelWideOneTime="False" disabled="False" isWinCondition="False">
        <Triggers>
          <ScriptTrigger event="Enter">
            <Entity entityType="Volume" identifier="1"/>
          </ScriptTrigger>
        </Triggers>
        <Actions>
          <ScriptAction operation="ChangeLevelToVolume" killswitch="False" blocking="False">
            <Entity entityType="Level"/>
            <Arguments>
              <Entry>INDUSTRIAL_CITY</Entry>
              <Entry>4</Entry>
              <Entry>True</Entry>
              <Entry>True</Entry>
              <Entry>False</Entry>
            </Arguments>
          </ScriptAction>
        </Actions>
      </Script>
    </Entry>
  </Scripts>
  <Triles>
    <Entry>
      <TrileEmplacement x="6" y="9" z="11"/>
      <TrileInstance trileId="426" orientation="2">
        <Position>
          <Vector3 x="6.0" y="9.0" z="11.0"/>
        </Position>
      </TrileInstance>
    </Entry>
    <Entry>
      <TrileEmplacement x="6" y="9" z="10"/>
      <TrileInstance trileId="431" orientation="2">
        <Position>
          <Vector3 x="6.0" y="9.0" z="10.0"/>
        </Position>
      </TrileInstance>
    </Entry>
    <Entry>
      <TrileEmplacement x="6" y="9" z="9"/>
      <TrileInstance trileId="426" orientation="2">
        <Position>
          <Vector3 x="6.0" y="9.0" z="9.0"/>
        </Position>
      </TrileInstance>
    </Entry>
    <Entry>
      <TrileEmplacement x="6" y="9" z="8"/>
      <TrileInstance trileId="426" orientation="2">
        <Position>
          <Vector3 x="6.0" y="9.0" z="8.0"/>
        </Position>
      </TrileInstance>
    </Entry>
    <Entry>
      <TrileEmplacement x="6" y="9" z="7"/>
      <TrileInstance trileId="431" orientation="2">
        <Position>
          <Vector3 x="6.0" y="9.0" z="7.0"/>
        </Position>
      </TrileInstance>
    </Entry>
    <Entry>
      <TrileEmplacement x="6" y="9" z="6"/>
      <TrileInstance trileId="426" orientation="2">
        <Position>
          <Vector3 x="6.0" y="9.0" z="6.0"/>
        </Position>
      </TrileInstance>
    </Entry>
    <Entry>
      <TrileEmplacement x="6" y="9" z="5"/>
      <TrileInstance trileId="431" orientation="2">
        <Position>
          <Vector3 x="6.0" y="9.0" z="5.0"/>
        </Position>
      </TrileInstance>
    </Entry>
    <Entry>
      <TrileEmplacement x="6" y="9" z="4"/>
      <TrileInstance trileId="431" orientation="2">
        <Position>
          <Vector3 x="6.0" y="9.0" z="4.0"/>
        </Position>
      </TrileInstance>
    </Entry>
    <Entry>
      <TrileEmplacement x="7" y="9" z="11"/>
      <TrileInstance trileId="431" orientation="2">
        <Position>
          <Vector3 x="7.0" y="9.0" z="11.0"/>
        </Position>
      </TrileInstance>
    </Entry>
    <Entry>
      <TrileEmplacement x="7" y="9" z="10"/>
      <TrileInstance trileId="431" orientation="2">
        <Position>
          <Vector3 x="7.0" y="9.0" z="10.0"/>
        </Position>
      </TrileInstance>
    </Entry>
    <Entry>
      <TrileEmplacement x="7" y="9" z="9"/>
      <TrileInstance trileId="431" orientation="2">
        <Position>
          <Vector3 x="7.0" y="9.0" z="9.0"/>
        </Position>
      </TrileInstance>
    </Entry>
    <Entry>
      <TrileEmplacement x="7" y="9" z="8"/>
      <TrileInstance trileId="431" orientation="2">
        <Position>
          <Vector3 x="7.0" y="9.0" z="8.0"/>
        </Position>
      </TrileInstance>
    </Entry>
    <Entry>
      <TrileEmplacement x="7" y="9" z="7"/>
      <TrileInstance trileId="431" orientation="2">
        <Position>
          <Vector3 x="7.0" y="9.0" z="7.0"/>
        </Position>
      </TrileInstance>
    </Entry>
    <Entry>
      <TrileEmplacement x="7" y="9" z="6"/>
      <TrileInstance trileId="431" orientation="2">
        <Position>
          <Vector3 x="7.0" y="9.0" z="6.0"/>
        </Position>
      </TrileInstance>
    </Entry>
    <Entry>
      <TrileEmplacement x="7" y="9" z="5"/>
      <TrileInstance trileId="431" orientation="2">
        <Position>
          <Vector3 x="7.0" y="9.0" z="5.0"/>
        </Position>
      </TrileInstance>
    </Entry>
    <Entry>
      <TrileEmplacement x="7" y="9" z="4"/>
      <TrileInstance trileId="431" orientation="2">
        <Position>
          <Vector3 x="7.0" y="9.0" z="4.0"/>
        </Position>
      </TrileInstance>
    </Entry>
    <Entry>
      <TrileEmplacement x="8" y="9" z="11"/>
      <TrileInstance trileId="431" orientation="2">
        <Position>
          <Vector3 x="8.0" y="9.0" z="11.0"/>
        </Position>
      </TrileInstance>
    </Entry>
    <Entry>
      <TrileEmplacement x="8" y="9" z="10"/>
      <TrileInstance trileId="431" orientation="2">
        <Position>
          <Vector3 x="8.0" y="9.0" z="10.0"/>
        </Position>
      </TrileInstance>
    </Entry>
    <Entry>
      <TrileEmplacement x="8" y="9" z="9"/>
      <TrileInstance trileId="431" orientation="2">
        <Position>
          <Vector3 x="8.0" y="9.0" z="9.0"/>
        </Position>
      </TrileInstance>
    </Entry>
    <Entry>
      <TrileEmplacement x="8" y="9" z="8"/>
      <TrileInstance trileId="431" orientation="2">
        <Position>
          <Vector3 x="8.0" y="9.0" z="8.0"/>
        </Position>
      </TrileInstance>
    </Entry>
    <Entry>
      <TrileEmplacement x="8" y="9" z="7"/>
      <TrileInstance trileId="431" orientation="2">
        <Position>
          <Vector3 x="8.0" y="9.0" z="7.0"/>
        </Position>
      </TrileInstance>
    </Entry>
    <Entry>
      <TrileEmplacement x="8" y="9" z="6"/>
      <TrileInstance trileId="431" orientation="2">
        <Position>
          <Vector3 x="8.0" y="9.0" z="6.0"/>
        </Position>
      </TrileInstance>
    </Entry>
    <Entry>
      <TrileEmplacement x="8" y="9" z="5"/>
      <TrileInstance trileId="431" orientation="2">
        <Position>
          <Vector3 x="8.0" y="9.0" z="5.0"/>
        </Position>
      </TrileInstance>
    </Entry>
    <Entry>
      <TrileEmplacement x="8" y="9" z="4"/>
      <TrileInstance trileId="426" orientation="2">
        <Position>
          <Vector3 x="8.0" y="9.0" z="4.0"/>
        </Position>
      </TrileInstance>
    </Entry>
    <Entry>
      <TrileEmplacement x="9" y="9" z="11"/>
      <TrileInstance trileId="431" orientation="2">
        <Position>
          <Vector3 x="9.0" y="9.0" z="11.0"/>
        </Position>
      </TrileInstance>
    </Entry>
    <Entry>
      <TrileEmplacement x="9" y="9" z="10"/>
      <TrileInstance trileId="431" orientation="2">
        <Position>
          <Vector3 x="9.0" y="9.0" z="10.0"/>
        </Position>
      </TrileInstance>
    </Entry>
    <Entry>
      <TrileEmplacement x="9" y="9" z="9"/>
      <TrileInstance trileId="431" orientation="2">
        <Position>
          <Vector3 x="9.0" y="9.0" z="9.0"/>
        </Position>
      </TrileInstance>
    </Entry>
    <Entry>
      <TrileEmplacement x="9" y="9" z="8"/>
      <TrileInstance trileId="431" orientation="2">
        <Position>
          <Vector3 x="9.0" y="9.0" z="8.0"/>
        </Position>
      </TrileInstance>
    </Entry>
    <Entry>
      <TrileEmplacement x="9" y="9" z="7"/>
      <TrileInstance trileId="431" orientation="2">
        <Position>
          <Vector3 x="9.0" y="9.0" z="7.0"/>
        </Position>
      </TrileInstance>
    </Entry>
    <Entry>
      <TrileEmplacement x="9" y="9" z="6"/>
      <TrileInstance trileId="431" orientation="2">
        <Position>
          <Vector3 x="9.0" y="9.0" z="6.0"/>
        </Position>
      </TrileInstance>
    </Entry>
    <Entry>
      <TrileEmplacement x="9" y="9" z="5"/>
      <TrileInstance trileId="431" orientation="2">
        <Position>
          <Vector3 x="9.0" y="9.0" z="5.0"/>
        </Position>
      </TrileInstance>
    </Entry>
    <Entry>
      <TrileEmplacement x="9" y="9" z="4"/>
      <TrileInstance trileId="431" orientation="2">
        <Position>
          <Vector3 x="9.0" y="9.0" z="4.0"/>
        </Position>
      </TrileInstance>
    </Entry>
    <Entry>
      <TrileEmplacement x="5" y="9" z="3"/>
      <TrileInstance trileId="430" orientation="2">
        <Position>
          <Vector3 x="5.0" y="8.5" z="3.0"/>
        </Position>
      </TrileInstance>
    </Entry>
    <Entry>
      <TrileEmplacement x="14" y="9" z="3"/>
      <TrileInstance trileId="430" orientation="1">
        <Position>
          <Vector3 x="14.0" y="8.5" z="3.0"/>
        </Position>
      </TrileInstance>
    </Entry>
    <Entry>
      <TrileEmplacement x="5" y="8" z="3"/>
      <TrileInstance trileId="427" orientation="2">
        <Position>
          <Vector3 x="5.0" y="8.0" z="3.0"/>
        </Position>
      </TrileInstance>
    </Entry>
    <Entry>
      <TrileEmplacement x="14" y="8" z="3"/>
      <TrileInstance trileId="427" orientation="1">
        <Position>
          <Vector3 x="14.0" y="8.0" z="3.0"/>
        </Position>
      </TrileInstance>
    </Entry>
    <Entry>
      <TrileEmplacement x="5" y="7" z="3"/>
      <TrileInstance trileId="428" orientation="2">
        <Position>
          <Vector3 x="5.0" y="7.0" z="3.0"/>
        </Position>
      </TrileInstance>
    </Entry>
    <Entry>
      <TrileEmplacement x="14" y="7" z="3"/>
      <TrileInstance trileId="428" orientation="1">
        <Position>
          <Vector3 x="14.0" y="7.0" z="3.0"/>
        </Position>
      </TrileInstance>
    </Entry>
    <Entry>
      <TrileEmplacement x="5" y="6" z="3"/>
      <TrileInstance trileId="428" orientation="2">
        <Position>
          <Vector3 x="5.0" y="6.0" z="3.0"/>
        </Position>
      </TrileInstance>
    </Entry>
    <Entry>
      <TrileEmplacement x="14" y="6" z="3"/>
      <TrileInstance trileId="427" orientation="1">
        <Position>
          <Vector3 x="14.0" y="6.0" z="3.0"/>
        </Position>
      </TrileInstance>
    </Entry>
    <Entry>
      <TrileEmplacement x="5" y="5" z="3"/>
      <TrileInstance trileId="427" orientation="2">
        <Position>
          <Vector3 x="5.0" y="5.0" z="3.0"/>
        </Position>
      </TrileInstance>
    </Entry>
    <Entry>
      <TrileEmplacement x="14" y="5" z="3"/>
      <TrileInstance trileId="427" orientation="1">
        <Position>
          <Vector3 x="14.0" y="5.0" z="3.0"/>
        </Position>
      </TrileInstance>
    </Entry>
    <Entry>
      <TrileEmplacement x="5" y="4" z="3"/>
      <TrileInstance trileId="427" orientation="2">
        <Position>
          <Vector3 x="5.0" y="4.0" z="3.0"/>
        </Position>
      </TrileInstance>
    </Entry>
    <Entry>
      <TrileEmplacement x="14" y="4" z="3"/>
      <TrileInstance trileId="428" orientation="1">
        <Position>
          <Vector3 x="14.0" y="4.0" z="3.0"/>
        </Position>
      </TrileInstance>
    </Entry>
    <Entry>
      <TrileEmplacement x="5" y="3" z="3"/>
      <TrileInstance trileId="428" orientation="2">
        <Position>
          <Vector3 x="5.0" y="3.0" z="3.0"/>
        </Position>
      </TrileInstance>
    </Entry>
    <Entry>
      <TrileEmplacement x="14" y="3" z="3"/>
      <TrileInstance trileId="428" orientation="1">
        <Position>
          <Vector3 x="14.0" y="3.0" z="3.0"/>
        </Position>
      </TrileInstance>
    </Entry>
    <Entry>
      <TrileEmplacement x="5" y="2" z="3"/>
      <TrileInstance trileId="427" orientation="2">
        <Position>
          <Vector3 x="5.0" y="2.0" z="3.0"/>
        </Position>
      </TrileInstance>
    </Entry>
    <Entry>
      <TrileEmplacement x="14" y="2" z="3"/>
      <TrileInstance trileId="427" orientation="1">
        <Position>
          <Vector3 x="14.0" y="2.0" z="3.0"/>
        </Position>
      </TrileInstance>
    </Entry>
    <Entry>
      <TrileEmplacement x="5" y="1" z="3"/>
      <TrileInstance trileId="428" orientation="2">
        <Position>
          <Vector3 x="5.0" y="1.0" z="3.0"/>
        </Position>
      </TrileInstance>
    </Entry>
    <Entry>
      <TrileEmplacement x="14" y="1" z="3"/>
      <TrileInstance trileId="427" orientation="1">
        <Position>
          <Vector3 x="14.0" y="1.0" z="3.0"/>
        </Position>
      </TrileInstance>
    </Entry>
    <Entry>
      <TrileEmplacement x="12" y="9" z="11"/>
      <TrileInstance trileId="426" orientation="2">
        <Position>
          <Vector3 x="12.0" y="9.0" z="11.0"/>
        </Position>
      </TrileInstance>
    </Entry>
    <Entry>
      <TrileEmplacement x="12" y="9" z="10"/>
      <TrileInstance trileId="431" orientation="2">
        <Position>
          <Vector3 x="12.0" y="9.0" z="10.0"/>
        </Position>
      </TrileInstance>
    </Entry>
    <Entry>
      <TrileEmplacement x="12" y="9" z="9"/>
      <TrileInstance trileId="431" orientation="2">
        <Position>
          <Vector3 x="12.0" y="9.0" z="9.0"/>
        </Position>
      </TrileInstance>
    </Entry>
    <Entry>
      <TrileEmplacement x="12" y="9" z="8"/>
      <TrileInstance trileId="431" orientation="2">
        <Position>
          <Vector3 x="12.0" y="9.0" z="8.0"/>
        </Position>
      </TrileInstance>
    </Entry>
    <Entry>
      <TrileEmplacement x="12" y="9" z="7"/>
      <TrileInstance trileId="431" orientation="2">
        <Position>
          <Vector3 x="12.0" y="9.0" z="7.0"/>
        </Position>
      </TrileInstance>
    </Entry>
    <Entry>
      <TrileEmplacement x="12" y="9" z="6"/>
      <TrileInstance trileId="431" orientation="2">
        <Position>
          <Vector3 x="12.0" y="9.0" z="6.0"/>
        </Position>
      </TrileInstance>
    </Entry>
    <Entry>
      <TrileEmplacement x="12" y="9" z="5"/>
      <TrileInstance trileId="431" orientation="2">
        <Position>
          <Vector3 x="12.0" y="9.0" z="5.0"/>
        </Position>
      </TrileInstance>
    </Entry>
    <Entry>
      <TrileEmplacement x="12" y="9" z="4"/>
      <TrileInstance trileId="431" orientation="2">
        <Position>
          <Vector3 x="12.0" y="9.0" z="4.0"/>
        </Position>
      </TrileInstance>
    </Entry>
    <Entry>
      <TrileEmplacement x="13" y="9" z="11"/>
      <TrileInstance trileId="426" orientation="2">
        <Position>
          <Vector3 x="13.0" y="9.0" z="11.0"/>
        </Position>
      </TrileInstance>
    </Entry>
    <Entry>
      <TrileEmplacement x="13" y="9" z="10"/>
      <TrileInstance trileId="426" orientation="2">
        <Position>
          <Vector3 x="13.0" y="9.0" z="10.0"/>
        </Position>
      </TrileInstance>
    </Entry>
    <Entry>
      <TrileEmplacement x="11" y="9" z="4"/>
      <TrileInstance trileId="431" orientation="2">
        <Position>
          <Vector3 x="11.0" y="9.0" z="4.0"/>
        </Position>
      </TrileInstance>
    </Entry>
    <Entry>
      <TrileEmplacement x="6" y="0" z="4"/>
      <TrileInstance trileId="433" orientation="2">
        <Position>
          <Vector3 x="6.0" y="0.0" z="4.0"/>
        </Position>
      </TrileInstance>
    </Entry>
    <Entry>
      <TrileEmplacement x="7" y="0" z="4"/>
      <TrileInstance trileId="432" orientation="2">
        <Position>
          <Vector3 x="7.0" y="0.0" z="4.0"/>
        </Position>
      </TrileInstance>
    </Entry>
    <Entry>
      <TrileEmplacement x="8" y="0" z="4"/>
      <TrileInstance trileId="432" orientation="2">
        <Position>
          <Vector3 x="8.0" y="0.0" z="4.0"/>
        </Position>
      </TrileInstance>
    </Entry>
    <Entry>
      <TrileEmplacement x="9" y="0" z="4"/>
      <TrileInstance trileId="433" orientation="2">
        <Position>
          <Vector3 x="9.0" y="0.0" z="4.0"/>
        </Position>
      </TrileInstance>
    </Entry>
    <Entry>
      <TrileEmplacement x="10" y="0" z="4"/>
      <TrileInstance trileId="433" orientation="2">
        <Position>
          <Vector3 x="10.0" y="0.0" z="4.0"/>
        </Position>
      </TrileInstance>
    </Entry>
    <Entry>
      <TrileEmplacement x="11" y="0" z="4"/>
      <TrileInstance trileId="432" orientation="2">
        <Position>
          <Vector3 x="11.0" y="0.0" z="4.0"/>
        </Position>
      </TrileInstance>
    </Entry>
    <Entry>
      <TrileEmplacement x="12" y="0" z="4"/>
      <TrileInstance trileId="432" orientation="2">
        <Position>
          <Vector3 x="12.0" y="0.0" z="4.0"/>
        </Position>
      </TrileInstance>
    </Entry>
    <Entry>
      <TrileEmplacement x="13" y="0" z="4"/>
      <TrileInstance trileId="433" orientation="2">
        <Position>
          <Vector3 x="13.0" y="0.0" z="4.0"/>
        </Position>
      </TrileInstance>
    </Entry>
    <Entry>
      <TrileEmplacement x="14" y="0" z="3"/>
      <TrileInstance trileId="429" orientation="1">
        <Position>
          <Vector3 x="14.0" y="0.0" z="3.0"/>
        </Position>
      </TrileInstance>
    </Entry>
    <Entry>
      <TrileEmplacement x="11" y="9" z="5"/>
      <TrileInstance trileId="431" orientation="2">
        <Position>
          <Vector3 x="11.0" y="9.0" z="5.0"/>
        </Position>
      </TrileInstance>
    </Entry>
    <Entry>
      <TrileEmplacement x="6" y="0" z="5"/>
      <TrileInstance trileId="432" orientation="2">
        <Position>
          <Vector3 x="6.0" y="0.0" z="5.0"/>
        </Position>
      </TrileInstance>
    </Entry>
    <Entry>
      <TrileEmplacement x="7" y="0" z="5"/>
      <TrileInstance trileId="432" orientation="2">
        <Position>
          <Vector3 x="7.0" y="0.0" z="5.0"/>
        </Position>
      </TrileInstance>
    </Entry>
    <Entry>
      <TrileEmplacement x="8" y="0" z="5"/>
      <TrileInstance trileId="432" orientation="2">
        <Position>
          <Vector3 x="8.0" y="0.0" z="5.0"/>
        </Position>
      </TrileInstance>
    </Entry>
    <Entry>
      <TrileEmplacement x="9" y="0" z="5"/>
      <TrileInstance trileId="432" orientation="2">
        <Position>
          <Vector3 x="9.0" y="0.0" z="5.0"/>
        </Position>
      </TrileInstance>
    </Entry>
    <Entry>
      <TrileEmplacement x="10" y="0" z="5"/>
      <TrileInstance trileId="432" orientation="2">
        <Position>
          <Vector3 x="10.0" y="0.0" z="5.0"/>
        </Position>
      </TrileInstance>
    </Entry>
    <Entry>
      <TrileEmplacement x="14" y="9" z="12"/>
      <TrileInstance trileId="430" orientation="0">
        <Position>
          <Vector3 x="14.0" y="8.5" z="12.0"/>
        </Position>
      </TrileInstance>
    </Entry>
    <Entry>
      <TrileEmplacement x="5" y="9" z="12"/>
      <TrileInstance trileId="430" orientation="3">
        <Position>
          <Vector3 x="5.0" y="8.5" z="12.0"/>
        </Position>
      </TrileInstance>
    </Entry>
    <Entry>
      <TrileEmplacement x="5" y="0" z="12"/>
      <TrileInstance trileId="429" orientation="3">
        <Position>
          <Vector3 x="5.0" y="0.0" z="12.0"/>
        </Position>
      </TrileInstance>
    </Entry>
    <Entry>
      <TrileEmplacement x="5" y="1" z="12"/>
      <TrileInstance trileId="428" orientation="3">
        <Position>
          <Vector3 x="5.0" y="1.0" z="12.0"/>
        </Position>
      </TrileInstance>
    </Entry>
    <Entry>
      <TrileEmplacement x="5" y="2" z="12"/>
      <TrileInstance trileId="428" orientation="3">
        <Position>
          <Vector3 x="5.0" y="2.0" z="12.0"/>
        </Position>
      </TrileInstance>
    </Entry>
    <Entry>
      <TrileEmplacement x="5" y="3" z="12"/>
      <TrileInstance trileId="427" orientation="3">
        <Position>
          <Vector3 x="5.0" y="3.0" z="12.0"/>
        </Position>
      </TrileInstance>
    </Entry>
    <Entry>
      <TrileEmplacement x="5" y="4" z="12"/>
      <TrileInstance trileId="428" orientation="3">
        <Position>
          <Vector3 x="5.0" y="4.0" z="12.0"/>
        </Position>
      </TrileInstance>
    </Entry>
    <Entry>
      <TrileEmplacement x="5" y="5" z="12"/>
      <TrileInstance trileId="427" orientation="3">
        <Position>
          <Vector3 x="5.0" y="5.0" z="12.0"/>
        </Position>
      </TrileInstance>
    </Entry>
    <Entry>
      <TrileEmplacement x="5" y="6" z="12"/>
      <TrileInstance trileId="428" orientation="3">
        <Position>
          <Vector3 x="5.0" y="6.0" z="12.0"/>
        </Position>
      </TrileInstance>
    </Entry>
    <Entry>
      <TrileEmplacement x="5" y="7" z="12"/>
      <TrileInstance trileId="427" orientation="3">
        <Position>
          <Vector3 x="5.0" y="7.0" z="12.0"/>
        </Position>
      </TrileInstance>
    </Entry>
    <Entry>
      <TrileEmplacement x="5" y="8" z="12"/>
      <TrileInstance trileId="428" orientation="3">
        <Position>
          <Vector3 x="5.0" y="8.0" z="12.0"/>
        </Position>
      </TrileInstance>
    </Entry>
    <Entry>
      <TrileEmplacement x="14" y="0" z="12"/>
      <TrileInstance trileId="429" orientation="0">
        <Position>
          <Vector3 x="14.0" y="0.0" z="12.0"/>
        </Position>
      </TrileInstance>
    </Entry>
    <Entry>
      <TrileEmplacement x="14" y="1" z="12"/>
      <TrileInstance trileId="427" orientation="0">
        <Position>
          <Vector3 x="14.0" y="1.0" z="12.0"/>
        </Position>
      </TrileInstance>
    </Entry>
    <Entry>
      <TrileEmplacement x="14" y="2" z="12"/>
      <TrileInstance trileId="427" orientation="0">
        <Position>
          <Vector3 x="14.0" y="2.0" z="12.0"/>
        </Position>
      </TrileInstance>
    </Entry>
    <Entry>
      <TrileEmplacement x="14" y="3" z="12"/>
      <TrileInstance trileId="428" orientation="0">
        <Position>
          <Vector3 x="14.0" y="3.0" z="12.0"/>
        </Position>
      </TrileInstance>
    </Entry>
    <Entry>
      <TrileEmplacement x="14" y="4" z="12"/>
      <TrileInstance trileId="427" orientation="0">
        <Position>
          <Vector3 x="14.0" y="4.0" z="12.0"/>
        </Position>
      </TrileInstance>
    </Entry>
    <Entry>
      <TrileEmplacement x="14" y="5" z="12"/>
      <TrileInstance trileId="427" orientation="0">
        <Position>
          <Vector3 x="14.0" y="5.0" z="12.0"/>
        </Position>
      </TrileInstance>
    </Entry>
    <Entry>
      <TrileEmplacement x="14" y="6" z="12"/>
      <TrileInstance trileId="428" orientation="0">
        <Position>
          <Vector3 x="14.0" y="6.0" z="12.0"/>
        </Position>
      </TrileInstance>
    </Entry>
    <Entry>
      <TrileEmplacement x="14" y="7" z="12"/>
      <TrileInstance trileId="427" orientation="0">
        <Position>
          <Vector3 x="14.0" y="7.0" z="12.0"/>
        </Position>
      </TrileInstance>
    </Entry>
    <Entry>
      <TrileEmplacement x="14" y="8" z="12"/>
      <TrileInstance trileId="428" orientation="0">
        <Position>
          <Vector3 x="14.0" y="8.0" z="12.0"/>
        </Position>
      </TrileInstance>
    </Entry>
    <Entry>
      <TrileEmplacement x="8" y="0" z="6"/>
      <TrileInstance trileId="432" orientation="2">
        <Position>
          <Vector3 x="8.0" y="0.0" z="6.0"/>
        </Position>
      </TrileInstance>
    </Entry>
    <Entry>
      <TrileEmplacement x="7" y="0" z="6"/>
      <TrileInstance trileId="432" orientation="2">
        <Position>
          <Vector3 x="7.0" y="0.0" z="6.0"/>
        </Position>
      </TrileInstance>
    </Entry>
    <Entry>
      <TrileEmplacement x="6" y="0" z="6"/>
      <TrileInstance trileId="433" orientation="2">
        <Position>
          <Vector3 x="6.0" y="0.0" z="6.0"/>
        </Position>
      </TrileInstance>
    </Entry>
    <Entry>
      <TrileEmplacement x="11" y="9" z="6"/>
      <TrileInstance trileId="431" orientation="2">
        <Position>
          <Vector3 x="11.0" y="9.0" z="6.0"/>
        </Position>
      </TrileInstance>
    </Entry>
    <Entry>
      <TrileEmplacement x="5" y="0" z="3"/>
      <TrileInstance trileId="429" orientation="2">
        <Position>
          <Vector3 x="5.0" y="0.0" z="3.0"/>
        </Position>
      </TrileInstance>
    </Entry>
    <Entry>
      <TrileEmplacement x="13" y="0" z="5"/>
      <TrileInstance trileId="433" orientation="2">
        <Position>
          <Vector3 x="13.0" y="0.0" z="5.0"/>
        </Position>
      </TrileInstance>
    </Entry>
    <Entry>
      <TrileEmplacement x="12" y="0" z="5"/>
      <TrileInstance trileId="432" orientation="2">
        <Position>
          <Vector3 x="12.0" y="0.0" z="5.0"/>
        </Position>
      </TrileInstance>
    </Entry>
    <Entry>
      <TrileEmplacement x="11" y="0" z="5"/>
      <TrileInstance trileId="432" orientation="2">
        <Position>
          <Vector3 x="11.0" y="0.0" z="5.0"/>
        </Position>
      </TrileInstance>
    </Entry>
    <Entry>
      <TrileEmplacement x="10" y="9" z="4"/>
      <TrileInstance trileId="426" orientation="2">
        <Position>
          <Vector3 x="10.0" y="9.0" z="4.0"/>
        </Position>
      </TrileInstance>
    </Entry>
    <Entry>
      <TrileEmplacement x="13" y="9" z="9"/>
      <TrileInstance trileId="431" orientation="2">
        <Position>
          <Vector3 x="13.0" y="9.0" z="9.0"/>
        </Position>
      </TrileInstance>
    </Entry>
    <Entry>
      <TrileEmplacement x="6" y="0" z="11"/>
      <TrileInstance trileId="433" orientation="2">
        <Position>
          <Vector3 x="6.0" y="0.0" z="11.0"/>
        </Position>
      </TrileInstance>
    </Entry>
    <Entry>
      <TrileEmplacement x="8" y="0" z="10"/>
      <TrileInstance trileId="432" orientation="2">
        <Position>
          <Vector3 x="8.0" y="0.0" z="10.0"/>
        </Position>
      </TrileInstance>
    </Entry>
    <Entry>
      <TrileEmplacement x="10" y="0" z="9"/>
      <TrileInstance trileId="432" orientation="2">
        <Position>
          <Vector3 x="10.0" y="0.0" z="9.0"/>
        </Position>
      </TrileInstance>
    </Entry>
    <Entry>
      <TrileEmplacement x="12" y="0" z="8"/>
      <TrileInstance trileId="432" orientation="2">
        <Position>
          <Vector3 x="12.0" y="0.0" z="8.0"/>
        </Position>
      </TrileInstance>
    </Entry>
    <Entry>
      <TrileEmplacement x="13" y="9" z="5"/>
      <TrileInstance trileId="431" orientation="2">
        <Position>
          <Vector3 x="13.0" y="9.0" z="5.0"/>
        </Position>
      </TrileInstance>
    </Entry>
    <Entry>
      <TrileEmplacement x="6" y="0" z="7"/>
      <TrileInstance trileId="433" orientation="2">
        <Position>
          <Vector3 x="6.0" y="0.0" z="7.0"/>
        </Position>
      </TrileInstance>
    </Entry>
    <Entry>
      <TrileEmplacement x="10" y="9" z="5"/>
      <TrileInstance trileId="431" orientation="2">
        <Position>
          <Vector3 x="10.0" y="9.0" z="5.0"/>
        </Position>
      </TrileInstance>
    </Entry>
    <Entry>
      <TrileEmplacement x="13" y="0" z="11"/>
      <TrileInstance trileId="433" orientation="2">
        <Position>
          <Vector3 x="13.0" y="0.0" z="11.0"/>
        </Position>
      </TrileInstance>
    </Entry>
    <Entry>
      <TrileEmplacement x="11" y="9" z="11"/>
      <TrileInstance trileId="431" orientation="2">
        <Position>
          <Vector3 x="11.0" y="9.0" z="11.0"/>
        </Position>
      </TrileInstance>
    </Entry>
    <Entry>
      <TrileEmplacement x="7" y="0" z="10"/>
      <TrileInstance trileId="432" orientation="2">
        <Position>
          <Vector3 x="7.0" y="0.0" z="10.0"/>
        </Position>
      </TrileInstance>
    </Entry>
    <Entry>
      <TrileEmplacement x="9" y="0" z="9"/>
      <TrileInstance trileId="432" orientation="2">
        <Position>
          <Vector3 x="9.0" y="0.0" z="9.0"/>
        </Position>
      </TrileInstance>
    </Entry>
    <Entry>
      <TrileEmplacement x="11" y="0" z="8"/>
      <TrileInstance trileId="432" orientation="2">
        <Position>
          <Vector3 x="11.0" y="0.0" z="8.0"/>
        </Position>
      </TrileInstance>
    </Entry>
    <Entry>
      <TrileEmplacement x="13" y="0" z="7"/>
      <TrileInstance trileId="433" orientation="2">
        <Position>
          <Vector3 x="13.0" y="0.0" z="7.0"/>
        </Position>
      </TrileInstance>
    </Entry>
    <Entry>
      <TrileEmplacement x="11" y="9" z="7"/>
      <TrileInstance trileId="431" orientation="2">
        <Position>
          <Vector3 x="11.0" y="9.0" z="7.0"/>
        </Position>
      </TrileInstance>
    </Entry>
    <Entry>
      <TrileEmplacement x="10" y="9" z="6"/>
      <TrileInstance trileId="431" orientation="2">
        <Position>
          <Vector3 x="10.0" y="9.0" z="6.0"/>
        </Position>
      </TrileInstance>
    </Entry>
    <Entry>
      <TrileEmplacement x="12" y="0" z="11"/>
      <TrileInstance trileId="432" orientation="2">
        <Position>
          <Vector3 x="12.0" y="0.0" z="11.0"/>
        </Position>
      </TrileInstance>
    </Entry>
    <Entry>
      <TrileEmplacement x="13" y="9" z="8"/>
      <TrileInstance trileId="431" orientation="2">
        <Position>
          <Vector3 x="13.0" y="9.0" z="8.0"/>
        </Position>
      </TrileInstance>
    </Entry>
    <Entry>
      <TrileEmplacement x="6" y="0" z="10"/>
      <TrileInstance trileId="433" orientation="2">
        <Position>
          <Vector3 x="6.0" y="0.0" z="10.0"/>
        </Position>
      </TrileInstance>
    </Entry>
    <Entry>
      <TrileEmplacement x="8" y="0" z="9"/>
      <TrileInstance trileId="432" orientation="2">
        <Position>
          <Vector3 x="8.0" y="0.0" z="9.0"/>
        </Position>
      </TrileInstance>
    </Entry>
    <Entry>
      <TrileEmplacement x="10" y="0" z="8"/>
      <TrileInstance trileId="432" orientation="2">
        <Position>
          <Vector3 x="10.0" y="0.0" z="8.0"/>
        </Position>
      </TrileInstance>
    </Entry>
    <Entry>
      <TrileEmplacement x="12" y="0" z="7"/>
      <TrileInstance trileId="432" orientation="2">
        <Position>
          <Vector3 x="12.0" y="0.0" z="7.0"/>
        </Position>
      </TrileInstance>
    </Entry>
    <Entry>
      <TrileEmplacement x="13" y="9" z="4"/>
      <TrileInstance trileId="426" orientation="2">
        <Position>
          <Vector3 x="13.0" y="9.0" z="4.0"/>
        </Position>
      </TrileInstance>
    </Entry>
    <Entry>
      <TrileEmplacement x="10" y="9" z="7"/>
      <TrileInstance trileId="431" orientation="2">
        <Position>
          <Vector3 x="10.0" y="9.0" z="7.0"/>
        </Position>
      </TrileInstance>
    </Entry>
    <Entry>
      <TrileEmplacement x="11" y="0" z="11"/>
      <TrileInstance trileId="433" orientation="2">
        <Position>
          <Vector3 x="11.0" y="0.0" z="11.0"/>
        </Position>
      </TrileInstance>
    </Entry>
    <Entry>
      <TrileEmplacement x="13" y="0" z="10"/>
      <TrileInstance trileId="432" orientation="2">
        <Position>
          <Vector3 x="13.0" y="0.0" z="10.0"/>
        </Position>
      </TrileInstance>
    </Entry>
    <Entry>
      <TrileEmplacement x="11" y="9" z="10"/>
      <TrileInstance trileId="431" orientation="2">
        <Position>
          <Vector3 x="11.0" y="9.0" z="10.0"/>
        </Position>
      </TrileInstance>
    </Entry>
    <Entry>
      <TrileEmplacement x="7" y="0" z="9"/>
      <TrileInstance trileId="432" orientation="2">
        <Position>
          <Vector3 x="7.0" y="0.0" z="9.0"/>
        </Position>
      </TrileInstance>
    </Entry>
    <Entry>
      <TrileEmplacement x="9" y="0" z="8"/>
      <TrileInstance trileId="432" orientation="2">
        <Position>
          <Vector3 x="9.0" y="0.0" z="8.0"/>
        </Position>
      </TrileInstance>
    </Entry>
    <Entry>
      <TrileEmplacement x="11" y="0" z="7"/>
      <TrileInstance trileId="432" orientation="2">
        <Position>
          <Vector3 x="11.0" y="0.0" z="7.0"/>
        </Position>
      </TrileInstance>
    </Entry>
    <Entry>
      <TrileEmplacement x="13" y="0" z="6"/>
      <TrileInstance trileId="432" orientation="2">
        <Position>
          <Vector3 x="13.0" y="0.0" z="6.0"/>
        </Position>
      </TrileInstance>
    </Entry>
    <Entry>
      <TrileEmplacement x="10" y="9" z="8"/>
      <TrileInstance trileId="431" orientation="2">
        <Position>
          <Vector3 x="10.0" y="9.0" z="8.0"/>
        </Position>
      </TrileInstance>
    </Entry>
    <Entry>
      <TrileEmplacement x="10" y="0" z="11"/>
      <TrileInstance trileId="433" orientation="2">
        <Position>
          <Vector3 x="10.0" y="0.0" z="11.0"/>
        </Position>
      </TrileInstance>
    </Entry>
    <Entry>
      <TrileEmplacement x="12" y="0" z="10"/>
      <TrileInstance trileId="432" orientation="2">
        <Position>
          <Vector3 x="12.0" y="0.0" z="10.0"/>
        </Position>
      </TrileInstance>
    </Entry>
    <Entry>
      <TrileEmplacement x="13" y="9" z="7"/>
      <TrileInstance trileId="426" orientation="2">
        <Position>
          <Vector3 x="13.0" y="9.0" z="7.0"/>
        </Position>
      </TrileInstance>
    </Entry>
    <Entry>
      <TrileEmplacement x="6" y="0" z="9"/>
      <TrileInstance trileId="433" orientation="2">
        <Position>
          <Vector3 x="6.0" y="0.0" z="9.0"/>
        </Position>
      </TrileInstance>
    </Entry>
    <Entry>
      <TrileEmplacement x="8" y="0" z="8"/>
      <TrileInstance trileId="432" orientation="2">
        <Position>
          <Vector3 x="8.0" y="0.0" z="8.0"/>
        </Position>
      </TrileInstance>
    </Entry>
    <Entry>
      <TrileEmplacement x="10" y="0" z="7"/>
      <TrileInstance trileId="432" orientation="2">
        <Position>
          <Vector3 x="10.0" y="0.0" z="7.0"/>
        </Position>
      </TrileInstance>
    </Entry>
    <Entry>
      <TrileEmplacement x="12" y="0" z="6"/>
      <TrileInstance trileId="432" orientation="2">
        <Position>
          <Vector3 x="12.0" y="0.0" z="6.0"/>
        </Position>
      </TrileInstance>
    </Entry>
    <Entry>
      <TrileEmplacement x="10" y="9" z="9"/>
      <TrileInstance trileId="431" orientation="2">
        <Position>
          <Vector3 x="10.0" y="9.0" z="9.0"/>
        </Position>
      </TrileInstance>
    </Entry>
    <Entry>
      <TrileEmplacement x="9" y="0" z="11"/>
      <TrileInstance trileId="432" orientation="2">
        <Position>
          <Vector3 x="9.0" y="0.0" z="11.0"/>
        </Position>
      </TrileInstance>
    </Entry>
    <Entry>
      <TrileEmplacement x="11" y="0" z="10"/>
      <TrileInstance trileId="432" orientation="2">
        <Position>
          <Vector3 x="11.0" y="0.0" z="10.0"/>
        </Position>
      </TrileInstance>
    </Entry>
    <Entry>
      <TrileEmplacement x="13" y="0" z="9"/>
      <TrileInstance trileId="432" orientation="2">
        <Position>
          <Vector3 x="13.0" y="0.0" z="9.0"/>
        </Position>
      </TrileInstance>
    </Entry>
    <Entry>
      <TrileEmplacement x="11" y="9" z="9"/>
      <TrileInstance trileId="431" orientation="2">
        <Position>
          <Vector3 x="11.0" y="9.0" z="9.0"/>
        </Position>
      </TrileInstance>
    </Entry>
    <Entry>
      <TrileEmplacement x="7" y="0" z="8"/>
      <TrileInstance trileId="432" orientation="2">
        <Position>
          <Vector3 x="7.0" y="0.0" z="8.0"/>
        </Position>
      </TrileInstance>
    </Entry>
    <Entry>
      <TrileEmplacement x="9" y="0" z="7"/>
      <TrileInstance trileId="432" orientation="2">
        <Position>
          <Vector3 x="9.0" y="0.0" z="7.0"/>
        </Position>
      </TrileInstance>
    </Entry>
    <Entry>
      <TrileEmplacement x="11" y="0" z="6"/>
      <TrileInstance trileId="432" orientation="2">
        <Position>
          <Vector3 x="11.0" y="0.0" z="6.0"/>
        </Position>
      </TrileInstance>
    </Entry>
    <Entry>
      <TrileEmplacement x="10" y="9" z="10"/>
      <TrileInstance trileId="431" orientation="2">
        <Position>
          <Vector3 x="10.0" y="9.0" z="10.0"/>
        </Position>
      </TrileInstance>
    </Entry>
    <Entry>
      <TrileEmplacement x="8" y="0" z="11"/>
      <TrileInstance trileId="432" orientation="2">
        <Position>
          <Vector3 x="8.0" y="0.0" z="11.0"/>
        </Position>
      </TrileInstance>
    </Entry>
    <Entry>
      <TrileEmplacement x="10" y="0" z="10"/>
      <TrileInstance trileId="432" orientation="2">
        <Position>
          <Vector3 x="10.0" y="0.0" z="10.0"/>
        </Position>
      </TrileInstance>
    </Entry>
    <Entry>
      <TrileEmplacement x="12" y="0" z="9"/>
      <TrileInstance trileId="433" orientation="2">
        <Position>
          <Vector3 x="12.0" y="0.0" z="9.0"/>
        </Position>
      </TrileInstance>
    </Entry>
    <Entry>
      <TrileEmplacement x="13" y="9" z="6"/>
      <TrileInstance trileId="431" orientation="2">
        <Position>
          <Vector3 x="13.0" y="9.0" z="6.0"/>
        </Position>
      </TrileInstance>
    </Entry>
    <Entry>
      <TrileEmplacement x="6" y="0" z="8"/>
      <TrileInstance trileId="432" orientation="2">
        <Position>
          <Vector3 x="6.0" y="0.0" z="8.0"/>
        </Position>
      </TrileInstance>
    </Entry>
    <Entry>
      <TrileEmplacement x="8" y="0" z="7"/>
      <TrileInstance trileId="432" orientation="2">
        <Position>
          <Vector3 x="8.0" y="0.0" z="7.0"/>
        </Position>
      </TrileInstance>
    </Entry>
    <Entry>
      <TrileEmplacement x="10" y="0" z="6"/>
      <TrileInstance trileId="432" orientation="2">
        <Position>
          <Vector3 x="10.0" y="0.0" z="6.0"/>
        </Position>
      </TrileInstance>
    </Entry>
    <Entry>
      <TrileEmplacement x="9" y="0" z="6"/>
      <TrileInstance trileId="432" orientation="2">
        <Position>
          <Vector3 x="9.0" y="0.0" z="6.0"/>
        </Position>
      </TrileInstance>
    </Entry>
    <Entry>
      <TrileEmplacement x="10" y="9" z="11"/>
      <TrileInstance trileId="426" orientation="2">
        <Position>
          <Vector3 x="10.0" y="9.0" z="11.0"/>
        </Position>
      </TrileInstance>
    </Entry>
    <Entry>
      <TrileEmplacement x="7" y="0" z="11"/>
      <TrileInstance trileId="433" orientation="2">
        <Position>
          <Vector3 x="7.0" y="0.0" z="11.0"/>
        </Position>
      </TrileInstance>
    </Entry>
    <Entry>
      <TrileEmplacement x="9" y="0" z="10"/>
      <TrileInstance trileId="432" orientation="2">
        <Position>
          <Vector3 x="9.0" y="0.0" z="10.0"/>
        </Position>
      </TrileInstance>
    </Entry>
    <Entry>
      <TrileEmplacement x="11" y="0" z="9"/>
      <TrileInstance trileId="432" orientation="2">
        <Position>
          <Vector3 x="11.0" y="0.0" z="9.0"/>
        </Position>
      </TrileInstance>
    </Entry>
    <Entry>
      <TrileEmplacement x="13" y="0" z="8"/>
      <TrileInstance trileId="433" orientation="2">
        <Position>
          <Vector3 x="13.0" y="0.0" z="8.0"/>
        </Position>
      </TrileInstance>
    </Entry>
    <Entry>
      <TrileEmplacement x="11" y="9" z="8"/>
      <TrileInstance trileId="431" orientation="2">
        <Position>
          <Vector3 x="11.0" y="9.0" z="8.0"/>
        </Position>
      </TrileInstance>
    </Entry>
    <Entry>
      <TrileEmplacement x="7" y="0" z="7"/>
      <TrileInstance trileId="432" orientation="2">
        <Position>
          <Vector3 x="7.0" y="0.0" z="7.0"/>
        </Position>
      </TrileInstance>
    </Entry>
    <Entry>
      <TrileEmplacement x="8" y="5" z="8"/>
      <TrileInstance trileId="115" orientation="2">
        <Position>
          <Vector3 x="7.5" y="5.0" z="7.5"/>
        </Position>
      </TrileInstance>
    </Entry>
    <Entry>
      <TrileEmplacement x="11" y="1" z="6"/>
      <TrileInstance trileId="308" orientation="2">
        <Position>
          <Vector3 x="11.1875" y="0.5" z="5.5"/>
        </Position>
      </TrileInstance>
    </Entry>
    <Entry>
      <TrileEmplacement x="9" y="3" z="7"/>
      <TrileInstance trileId="308" orientation="2">
        <Position>
          <Vector3 x="9.0" y="3.0" z="7.0"/>
        </Position>
      </TrileInstance>
    </Entry>
    <Entry>
      <TrileEmplacement x="7" y="3" z="7"/>
      <TrileInstance trileId="308" orientation="2">
        <Position>
          <Vector3 x="7.0" y="3.0" z="7.0"/>
        </Position>
      </TrileInstance>
    </Entry>
    <Entry>
      <TrileEmplacement x="9" y="2" z="7"/>
      <TrileInstance trileId="307" orientation="2">
        <Position>
          <Vector3 x="9.0" y="2.0" z="7.0"/>
        </Position>
      </TrileInstance>
    </Entry>
    <Entry>
      <TrileEmplacement x="7" y="2" z="7"/>
      <TrileInstance trileId="307" orientation="2">
        <Position>
          <Vector3 x="7.0" y="2.0" z="7.0"/>
        </Position>
      </TrileInstance>
    </Entry>
    <Entry>
      <TrileEmplacement x="9" y="1" z="7"/>
      <TrileInstance trileId="307" orientation="2">
        <Position>
          <Vector3 x="9.0" y="1.0" z="7.0"/>
        </Position>
      </TrileInstance>
    </Entry>
    <Entry>
      <TrileEmplacement x="7" y="1" z="7"/>
      <TrileInstance trileId="307" orientation="2">
        <Position>
          <Vector3 x="7.0" y="1.0" z="7.0"/>
        </Position>
      </TrileInstance>
    </Entry>
    <Entry>
      <TrileEmplacement x="11" y="1" z="10"/>
      <TrileInstance trileId="308" orientation="2">
        <Position>
          <Vector3 x="11.1875" y="0.5" z="9.5"/>
        </Position>
      </TrileInstance>
    </Entry>
    <Entry>
      <TrileEmplacement x="8" y="3" z="7"/>
      <TrileInstance trileId="308" orientation="2">
        <Position>
          <Vector3 x="8.0" y="3.0" z="7.0"/>
        </Position>
      </TrileInstance>
    </Entry>
    <Entry>
      <TrileEmplacement x="6" y="3" z="7"/>
      <TrileInstance trileId="532" orientation="1">
        <Position>
          <Vector3 x="6.0" y="3.0" z="7.0"/>
        </Position>
      </TrileInstance>
    </Entry>
    <Entry>
      <TrileEmplacement x="8" y="2" z="7"/>
      <TrileInstance trileId="307" orientation="2">
        <Position>
          <Vector3 x="8.0" y="2.0" z="7.0"/>
        </Position>
      </TrileInstance>
    </Entry>
    <Entry>
      <TrileEmplacement x="6" y="2" z="7"/>
      <TrileInstance trileId="307" orientation="2">
        <Position>
          <Vector3 x="6.0" y="2.0" z="7.0"/>
        </Position>
      </TrileInstance>
    </Entry>
    <Entry>
      <TrileEmplacement x="8" y="1" z="7"/>
      <TrileInstance trileId="307" orientation="2">
        <Position>
          <Vector3 x="8.0" y="1.0" z="7.0"/>
        </Position>
      </TrileInstance>
    </Entry>
    <Entry>
      <TrileEmplacement x="6" y="1" z="7"/>
      <TrileInstance trileId="307" orientation="2">
        <Position>
          <Vector3 x="6.0" y="1.0" z="7.0"/>
        </Position>
      </TrileInstance>
    </Entry>
    <Entry>
      <TrileEmplacement x="9" y="3" z="8"/>
      <TrileInstance trileId="308" orientation="2">
        <Position>
          <Vector3 x="9.0" y="3.0" z="8.0"/>
        </Position>
      </TrileInstance>
    </Entry>
    <Entry>
      <TrileEmplacement x="8" y="3" z="8"/>
      <TrileInstance trileId="308" orientation="2">
        <Position>
          <Vector3 x="8.0" y="3.0" z="8.0"/>
        </Position>
      </TrileInstance>
    </Entry>
    <Entry>
      <TrileEmplacement x="7" y="3" z="8"/>
      <TrileInstance trileId="308" orientation="2">
        <Position>
          <Vector3 x="7.0" y="3.0" z="8.0"/>
        </Position>
      </TrileInstance>
    </Entry>
    <Entry>
      <TrileEmplacement x="6" y="3" z="8"/>
      <TrileInstance trileId="532" orientation="1">
        <Position>
          <Vector3 x="6.0" y="3.0" z="8.0"/>
        </Position>
      </TrileInstance>
    </Entry>
    <Entry>
      <TrileEmplacement x="9" y="2" z="8"/>
      <TrileInstance trileId="307" orientation="2">
        <Position>
          <Vector3 x="9.0" y="2.0" z="8.0"/>
        </Position>
      </TrileInstance>
    </Entry>
    <Entry>
      <TrileEmplacement x="8" y="2" z="8"/>
      <TrileInstance trileId="307" orientation="2">
        <Position>
          <Vector3 x="8.0" y="2.0" z="8.0"/>
        </Position>
      </TrileInstance>
    </Entry>
    <Entry>
      <TrileEmplacement x="7" y="2" z="8"/>
      <TrileInstance trileId="307" orientation="2">
        <Position>
          <Vector3 x="7.0" y="2.0" z="8.0"/>
        </Position>
      </TrileInstance>
    </Entry>
    <Entry>
      <TrileEmplacement x="6" y="2" z="8"/>
      <TrileInstance trileId="307" orientation="2">
        <Position>
          <Vector3 x="6.0" y="2.0" z="8.0"/>
        </Position>
      </TrileInstance>
    </Entry>
    <Entry>
      <TrileEmplacement x="9" y="1" z="8"/>
      <TrileInstance trileId="307" orientation="2">
        <Position>
          <Vector3 x="9.0" y="1.0" z="8.0"/>
        </Position>
      </TrileInstance>
    </Entry>
    <Entry>
      <TrileEmplacement x="8" y="1" z="8"/>
      <TrileInstance trileId="307" orientation="2">
        <Position>
          <Vector3 x="8.0" y="1.0" z="8.0"/>
        </Position>
      </TrileInstance>
    </Entry>
    <Entry>
      <TrileEmplacement x="7" y="1" z="8"/>
      <TrileInstance trileId="307" orientation="2">
        <Position>
          <Vector3 x="7.0" y="1.0" z="8.0"/>
        </Position>
      </TrileInstance>
    </Entry>
    <Entry>
      <TrileEmplacement x="6" y="1" z="8"/>
      <TrileInstance trileId="307" orientation="2">
        <Position>
          <Vector3 x="6.0" y="1.0" z="8.0"/>
        </Position>
      </TrileInstance>
    </Entry>
    <Entry>
      <TrileEmplacement x="10" y="1" z="6"/>
      <TrileInstance trileId="308" orientation="2">
        <Position>
          <Vector3 x="10.1875" y="0.5" z="5.5"/>
        </Position>
      </TrileInstance>
    </Entry>
    <Entry>
      <TrileEmplacement x="10" y="1" z="10"/>
      <TrileInstance trileId="308" orientation="2">
        <Position>
          <Vector3 x="10.1875" y="0.5" z="9.5"/>
        </Position>
      </TrileInstance>
    </Entry>
  </Triles>
  <ArtObjects>
    <Entry key="1">
      <ArtObjectInstance name="LOCKER_BENCHAO">
        <Position>
          <Vector3 x="11.1875" y="2.0" z="10.0"/>
        </Position>
        <Rotation>
          <Quaternion x="0.0" y="0.707107007504" z="0.0" w="0.707107007504"/>
        </Rotation>
        <Scale>
          <Vector3 x="1.0" y="1.0" z="1.0"/>
        </Scale>
        <ArtObjectActorSettings inactive="False" spinEvery="0.0" spinOffset="0.0" offCenter="False" timeswitchWindBackSpeed="0.0" containedTrile="None" spinView="None">
          <RotationCenter>
            <Vector3 x="0.0" y="0.0" z="0.0"/>
          </RotationCenter>
        </ArtObjectActorSettings>
      </ArtObjectInstance>
    </Entry>
    <Entry key="5">
      <ArtObjectInstance name="LOCKERAO">
        <Position>
          <Vector3 x="6.5" y="2.5" z="8.5"/>
        </Position>
        <Rotation>
          <Quaternion x="0.0" y="0.707107007504" z="0.0" w="-0.707107007504"/>
        </Rotation>
        <Scale>
          <Vector3 x="1.0" y="1.0" z="1.0"/>
        </Scale>
        <ArtObjectActorSettings inactive="False" spinEvery="0.0" spinOffset="0.0" offCenter="False" timeswitchWindBackSpeed="0.0" containedTrile="None" spinView="None">
          <RotationCenter>
            <Vector3 x="0.0" y="0.0" z="0.0"/>
          </RotationCenter>
        </ArtObjectActorSettings>
      </ArtObjectInstance>
    </Entry>
    <Entry key="6">
      <ArtObjectInstance name="LOCKERAO">
        <Position>
          <Vector3 x="7.5" y="2.5" z="8.5"/>
        </Position>
        <Rotation>
          <Quaternion x="0.0" y="0.707107007504" z="0.0" w="-0.707107007504"/>
        </Rotation>
        <Scale>
          <Vector3 x="1.0" y="1.0" z="1.0"/>
        </Scale>
        <ArtObjectActorSettings inactive="False" spinEvery="0.0" spinOffset="0.0" offCenter="False" timeswitchWindBackSpeed="0.0" containedTrile="None" spinView="None">
          <RotationCenter>
            <Vector3 x="0.0" y="0.0" z="0.0"/>
          </RotationCenter>
        </ArtObjectActorSettings>
      </ArtObjectInstance>
    </Entry>
    <Entry key="7">
      <ArtObjectInstance name="LOCKERAO">
        <Position>
          <Vector3 x="8.5" y="2.5" z="8.5"/>
        </Position>
        <Rotation>
          <Quaternion x="0.0" y="0.707107007504" z="0.0" w="-0.707107007504"/>
        </Rotation>
        <Scale>
          <Vector3 x="1.0" y="1.0" z="1.0"/>
        </Scale>
        <ArtObjectActorSettings inactive="False" spinEvery="0.0" spinOffset="0.0" offCenter="False" timeswitchWindBackSpeed="0.0" containedTrile="None" spinView="None">
          <RotationCenter>
            <Vector3 x="0.0" y="0.0" z="0.0"/>
          </RotationCenter>
        </ArtObjectActorSettings>
      </ArtObjectInstance>
    </Entry>
    <Entry key="8">
      <ArtObjectInstance name="LOCKERAO">
        <Position>
          <Vector3 x="9.5" y="2.5" z="8.5"/>
        </Position>
        <Rotation>
          <Quaternion x="0.0" y="0.707107007504" z="0.0" w="-0.707107007504"/>
        </Rotation>
        <Scale>
          <Vector3 x="1.0" y="1.0" z="1.0"/>
        </Scale>
        <ArtObjectActorSettings inactive="False" spinEvery="0.0" spinOffset="0.0" offCenter="False" timeswitchWindBackSpeed="0.0" containedTrile="None" spinView="None">
          <RotationCenter>
            <Vector3 x="0.0" y="0.0" z="0.0"/>
          </RotationCenter>
        </ArtObjectActorSettings>
      </ArtObjectInstance>
    </Entry>
    <Entry key="9">
      <ArtObjectInstance name="LOCKERAO">
        <Position>
          <Vector3 x="9.5" y="2.5" z="7.5"/>
        </Position>
        <Rotation>
          <Quaternion x="0.0" y="-0.707107007504" z="0.0" w="-0.707107007504"/>
        </Rotation>
        <Scale>
          <Vector3 x="1.0" y="1.0" z="1.0"/>
        </Scale>
        <ArtObjectActorSettings inactive="False" spinEvery="0.0" spinOffset="0.0" offCenter="False" timeswitchWindBackSpeed="0.0" containedTrile="None" spinView="None">
          <RotationCenter>
            <Vector3 x="0.0" y="0.0" z="0.0"/>
          </RotationCenter>
        </ArtObjectActorSettings>
      </ArtObjectInstance>
    </Entry>
    <Entry key="10">
      <ArtObjectInstance name="LOCKERAO">
        <Position>
          <Vector3 x="8.5" y="2.5" z="7.5"/>
        </Position>
        <Rotation>
          <Quaternion x="0.0" y="-0.707107007504" z="0.0" w="-0.707107007504"/>
        </Rotation>
        <Scale>
          <Vector3 x="1.0" y="1.0" z="1.0"/>
        </Scale>
        <ArtObjectActorSettings inactive="False" spinEvery="0.0" spinOffset="0.0" offCenter="False" timeswitchWindBackSpeed="0.0" containedTrile="None" spinView="None">
          <RotationCenter>
            <Vector3 x="0.0" y="0.0" z="0.0"/>
          </RotationCenter>
        </ArtObjectActorSettings>
      </ArtObjectInstance>
    </Entry>
    <Entry key="11">
      <ArtObjectInstance name="LOCKERAO">
        <Position>
          <Vector3 x="7.5" y="2.5" z="7.5"/>
        </Position>
        <Rotation>
          <Quaternion x="0.0" y="-0.707107007504" z="0.0" w="-0.707107007504"/>
        </Rotation>
        <Scale>
          <Vector3 x="1.0" y="1.0" z="1.0"/>
        </Scale>
        <ArtObjectActorSettings inactive="False" spinEvery="0.0" spinOffset="0.0" offCenter="False" timeswitchWindBackSpeed="0.0" containedTrile="None" spinView="None">
          <RotationCenter>
            <Vector3 x="0.0" y="0.0" z="0.0"/>
          </RotationCenter>
        </ArtObjectActorSettings>
      </ArtObjectInstance>
    </Entry>
    <Entry key="12">
      <ArtObjectInstance name="LOCKERAO">
        <Position>
          <Vector3 x="6.5" y="2.5" z="7.5"/>
        </Position>
        <Rotation>
          <Quaternion x="0.0" y="-0.707107007504" z="0.0" w="-0.707107007504"/>
        </Rotation>
        <Scale>
          <Vector3 x="1.0" y="1.0" z="1.0"/>
        </Scale>
        <ArtObjectActorSettings inactive="False" spinEvery="0.0" spinOffset="0.0" offCenter="False" timeswitchWindBackSpeed="0.0" containedTrile="None" spinView="None">
          <RotationCenter>
            <Vector3 x="0.0" y="0.0" z="0.0"/>
          </RotationCenter>
        </ArtObjectActorSettings>
      </ArtObjectInstance>
    </Entry>
    <Entry key="17">
      <ArtObjectInstance name="LOCKER_BENCHAO">
        <Position>
          <Vector3 x="11.1875" y="2.0" z="6.0"/>
        </Position>
        <Rotation>
          <Quaternion x="0.0" y="0.707107007504" z="0.0" w="0.707107007504"/>
        </Rotation>
        <Scale>
          <Vector3 x="1.0" y="1.0" z="1.0"/>
        </Scale>
        <ArtObjectActorSettings inactive="False" spinEvery="0.0" spinOffset="0.0" offCenter="False" timeswitchWindBackSpeed="0.0" containedTrile="None" spinView="None">
          <RotationCenter>
            <Vector3 x="0.0" y="0.0" z="0.0"/>
          </RotationCenter>
        </ArtObjectActorSettings>
      </ArtObjectInstance>
    </Entry>
    <Entry key="18">
      <ArtObjectInstance name="INT_BOILER_PIPE_NUZUAO">
        <Position>
          <Vector3 x="12.0" y="7.0" z="10.0"/>
        </Position>
        <Rotation>
          <Quaternion x="0.0" y="-0.707107007504" z="0.0" w="-0.707107007504"/>
        </Rotation>
        <Scale>
          <Vector3 x="1.0" y="1.0" z="1.0"/>
        </Scale>
        <ArtObjectActorSettings inactive="False" spinEvery="0.0" spinOffset="0.0" offCenter="False" timeswitchWindBackSpeed="0.0" containedTrile="None" spinView="None">
          <RotationCenter>
            <Vector3 x="0.0" y="0.0" z="0.0"/>
          </RotationCenter>
        </ArtObjectActorSettings>
      </ArtObjectInstance>
    </Entry>
    <Entry key="19">
      <ArtObjectInstance name="MINE_TOOLS_1AO">
        <Position>
          <Vector3 x="6.75" y="1.5" z="4.8125"/>
        </Position>
        <Rotation>
          <Quaternion x="0.0" y="0.0" z="0.0" w="1.0"/>
        </Rotation>
        <Scale>
          <Vector3 x="1.0" y="1.0" z="1.0"/>
        </Scale>
        <ArtObjectActorSettings inactive="False" spinEvery="0.0" spinOffset="0.0" offCenter="False" timeswitchWindBackSpeed="0.0" containedTrile="None" spinView="None">
          <RotationCenter>
            <Vector3 x="0.0" y="0.0" z="0.0"/>
          </RotationCenter>
        </ArtObjectActorSettings>
      </ArtObjectInstance>
    </Entry>
    <Entry key="20">
      <ArtObjectInstance name="MINE_TOOLS_2AO">
        <Position>
          <Vector3 x="7.5625" y="1.5" z="9.3125"/>
        </Position>
        <Rotation>
          <Quaternion x="0.0" y="0.0" z="0.0" w="1.0"/>
        </Rotation>
        <Scale>
          <Vector3 x="1.0" y="1.0" z="1.0"/>
        </Scale>
        <ArtObjectActorSettings inactive="False" spinEvery="0.0" spinOffset="0.0" offCenter="False" timeswitchWindBackSpeed="0.0" containedTrile="None" spinView="None">
          <RotationCenter>
            <Vector3 x="0.0" y="0.0" z="0.0"/>
          </RotationCenter>
        </ArtObjectActorSettings>
      </ArtObjectInstance>
    </Entry>
    <Entry key="21">
      <ArtObjectInstance name="MINE_TOOLS_2AO">
        <Position>
          <Vector3 x="6.375" y="1.5" z="11.25"/>
        </Position>
        <Rotation>
          <Quaternion x="0.0" y="0.707107007504" z="0.0" w="0.707107007504"/>
        </Rotation>
        <Scale>
          <Vector3 x="1.0" y="1.0" z="1.0"/>
        </Scale>
        <ArtObjectActorSettings inactive="False" spinEvery="0.0" spinOffset="0.0" offCenter="False" timeswitchWindBackSpeed="0.0" containedTrile="None" spinView="None">
          <RotationCenter>
            <Vector3 x="0.0" y="0.0" z="0.0"/>
          </RotationCenter>
        </ArtObjectActorSettings>
      </ArtObjectInstance>
    </Entry>
    <Entry key="22">
      <ArtObjectInstance name="ZU_BAZAAR_2AO">
        <Position>
          <Vector3 x="6.9375" y="4.25" z="7.5"/>
        </Position>
        <Rotation>
          <Quaternion x="0.0" y="0.0" z="0.0" w="1.0"/>
        </Rotation>
        <Scale>
          <Vector3 x="1.0" y="1.0" z="1.0"/>
        </Scale>
        <ArtObjectActorSettings inactive="False" spinEvery="0.0" spinOffset="0.0" offCenter="False" timeswitchWindBackSpeed="0.0" containedTrile="None" spinView="None">
          <RotationCenter>
            <Vector3 x="0.0" y="0.0" z="0.0"/>
          </RotationCenter>
        </ArtObjectActorSettings>
      </ArtObjectInstance>
    </Entry>
    <Entry key="26">
      <ArtObjectInstance name="INT_PARLOR_BOOKS_AAO">
        <Position>
          <Vector3 x="9.375" y="3.625" z="7.625"/>
        </Position>
        <Rotation>
          <Quaternion x="0.0" y="0.0" z="0.0" w="1.0"/>
        </Rotation>
        <Scale>
          <Vector3 x="1.0" y="1.0" z="1.0"/>
        </Scale>
        <ArtObjectActorSettings inactive="False" spinEvery="0.0" spinOffset="0.0" offCenter="False" timeswitchWindBackSpeed="0.0" containedTrile="None" spinView="None">
          <RotationCenter>
            <Vector3 x="0.0" y="0.0" z="0.0"/>
          </RotationCenter>
        </ArtObjectActorSettings>
      </ArtObjectInstance>
    </Entry>
    <Entry key="24">
      <ArtObjectInstance name="ZU_BAZAAR_3AO">
        <Position>
          <Vector3 x="6.375" y="4.3125" z="8.0625"/>
        </Position>
        <Rotation>
          <Quaternion x="0.0" y="0.0" z="0.0" w="1.0"/>
        </Rotation>
        <Scale>
          <Vector3 x="1.0" y="1.0" z="1.0"/>
        </Scale>
        <ArtObjectActorSettings inactive="False" spinEvery="0.0" spinOffset="0.0" offCenter="False" timeswitchWindBackSpeed="0.0" containedTrile="None" spinView="None">
          <RotationCenter>
            <Vector3 x="0.0" y="0.0" z="0.0"/>
          </RotationCenter>
        </ArtObjectActorSettings>
      </ArtObjectInstance>
    </Entry>
    <Entry key="25">
      <ArtObjectInstance name="ZU_BAZAAR_2AO">
        <Position>
          <Vector3 x="9.375" y="1.8125" z="8.375"/>
        </Position>
        <Rotation>
          <Quaternion x="0.0" y="0.0" z="0.0" w="1.0"/>
        </Rotation>
        <Scale>
          <Vector3 x="1.0" y="1.0" z="1.0"/>
        </Scale>
        <ArtObjectActorSettings inactive="False" spinEvery="0.0" spinOffset="0.0" offCenter="False" timeswitchWindBackSpeed="0.0" containedTrile="None" spinView="None">
          <RotationCenter>
            <Vector3 x="0.0" y="0.0" z="0.0"/>
          </RotationCenter>
        </ArtObjectActorSettings>
      </ArtObjectInstance>
    </Entry>
  </ArtObjects>
  <BackgroundPlanes>
    <Entry key="16">
      <BackgroundPlane textureName="DORM_A" lightMap="False" allowOverbrightness="False" animated="False" doubleSided="False" opacity="1.0" billboard="False" syncWithSamples="False" crosshatch="False" unknown="False" alwaysOnTop="False" fullbright="False" pixelatedLightmap="False" xTextureRepeat="False" yTextureRepeat="False" clampTexture="False" parallaxFactor="0.0" filter="#FFFFFFFF" actorType="None">
        <Position>
          <Vector3 x="6.0" y="5.0" z="8.0"/>
        </Position>
        <Rotation>
          <Quaternion x="0.0" y="-0.707107007504" z="0.0" w="-0.707107007504"/>
        </Rotation>
        <Scale>
          <Vector3 x="1.0" y="1.0" z="1.0"/>
        </Scale>
      </BackgroundPlane>
    </Entry>
    <Entry key="5">
      <BackgroundPlane textureName="COBWEB_A" lightMap="False" allowOverbrightness="False" animated="False" doubleSided="False" opacity="1.0" billboard="False" syncWithSamples="False" crosshatch="False" unknown="False" alwaysOnTop="False" fullbright="False" pixelatedLightmap="False" xTextureRepeat="False" yTextureRepeat="False" clampTexture="False" parallaxFactor="0.0" filter="#FFFFFFFF" actorType="None">
        <Position>
          <Vector3 x="13.9375" y="8.0" z="5.0"/>
        </Position>
        <Rotation>
          <Quaternion x="0.0" y="-0.707107007504" z="0.0" w="0.707107007504"/>
        </Rotation>
        <Scale>
          <Vector3 x="1.0" y="1.0" z="1.0"/>
        </Scale>
      </BackgroundPlane>
    </Entry>
    <Entry key="6">
      <BackgroundPlane textureName="COBWEB_A" lightMap="False" allowOverbrightness="False" animated="False" doubleSided="False" opacity="1.0" billboard="False" syncWithSamples="False" crosshatch="False" unknown="False" alwaysOnTop="False" fullbright="False" pixelatedLightmap="False" xTextureRepeat="False" yTextureRepeat="False" clampTexture="False" parallaxFactor="0.0" filter="#FFFFFFFF" actorType="None">
        <Position>
          <Vector3 x="6.0625" y="8.0" z="11.0"/>
        </Position>
        <Rotation>
          <Quaternion x="0.0" y="-0.707107007504" z="0.0" w="-0.707107007504"/>
        </Rotation>
        <Scale>
          <Vector3 x="1.0" y="1.0" z="1.0"/>
        </Scale>
      </BackgroundPlane>
    </Entry>
    <Entry key="7">
      <BackgroundPlane textureName="COBWEB_B" lightMap="False" allowOverbrightness="False" animated="False" doubleSided="False" opacity="1.0" billboard="False" syncWithSamples="False" crosshatch="False" unknown="False" alwaysOnTop="False" fullbright="False" pixelatedLightmap="False" xTextureRepeat="False" yTextureRepeat="False" clampTexture="False" parallaxFactor="0.0" filter="#FFFFFFFF" actorType="None">
        <Position>
          <Vector3 x="13.9375" y="8.0" z="11.0"/>
        </Position>
        <Rotation>
          <Quaternion x="0.0" y="-0.707107007504" z="0.0" w="0.707107007504"/>
        </Rotation>
        <Scale>
          <Vector3 x="1.0" y="1.0" z="1.0"/>
        </Scale>
      </BackgroundPlane>
    </Entry>
    <Entry key="8">
      <BackgroundPlane textureName="COBWEB_B" lightMap="False" allowOverbrightness="False" animated="False" doubleSided="False" opacity="1.0" billboard="False" syncWithSamples="False" crosshatch="False" unknown="False" alwaysOnTop="False" fullbright="False" pixelatedLightmap="False" xTextureRepeat="False" yTextureRepeat="False" clampTexture="False" parallaxFactor="0.0" filter="#FFFFFFFF" actorType="None">
        <Position>
          <Vector3 x="7.0" y="8.0" z="11.9375"/>
        </Position>
        <Rotation>
          <Quaternion x="0.0" y="1.0" z="0.0" w="0.0"/>
        </Rotation>
        <Scale>
          <Vector3 x="1.0" y="1.0" z="1.0"/>
        </Scale>
      </BackgroundPlane>
    </Entry>
    <Entry key="9">
      <BackgroundPlane textureName="COBWEB_B" lightMap="False" allowOverbrightness="False" animated="False" doubleSided="False" opacity="1.0" billboard="False" syncWithSamples="False" crosshatch="False" unknown="False" alwaysOnTop="False" fullbright="False" pixelatedLightmap="False" xTextureRepeat="False" yTextureRepeat="False" clampTexture="False" parallaxFactor="0.0" filter="#FFFFFFFF" actorType="None">
        <Position>
          <Vector3 x="13.0" y="8.0" z="4.0625"/>
        </Position>
        <Rotation>
          <Quaternion x="0.0" y="0.0" z="0.0" w="1.0"/>
        </Rotation>
        <Scale>
          <Vector3 x="1.0" y="1.0" z="1.0"/>
        </Scale>
      </BackgroundPlane>
    </Entry>
    <Entry key="10">
      <BackgroundPlane textureName="COBWEB_A" lightMap="False" allowOverbrightness="False" animated="False" doubleSided="False" opacity="1.0" billboard="False" syncWithSamples="False" crosshatch="False" unknown="False" alwaysOnTop="False" fullbright="False" pixelatedLightmap="False" xTextureRepeat="False" yTextureRepeat="False" clampTexture="False" parallaxFactor="0.0" filter="#FFFFFFFF" actorType="None">
        <Position>
          <Vector3 x="13.0" y="8.0" z="11.9375"/>
        </Position>
        <Rotation>
          <Quaternion x="0.0" y="1.0" z="0.0" w="0.0"/>
        </Rotation>
        <Scale>
          <Vector3 x="1.0" y="1.0" z="1.0"/>
        </Scale>
      </BackgroundPlane>
    </Entry>
    <Entry key="19">
      <BackgroundPlane textureName="DORM_C" lightMap="False" allowOverbrightness="False" animated="False" doubleSided="False" opacity="1.0" billboard="False" syncWithSamples="False" crosshatch="False" unknown="False" alwaysOnTop="False" fullbright="False" pixelatedLightmap="False" xTextureRepeat="False" yTextureRepeat="False" clampTexture="False" parallaxFactor="0.0" filter="#FFFFFFFF" actorType="None">
        <Position>
          <Vector3 x="10.0" y="5.0" z="12.0"/>
        </Position>
        <Rotation>
          <Quaternion x="0.0" y="1.0" z="0.0" w="0.0"/>
        </Rotation>
        <Scale>
          <Vector3 x="1.0" y="1.0" z="1.0"/>
        </Scale>
      </BackgroundPlane>
    </Entry>
    <Entry key="17">
      <BackgroundPlane textureName="DORM_A" lightMap="False" allowOverbrightness="False" animated="False" doubleSided="False" opacity="1.0" billboard="False" syncWithSamples="False" crosshatch="False" unknown="False" alwaysOnTop="False" fullbright="False" pixelatedLightmap="False" xTextureRepeat="False" yTextureRepeat="False" clampTexture="False" parallaxFactor="0.0" filter="#FFFFFFFF" actorType="None">
        <Position>
          <Vector3 x="14.0" y="5.0" z="8.0"/>
        </Position>
        <Rotation>
          <Quaternion x="0.0" y="-0.707107007504" z="0.0" w="0.707107007504"/>
        </Rotation>
        <Scale>
          <Vector3 x="1.0" y="1.0" z="1.0"/>
        </Scale>
      </BackgroundPlane>
    </Entry>
    <Entry key="18">
      <BackgroundPlane textureName="DORM_A" lightMap="False" allowOverbrightness="False" animated="False" doubleSided="False" opacity="1.0" billboard="False" syncWithSamples="False" crosshatch="False" unknown="False" alwaysOnTop="False" fullbright="False" pixelatedLightmap="False" xTextureRepeat="False" yTextureRepeat="False" clampTexture="False" parallaxFactor="0.0" filter="#FFFFFFFF" actorType="None">
        <Position>
          <Vector3 x="10.0" y="5.0" z="4.0"/>
        </Position>
        <Rotation>
          <Quaternion x="0.0" y="0.0" z="0.0" w="1.0"/>
        </Rotation>
        <Scale>
          <Vector3 x="1.0" y="1.0" z="1.0"/>
        </Scale>
      </BackgroundPlane>
    </Entry>
  </BackgroundPlanes>
  <Groups/>
  <NonplayerCharacters>
    <Entry key="0">
      <NpcInstance name="Mouse" walkSpeed="2.0" randomizeSpeech="False" sayFirstSpeechLineOnce="False" avoidsGomez="True" actorType="None">
        <Position>
          <Vector3 x="6.5625" y="1.0" z="11.4375"/>
        </Position>
        <DestinationOffset>
          <Vector3 x="2.9375" y="0.0" z="-1.8125"/>
        </DestinationOffset>
        <Speech/>
        <Actions>
          <Action key="Idle">
            <NpcActionContent animationName="Idle"/>
          </Action>
          <Action key="Turn">
            <NpcActionContent animationName="Turn"/>
          </Action>
          <Action key="Walk">
            <NpcActionContent animationName="Walk"/>
          </Action>
        </Actions>
      </NpcInstance>
    </Entry>
  </NonplayerCharacters>
  <Paths/>
  <MutedLoops/>
  <AmbienceTracks>
    <AmbienceTrack dawn="True" day="True" dusk="True" night="True" name="Ambience ^ industrial_city"/>
    <AmbienceTrack dawn="True" day="True" dusk="True" night="True" name="Ambience ^ rain"/>
  </AmbienceTracks>
</Level>
