<?xml version='1.0' encoding='UTF-8'?>
<Level flat="False" skipPostprocess="True" baseDiffuse="1.0" baseAmbient="0.699999988079" haloFiltering="True" blinkingAlpha="False" loops="False" waterHeight="0.0" skyName="BLACK" fapFadeoutStart="0" fapFadeoutLength="0" descending="False" rainy="False" lowPass="True" quantum="False" name="NUZU_BOILERROOM" waterType="None" trileSetName="Untitled" songName="Cave" nodeType="Lesser">
  <Size>
    <Vector3 x="20.0" y="16.0" z="24.0"/>
  </Size>
  <StartingPosition>
    <TrileFace face="Right">
      <TrileId>
        <TrileEmplacement x="12" y="6" z="14"/>
      </TrileId>
    </TrileFace>
  </StartingPosition>
  <Volumes>
    <Entry key="0">
      <Volume>
        <Orientations>
          <FaceOrientation>Left</FaceOrientation>
          <FaceOrientation>Front</FaceOrientation>
          <FaceOrientation>Right</FaceOrientation>
          <FaceOrientation>Back</FaceOrientation>
        </Orientations>
        <From>
          <Vector3 x="6.0" y="6.0" z="9.0"/>
        </From>
        <To>
          <Vector3 x="14.0" y="14.0" z="17.0"/>
        </To>
      </Volume>
    </Entry>
    <Entry key="1">
      <Volume>
        <Orientations>
          <FaceOrientation>Left</FaceOrientation>
        </Orientations>
        <From>
          <Vector3 x="12.0" y="7.0" z="11.0"/>
        </From>
        <To>
          <Vector3 x="13.0" y="9.0" z="12.0"/>
        </To>
      </Volume>
    </Entry>
  </Volumes>
  <Scripts>
    <Entry key="0">
      <Script name="Untitled" oneTime="False" triggerless="False" ignoreEndTriggers="False" levelWideOneTime="False" disabled="False" isWinCondition="False">
        <Triggers>
          <ScriptTrigger event="Enter">
            <Entity entityType="Volume" identifier="0"/>
          </ScriptTrigger>
        </Triggers>
        <Actions>
          <ScriptAction operation="FocusCamera" killswitch="False" blocking="False">
            <Entity entityType="Volume" identifier="0"/>
            <Arguments>
              <Entry>4</Entry>
              <Entry>True</Entry>
            </Arguments>
          </ScriptAction>
        </Actions>
      </Script>
    </Entry>
    <Entry key="1">
      <Script name="Untitled" oneTime="False" triggerless="False" ignoreEndTriggers="False" levelWideOneTime="False" disabled="False" isWinCondition="False">
        <Triggers>
          <ScriptTrigger event="Enter">
            <Entity entityType="Volume" identifier="1"/>
          </ScriptTrigger>
        </Triggers>
        <Actions>
          <ScriptAction operation="ChangeLevelToVolume" killswitch="False" blocking="False">
            <Entity entityType="Level"/>
            <Arguments>
              <Entry>INDUSTRIAL_CITY</Entry>
              <Entry>3</Entry>
              <Entry>True</Entry>
              <Entry>True</Entry>
              <Entry>False</Entry>
            </Arguments>
          </ScriptAction>
        </Actions>
      </Script>
    </Entry>
  </Scripts>
  <Triles>
    <Entry>
      <TrileEmplacement x="7" y="6" z="11"/>
      <TrileInstance trileId="432" orientation="2">
        <Position>
          <Vector3 x="7.0" y="6.0" z="11.0"/>
        </Position>
      </TrileInstance>
    </Entry>
    <Entry>
      <TrileEmplacement x="7" y="6" z="12"/>
      <TrileInstance trileId="432" orientation="2">
        <Position>
          <Vector3 x="7.0" y="6.0" z="12.0"/>
        </Position>
      </TrileInstance>
    </Entry>
    <Entry>
      <TrileEmplacement x="7" y="6" z="13"/>
      <TrileInstance trileId="432" orientation="2">
        <Position>
          <Vector3 x="7.0" y="6.0" z="13.0"/>
        </Position>
      </TrileInstance>
    </Entry>
    <Entry>
      <TrileEmplacement x="7" y="6" z="14"/>
      <TrileInstance trileId="432" orientation="2">
        <Position>
          <Vector3 x="7.0" y="6.0" z="14.0"/>
        </Position>
      </TrileInstance>
    </Entry>
    <Entry>
      <TrileEmplacement x="7" y="6" z="15"/>
      <TrileInstance trileId="433" orientation="2">
        <Position>
          <Vector3 x="7.0" y="6.0" z="15.0"/>
        </Position>
      </TrileInstance>
    </Entry>
    <Entry>
      <TrileEmplacement x="7" y="6" z="10"/>
      <TrileInstance trileId="433" orientation="2">
        <Position>
          <Vector3 x="7.0" y="6.0" z="10.0"/>
        </Position>
      </TrileInstance>
    </Entry>
    <Entry>
      <TrileEmplacement x="8" y="6" z="15"/>
      <TrileInstance trileId="432" orientation="2">
        <Position>
          <Vector3 x="8.0" y="6.0" z="15.0"/>
        </Position>
      </TrileInstance>
    </Entry>
    <Entry>
      <TrileEmplacement x="8" y="6" z="14"/>
      <TrileInstance trileId="432" orientation="2">
        <Position>
          <Vector3 x="8.0" y="6.0" z="14.0"/>
        </Position>
      </TrileInstance>
    </Entry>
    <Entry>
      <TrileEmplacement x="8" y="6" z="13"/>
      <TrileInstance trileId="432" orientation="2">
        <Position>
          <Vector3 x="8.0" y="6.0" z="13.0"/>
        </Position>
      </TrileInstance>
    </Entry>
    <Entry>
      <TrileEmplacement x="8" y="6" z="12"/>
      <TrileInstance trileId="432" orientation="2">
        <Position>
          <Vector3 x="8.0" y="6.0" z="12.0"/>
        </Position>
      </TrileInstance>
    </Entry>
    <Entry>
      <TrileEmplacement x="8" y="6" z="11"/>
      <TrileInstance trileId="432" orientation="2">
        <Position>
          <Vector3 x="8.0" y="6.0" z="11.0"/>
        </Position>
      </TrileInstance>
    </Entry>
    <Entry>
      <TrileEmplacement x="8" y="6" z="10"/>
      <TrileInstance trileId="432" orientation="2">
        <Position>
          <Vector3 x="8.0" y="6.0" z="10.0"/>
        </Position>
      </TrileInstance>
    </Entry>
    <Entry>
      <TrileEmplacement x="9" y="6" z="15"/>
      <TrileInstance trileId="432" orientation="2">
        <Position>
          <Vector3 x="9.0" y="6.0" z="15.0"/>
        </Position>
      </TrileInstance>
    </Entry>
    <Entry>
      <TrileEmplacement x="9" y="6" z="14"/>
      <TrileInstance trileId="432" orientation="2">
        <Position>
          <Vector3 x="9.0" y="6.0" z="14.0"/>
        </Position>
      </TrileInstance>
    </Entry>
    <Entry>
      <TrileEmplacement x="9" y="6" z="13"/>
      <TrileInstance trileId="432" orientation="2">
        <Position>
          <Vector3 x="9.0" y="6.0" z="13.0"/>
        </Position>
      </TrileInstance>
    </Entry>
    <Entry>
      <TrileEmplacement x="9" y="6" z="12"/>
      <TrileInstance trileId="432" orientation="2">
        <Position>
          <Vector3 x="9.0" y="6.0" z="12.0"/>
        </Position>
      </TrileInstance>
    </Entry>
    <Entry>
      <TrileEmplacement x="9" y="6" z="11"/>
      <TrileInstance trileId="432" orientation="2">
        <Position>
          <Vector3 x="9.0" y="6.0" z="11.0"/>
        </Position>
      </TrileInstance>
    </Entry>
    <Entry>
      <TrileEmplacement x="9" y="6" z="10"/>
      <TrileInstance trileId="432" orientation="2">
        <Position>
          <Vector3 x="9.0" y="6.0" z="10.0"/>
        </Position>
      </TrileInstance>
    </Entry>
    <Entry>
      <TrileEmplacement x="10" y="6" z="15"/>
      <TrileInstance trileId="433" orientation="2">
        <Position>
          <Vector3 x="10.0" y="6.0" z="15.0"/>
        </Position>
      </TrileInstance>
    </Entry>
    <Entry>
      <TrileEmplacement x="10" y="6" z="14"/>
      <TrileInstance trileId="432" orientation="2">
        <Position>
          <Vector3 x="10.0" y="6.0" z="14.0"/>
        </Position>
      </TrileInstance>
    </Entry>
    <Entry>
      <TrileEmplacement x="10" y="6" z="13"/>
      <TrileInstance trileId="432" orientation="2">
        <Position>
          <Vector3 x="10.0" y="6.0" z="13.0"/>
        </Position>
      </TrileInstance>
    </Entry>
    <Entry>
      <TrileEmplacement x="10" y="6" z="12"/>
      <TrileInstance trileId="432" orientation="2">
        <Position>
          <Vector3 x="10.0" y="6.0" z="12.0"/>
        </Position>
      </TrileInstance>
    </Entry>
    <Entry>
      <TrileEmplacement x="10" y="6" z="11"/>
      <TrileInstance trileId="432" orientation="2">
        <Position>
          <Vector3 x="10.0" y="6.0" z="11.0"/>
        </Position>
      </TrileInstance>
    </Entry>
    <Entry>
      <TrileEmplacement x="10" y="6" z="10"/>
      <TrileInstance trileId="432" orientation="2">
        <Position>
          <Vector3 x="10.0" y="6.0" z="10.0"/>
        </Position>
      </TrileInstance>
    </Entry>
    <Entry>
      <TrileEmplacement x="11" y="6" z="15"/>
      <TrileInstance trileId="432" orientation="2">
        <Position>
          <Vector3 x="11.0" y="6.0" z="15.0"/>
        </Position>
      </TrileInstance>
    </Entry>
    <Entry>
      <TrileEmplacement x="11" y="6" z="14"/>
      <TrileInstance trileId="432" orientation="2">
        <Position>
          <Vector3 x="11.0" y="6.0" z="14.0"/>
        </Position>
      </TrileInstance>
    </Entry>
    <Entry>
      <TrileEmplacement x="11" y="6" z="13"/>
      <TrileInstance trileId="432" orientation="2">
        <Position>
          <Vector3 x="11.0" y="6.0" z="13.0"/>
        </Position>
      </TrileInstance>
    </Entry>
    <Entry>
      <TrileEmplacement x="11" y="6" z="12"/>
      <TrileInstance trileId="432" orientation="2">
        <Position>
          <Vector3 x="11.0" y="6.0" z="12.0"/>
        </Position>
      </TrileInstance>
    </Entry>
    <Entry>
      <TrileEmplacement x="11" y="6" z="11"/>
      <TrileInstance trileId="432" orientation="2">
        <Position>
          <Vector3 x="11.0" y="6.0" z="11.0"/>
        </Position>
      </TrileInstance>
    </Entry>
    <Entry>
      <TrileEmplacement x="11" y="6" z="10"/>
      <TrileInstance trileId="432" orientation="2">
        <Position>
          <Vector3 x="11.0" y="6.0" z="10.0"/>
        </Position>
      </TrileInstance>
    </Entry>
    <Entry>
      <TrileEmplacement x="12" y="6" z="15"/>
      <TrileInstance trileId="432" orientation="2">
        <Position>
          <Vector3 x="12.0" y="6.0" z="15.0"/>
        </Position>
      </TrileInstance>
    </Entry>
    <Entry>
      <TrileEmplacement x="12" y="6" z="14"/>
      <TrileInstance trileId="433" orientation="2">
        <Position>
          <Vector3 x="12.0" y="6.0" z="14.0"/>
        </Position>
      </TrileInstance>
    </Entry>
    <Entry>
      <TrileEmplacement x="12" y="6" z="13"/>
      <TrileInstance trileId="432" orientation="2">
        <Position>
          <Vector3 x="12.0" y="6.0" z="13.0"/>
        </Position>
      </TrileInstance>
    </Entry>
    <Entry>
      <TrileEmplacement x="12" y="6" z="12"/>
      <TrileInstance trileId="432" orientation="2">
        <Position>
          <Vector3 x="12.0" y="6.0" z="12.0"/>
        </Position>
      </TrileInstance>
    </Entry>
    <Entry>
      <TrileEmplacement x="12" y="6" z="11"/>
      <TrileInstance trileId="433" orientation="2">
        <Position>
          <Vector3 x="12.0" y="6.0" z="11.0"/>
        </Position>
      </TrileInstance>
    </Entry>
    <Entry>
      <TrileEmplacement x="12" y="6" z="10"/>
      <TrileInstance trileId="432" orientation="2">
        <Position>
          <Vector3 x="12.0" y="6.0" z="10.0"/>
        </Position>
      </TrileInstance>
    </Entry>
    <Entry>
      <TrileEmplacement x="13" y="7" z="16"/>
      <TrileInstance trileId="428" orientation="0">
        <Position>
          <Vector3 x="13.0" y="7.0" z="16.0"/>
        </Position>
      </TrileInstance>
    </Entry>
    <Entry>
      <TrileEmplacement x="13" y="8" z="16"/>
      <TrileInstance trileId="427" orientation="0">
        <Position>
          <Vector3 x="13.0" y="8.0" z="16.0"/>
        </Position>
      </TrileInstance>
    </Entry>
    <Entry>
      <TrileEmplacement x="13" y="9" z="16"/>
      <TrileInstance trileId="428" orientation="0">
        <Position>
          <Vector3 x="13.0" y="9.0" z="16.0"/>
        </Position>
      </TrileInstance>
    </Entry>
    <Entry>
      <TrileEmplacement x="13" y="10" z="16"/>
      <TrileInstance trileId="428" orientation="0">
        <Position>
          <Vector3 x="13.0" y="10.0" z="16.0"/>
        </Position>
      </TrileInstance>
    </Entry>
    <Entry>
      <TrileEmplacement x="13" y="11" z="16"/>
      <TrileInstance trileId="427" orientation="0">
        <Position>
          <Vector3 x="13.0" y="11.0" z="16.0"/>
        </Position>
      </TrileInstance>
    </Entry>
    <Entry>
      <TrileEmplacement x="13" y="12" z="16"/>
      <TrileInstance trileId="428" orientation="0">
        <Position>
          <Vector3 x="13.0" y="12.0" z="16.0"/>
        </Position>
      </TrileInstance>
    </Entry>
    <Entry>
      <TrileEmplacement x="13" y="12" z="9"/>
      <TrileInstance trileId="427" orientation="1">
        <Position>
          <Vector3 x="13.0" y="12.0" z="9.0"/>
        </Position>
      </TrileInstance>
    </Entry>
    <Entry>
      <TrileEmplacement x="13" y="11" z="9"/>
      <TrileInstance trileId="428" orientation="1">
        <Position>
          <Vector3 x="13.0" y="11.0" z="9.0"/>
        </Position>
      </TrileInstance>
    </Entry>
    <Entry>
      <TrileEmplacement x="13" y="10" z="9"/>
      <TrileInstance trileId="428" orientation="1">
        <Position>
          <Vector3 x="13.0" y="10.0" z="9.0"/>
        </Position>
      </TrileInstance>
    </Entry>
    <Entry>
      <TrileEmplacement x="13" y="9" z="9"/>
      <TrileInstance trileId="427" orientation="1">
        <Position>
          <Vector3 x="13.0" y="9.0" z="9.0"/>
        </Position>
      </TrileInstance>
    </Entry>
    <Entry>
      <TrileEmplacement x="13" y="8" z="9"/>
      <TrileInstance trileId="428" orientation="1">
        <Position>
          <Vector3 x="13.0" y="8.0" z="9.0"/>
        </Position>
      </TrileInstance>
    </Entry>
    <Entry>
      <TrileEmplacement x="13" y="7" z="9"/>
      <TrileInstance trileId="427" orientation="1">
        <Position>
          <Vector3 x="13.0" y="7.0" z="9.0"/>
        </Position>
      </TrileInstance>
    </Entry>
    <Entry>
      <TrileEmplacement x="6" y="12" z="9"/>
      <TrileInstance trileId="427" orientation="2">
        <Position>
          <Vector3 x="6.0" y="12.0" z="9.0"/>
        </Position>
      </TrileInstance>
    </Entry>
    <Entry>
      <TrileEmplacement x="6" y="11" z="9"/>
      <TrileInstance trileId="428" orientation="2">
        <Position>
          <Vector3 x="6.0" y="11.0" z="9.0"/>
        </Position>
      </TrileInstance>
    </Entry>
    <Entry>
      <TrileEmplacement x="6" y="10" z="9"/>
      <TrileInstance trileId="428" orientation="2">
        <Position>
          <Vector3 x="6.0" y="10.0" z="9.0"/>
        </Position>
      </TrileInstance>
    </Entry>
    <Entry>
      <TrileEmplacement x="6" y="9" z="9"/>
      <TrileInstance trileId="427" orientation="2">
        <Position>
          <Vector3 x="6.0" y="9.0" z="9.0"/>
        </Position>
      </TrileInstance>
    </Entry>
    <Entry>
      <TrileEmplacement x="6" y="8" z="9"/>
      <TrileInstance trileId="428" orientation="2">
        <Position>
          <Vector3 x="6.0" y="8.0" z="9.0"/>
        </Position>
      </TrileInstance>
    </Entry>
    <Entry>
      <TrileEmplacement x="6" y="7" z="9"/>
      <TrileInstance trileId="427" orientation="2">
        <Position>
          <Vector3 x="6.0" y="7.0" z="9.0"/>
        </Position>
      </TrileInstance>
    </Entry>
    <Entry>
      <TrileEmplacement x="6" y="12" z="16"/>
      <TrileInstance trileId="427" orientation="3">
        <Position>
          <Vector3 x="6.0" y="12.0" z="16.0"/>
        </Position>
      </TrileInstance>
    </Entry>
    <Entry>
      <TrileEmplacement x="6" y="11" z="16"/>
      <TrileInstance trileId="428" orientation="3">
        <Position>
          <Vector3 x="6.0" y="11.0" z="16.0"/>
        </Position>
      </TrileInstance>
    </Entry>
    <Entry>
      <TrileEmplacement x="6" y="10" z="16"/>
      <TrileInstance trileId="427" orientation="3">
        <Position>
          <Vector3 x="6.0" y="10.0" z="16.0"/>
        </Position>
      </TrileInstance>
    </Entry>
    <Entry>
      <TrileEmplacement x="6" y="9" z="16"/>
      <TrileInstance trileId="427" orientation="3">
        <Position>
          <Vector3 x="6.0" y="9.0" z="16.0"/>
        </Position>
      </TrileInstance>
    </Entry>
    <Entry>
      <TrileEmplacement x="6" y="8" z="16"/>
      <TrileInstance trileId="428" orientation="3">
        <Position>
          <Vector3 x="6.0" y="8.0" z="16.0"/>
        </Position>
      </TrileInstance>
    </Entry>
    <Entry>
      <TrileEmplacement x="6" y="7" z="16"/>
      <TrileInstance trileId="427" orientation="3">
        <Position>
          <Vector3 x="6.0" y="7.0" z="16.0"/>
        </Position>
      </TrileInstance>
    </Entry>
    <Entry>
      <TrileEmplacement x="12" y="13" z="15"/>
      <TrileInstance trileId="431" orientation="0">
        <Position>
          <Vector3 x="12.0" y="13.0" z="15.0"/>
        </Position>
      </TrileInstance>
    </Entry>
    <Entry>
      <TrileEmplacement x="12" y="13" z="14"/>
      <TrileInstance trileId="426" orientation="0">
        <Position>
          <Vector3 x="12.0" y="13.0" z="14.0"/>
        </Position>
      </TrileInstance>
    </Entry>
    <Entry>
      <TrileEmplacement x="12" y="13" z="13"/>
      <TrileInstance trileId="431" orientation="0">
        <Position>
          <Vector3 x="12.0" y="13.0" z="13.0"/>
        </Position>
      </TrileInstance>
    </Entry>
    <Entry>
      <TrileEmplacement x="12" y="13" z="12"/>
      <TrileInstance trileId="431" orientation="0">
        <Position>
          <Vector3 x="12.0" y="13.0" z="12.0"/>
        </Position>
      </TrileInstance>
    </Entry>
    <Entry>
      <TrileEmplacement x="12" y="13" z="11"/>
      <TrileInstance trileId="426" orientation="0">
        <Position>
          <Vector3 x="12.0" y="13.0" z="11.0"/>
        </Position>
      </TrileInstance>
    </Entry>
    <Entry>
      <TrileEmplacement x="12" y="13" z="10"/>
      <TrileInstance trileId="426" orientation="0">
        <Position>
          <Vector3 x="12.0" y="13.0" z="10.0"/>
        </Position>
      </TrileInstance>
    </Entry>
    <Entry>
      <TrileEmplacement x="11" y="13" z="10"/>
      <TrileInstance trileId="431" orientation="0">
        <Position>
          <Vector3 x="11.0" y="13.0" z="10.0"/>
        </Position>
      </TrileInstance>
    </Entry>
    <Entry>
      <TrileEmplacement x="11" y="13" z="11"/>
      <TrileInstance trileId="431" orientation="0">
        <Position>
          <Vector3 x="11.0" y="13.0" z="11.0"/>
        </Position>
      </TrileInstance>
    </Entry>
    <Entry>
      <TrileEmplacement x="11" y="13" z="12"/>
      <TrileInstance trileId="431" orientation="0">
        <Position>
          <Vector3 x="11.0" y="13.0" z="12.0"/>
        </Position>
      </TrileInstance>
    </Entry>
    <Entry>
      <TrileEmplacement x="11" y="13" z="13"/>
      <TrileInstance trileId="431" orientation="0">
        <Position>
          <Vector3 x="11.0" y="13.0" z="13.0"/>
        </Position>
      </TrileInstance>
    </Entry>
    <Entry>
      <TrileEmplacement x="11" y="13" z="14"/>
      <TrileInstance trileId="431" orientation="0">
        <Position>
          <Vector3 x="11.0" y="13.0" z="14.0"/>
        </Position>
      </TrileInstance>
    </Entry>
    <Entry>
      <TrileEmplacement x="11" y="13" z="15"/>
      <TrileInstance trileId="431" orientation="0">
        <Position>
          <Vector3 x="11.0" y="13.0" z="15.0"/>
        </Position>
      </TrileInstance>
    </Entry>
    <Entry>
      <TrileEmplacement x="10" y="13" z="10"/>
      <TrileInstance trileId="431" orientation="0">
        <Position>
          <Vector3 x="10.0" y="13.0" z="10.0"/>
        </Position>
      </TrileInstance>
    </Entry>
    <Entry>
      <TrileEmplacement x="10" y="13" z="11"/>
      <TrileInstance trileId="431" orientation="0">
        <Position>
          <Vector3 x="10.0" y="13.0" z="11.0"/>
        </Position>
      </TrileInstance>
    </Entry>
    <Entry>
      <TrileEmplacement x="10" y="13" z="12"/>
      <TrileInstance trileId="431" orientation="0">
        <Position>
          <Vector3 x="10.0" y="13.0" z="12.0"/>
        </Position>
      </TrileInstance>
    </Entry>
    <Entry>
      <TrileEmplacement x="10" y="13" z="13"/>
      <TrileInstance trileId="431" orientation="0">
        <Position>
          <Vector3 x="10.0" y="13.0" z="13.0"/>
        </Position>
      </TrileInstance>
    </Entry>
    <Entry>
      <TrileEmplacement x="10" y="13" z="14"/>
      <TrileInstance trileId="431" orientation="0">
        <Position>
          <Vector3 x="10.0" y="13.0" z="14.0"/>
        </Position>
      </TrileInstance>
    </Entry>
    <Entry>
      <TrileEmplacement x="10" y="13" z="15"/>
      <TrileInstance trileId="426" orientation="0">
        <Position>
          <Vector3 x="10.0" y="13.0" z="15.0"/>
        </Position>
      </TrileInstance>
    </Entry>
    <Entry>
      <TrileEmplacement x="9" y="13" z="10"/>
      <TrileInstance trileId="431" orientation="0">
        <Position>
          <Vector3 x="9.0" y="13.0" z="10.0"/>
        </Position>
      </TrileInstance>
    </Entry>
    <Entry>
      <TrileEmplacement x="9" y="13" z="11"/>
      <TrileInstance trileId="431" orientation="0">
        <Position>
          <Vector3 x="9.0" y="13.0" z="11.0"/>
        </Position>
      </TrileInstance>
    </Entry>
    <Entry>
      <TrileEmplacement x="9" y="13" z="12"/>
      <TrileInstance trileId="431" orientation="0">
        <Position>
          <Vector3 x="9.0" y="13.0" z="12.0"/>
        </Position>
      </TrileInstance>
    </Entry>
    <Entry>
      <TrileEmplacement x="9" y="13" z="13"/>
      <TrileInstance trileId="431" orientation="0">
        <Position>
          <Vector3 x="9.0" y="13.0" z="13.0"/>
        </Position>
      </TrileInstance>
    </Entry>
    <Entry>
      <TrileEmplacement x="9" y="13" z="14"/>
      <TrileInstance trileId="431" orientation="0">
        <Position>
          <Vector3 x="9.0" y="13.0" z="14.0"/>
        </Position>
      </TrileInstance>
    </Entry>
    <Entry>
      <TrileEmplacement x="9" y="13" z="15"/>
      <TrileInstance trileId="431" orientation="0">
        <Position>
          <Vector3 x="9.0" y="13.0" z="15.0"/>
        </Position>
      </TrileInstance>
    </Entry>
    <Entry>
      <TrileEmplacement x="8" y="13" z="10"/>
      <TrileInstance trileId="431" orientation="0">
        <Position>
          <Vector3 x="8.0" y="13.0" z="10.0"/>
        </Position>
      </TrileInstance>
    </Entry>
    <Entry>
      <TrileEmplacement x="8" y="13" z="11"/>
      <TrileInstance trileId="431" orientation="0">
        <Position>
          <Vector3 x="8.0" y="13.0" z="11.0"/>
        </Position>
      </TrileInstance>
    </Entry>
    <Entry>
      <TrileEmplacement x="8" y="13" z="12"/>
      <TrileInstance trileId="431" orientation="0">
        <Position>
          <Vector3 x="8.0" y="13.0" z="12.0"/>
        </Position>
      </TrileInstance>
    </Entry>
    <Entry>
      <TrileEmplacement x="8" y="13" z="13"/>
      <TrileInstance trileId="431" orientation="0">
        <Position>
          <Vector3 x="8.0" y="13.0" z="13.0"/>
        </Position>
      </TrileInstance>
    </Entry>
    <Entry>
      <TrileEmplacement x="8" y="13" z="14"/>
      <TrileInstance trileId="431" orientation="0">
        <Position>
          <Vector3 x="8.0" y="13.0" z="14.0"/>
        </Position>
      </TrileInstance>
    </Entry>
    <Entry>
      <TrileEmplacement x="8" y="13" z="15"/>
      <TrileInstance trileId="426" orientation="0">
        <Position>
          <Vector3 x="8.0" y="13.0" z="15.0"/>
        </Position>
      </TrileInstance>
    </Entry>
    <Entry>
      <TrileEmplacement x="7" y="13" z="10"/>
      <TrileInstance trileId="431" orientation="0">
        <Position>
          <Vector3 x="7.0" y="13.0" z="10.0"/>
        </Position>
      </TrileInstance>
    </Entry>
    <Entry>
      <TrileEmplacement x="7" y="13" z="11"/>
      <TrileInstance trileId="426" orientation="0">
        <Position>
          <Vector3 x="7.0" y="13.0" z="11.0"/>
        </Position>
      </TrileInstance>
    </Entry>
    <Entry>
      <TrileEmplacement x="7" y="13" z="12"/>
      <TrileInstance trileId="431" orientation="0">
        <Position>
          <Vector3 x="7.0" y="13.0" z="12.0"/>
        </Position>
      </TrileInstance>
    </Entry>
    <Entry>
      <TrileEmplacement x="7" y="13" z="13"/>
      <TrileInstance trileId="426" orientation="0">
        <Position>
          <Vector3 x="7.0" y="13.0" z="13.0"/>
        </Position>
      </TrileInstance>
    </Entry>
    <Entry>
      <TrileEmplacement x="7" y="13" z="14"/>
      <TrileInstance trileId="431" orientation="0">
        <Position>
          <Vector3 x="7.0" y="13.0" z="14.0"/>
        </Position>
      </TrileInstance>
    </Entry>
    <Entry>
      <TrileEmplacement x="7" y="13" z="15"/>
      <TrileInstance trileId="431" orientation="0">
        <Position>
          <Vector3 x="7.0" y="13.0" z="15.0"/>
        </Position>
      </TrileInstance>
    </Entry>
    <Entry>
      <TrileEmplacement x="13" y="13" z="9"/>
      <TrileInstance trileId="430" orientation="1">
        <Position>
          <Vector3 x="13.0" y="12.5" z="9.0"/>
        </Position>
      </TrileInstance>
    </Entry>
    <Entry>
      <TrileEmplacement x="13" y="13" z="16"/>
      <TrileInstance trileId="430" orientation="0">
        <Position>
          <Vector3 x="13.0" y="12.5" z="16.0"/>
        </Position>
      </TrileInstance>
    </Entry>
    <Entry>
      <TrileEmplacement x="6" y="13" z="16"/>
      <TrileInstance trileId="430" orientation="3">
        <Position>
          <Vector3 x="6.0" y="12.5" z="16.0"/>
        </Position>
      </TrileInstance>
    </Entry>
    <Entry>
      <TrileEmplacement x="6" y="13" z="9"/>
      <TrileInstance trileId="430" orientation="2">
        <Position>
          <Vector3 x="6.0" y="12.5" z="9.0"/>
        </Position>
      </TrileInstance>
    </Entry>
    <Entry>
      <TrileEmplacement x="6" y="6" z="16"/>
      <TrileInstance trileId="429" orientation="3">
        <Position>
          <Vector3 x="6.0" y="6.0" z="16.0"/>
        </Position>
      </TrileInstance>
    </Entry>
    <Entry>
      <TrileEmplacement x="13" y="6" z="16"/>
      <TrileInstance trileId="429" orientation="0">
        <Position>
          <Vector3 x="13.0" y="6.0" z="16.0"/>
        </Position>
      </TrileInstance>
    </Entry>
    <Entry>
      <TrileEmplacement x="13" y="6" z="9"/>
      <TrileInstance trileId="429" orientation="1">
        <Position>
          <Vector3 x="13.0" y="6.0" z="9.0"/>
        </Position>
      </TrileInstance>
    </Entry>
    <Entry>
      <TrileEmplacement x="6" y="6" z="9"/>
      <TrileInstance trileId="429" orientation="2">
        <Position>
          <Vector3 x="6.0" y="6.0" z="9.0"/>
        </Position>
      </TrileInstance>
    </Entry>
    <Entry>
      <TrileEmplacement x="10" y="7" z="14"/>
      <TrileInstance trileId="307" orientation="2">
        <Position>
          <Vector3 x="9.75" y="7.0" z="13.625"/>
        </Position>
      </TrileInstance>
    </Entry>
    <Entry>
      <TrileEmplacement x="9" y="7" z="14"/>
      <TrileInstance trileId="307" orientation="2">
        <Position>
          <Vector3 x="8.75" y="7.0" z="13.625"/>
        </Position>
      </TrileInstance>
    </Entry>
    <Entry>
      <TrileEmplacement x="10" y="7" z="15"/>
      <TrileInstance trileId="307" orientation="2">
        <Position>
          <Vector3 x="9.75" y="7.0" z="14.625"/>
        </Position>
      </TrileInstance>
    </Entry>
    <Entry>
      <TrileEmplacement x="10" y="8" z="14"/>
      <TrileInstance trileId="307" orientation="2">
        <Position>
          <Vector3 x="9.75" y="8.0" z="13.625"/>
        </Position>
      </TrileInstance>
    </Entry>
    <Entry>
      <TrileEmplacement x="10" y="10" z="14"/>
      <TrileInstance trileId="307" orientation="2">
        <Position>
          <Vector3 x="9.75" y="10.0" z="13.625"/>
        </Position>
      </TrileInstance>
    </Entry>
    <Entry>
      <TrileEmplacement x="9" y="7" z="15"/>
      <TrileInstance trileId="307" orientation="2">
        <Position>
          <Vector3 x="8.75" y="7.0" z="14.625"/>
        </Position>
      </TrileInstance>
    </Entry>
    <Entry>
      <TrileEmplacement x="10" y="10" z="15"/>
      <TrileInstance trileId="307" orientation="2">
        <Position>
          <Vector3 x="9.75" y="10.0" z="14.625"/>
        </Position>
      </TrileInstance>
    </Entry>
    <Entry>
      <TrileEmplacement x="10" y="8" z="15"/>
      <TrileInstance trileId="307" orientation="2">
        <Position>
          <Vector3 x="9.75" y="8.0" z="14.625"/>
        </Position>
      </TrileInstance>
    </Entry>
    <Entry>
      <TrileEmplacement x="9" y="10" z="14"/>
      <TrileInstance trileId="307" orientation="2">
        <Position>
          <Vector3 x="8.75" y="10.0" z="13.625"/>
        </Position>
      </TrileInstance>
    </Entry>
    <Entry>
      <TrileEmplacement x="9" y="10" z="15"/>
      <TrileInstance trileId="307" orientation="2">
        <Position>
          <Vector3 x="8.75" y="10.0" z="14.625"/>
        </Position>
      </TrileInstance>
    </Entry>
    <Entry>
      <TrileEmplacement x="9" y="8" z="15"/>
      <TrileInstance trileId="307" orientation="2">
        <Position>
          <Vector3 x="8.75" y="8.0" z="14.625"/>
        </Position>
      </TrileInstance>
    </Entry>
    <Entry>
      <TrileEmplacement x="10" y="9" z="14"/>
      <TrileInstance trileId="307" orientation="2">
        <Position>
          <Vector3 x="9.75" y="9.0" z="13.625"/>
        </Position>
      </TrileInstance>
    </Entry>
    <Entry>
      <TrileEmplacement x="10" y="9" z="15"/>
      <TrileInstance trileId="307" orientation="2">
        <Position>
          <Vector3 x="9.75" y="9.0" z="14.625"/>
        </Position>
      </TrileInstance>
    </Entry>
    <Entry>
      <TrileEmplacement x="9" y="9" z="14"/>
      <TrileInstance trileId="307" orientation="2">
        <Position>
          <Vector3 x="8.75" y="9.0" z="13.625"/>
        </Position>
      </TrileInstance>
    </Entry>
    <Entry>
      <TrileEmplacement x="9" y="9" z="15"/>
      <TrileInstance trileId="307" orientation="2">
        <Position>
          <Vector3 x="8.75" y="9.0" z="14.625"/>
        </Position>
      </TrileInstance>
    </Entry>
    <Entry>
      <TrileEmplacement x="9" y="8" z="14"/>
      <TrileInstance trileId="307" orientation="2">
        <Position>
          <Vector3 x="8.75" y="8.0" z="13.625"/>
        </Position>
      </TrileInstance>
    </Entry>
    <Entry>
      <TrileEmplacement x="8" y="7" z="15"/>
      <TrileInstance trileId="307" orientation="2">
        <Position>
          <Vector3 x="7.8125" y="7.0" z="14.75"/>
        </Position>
      </TrileInstance>
    </Entry>
    <Entry>
      <TrileEmplacement x="9" y="10" z="13"/>
      <TrileInstance trileId="307" orientation="2">
        <Position>
          <Vector3 x="8.75" y="10.0" z="12.625"/>
        </Position>
      </TrileInstance>
    </Entry>
    <Entry>
      <TrileEmplacement x="10" y="10" z="13"/>
      <TrileInstance trileId="307" orientation="2">
        <Position>
          <Vector3 x="9.75" y="10.0" z="12.625"/>
        </Position>
      </TrileInstance>
    </Entry>
    <Entry>
      <TrileEmplacement x="9" y="9" z="13"/>
      <TrileInstance trileId="307" orientation="2">
        <Position>
          <Vector3 x="8.75" y="9.0" z="12.625"/>
        </Position>
      </TrileInstance>
    </Entry>
    <Entry>
      <TrileEmplacement x="10" y="9" z="13"/>
      <TrileInstance trileId="307" orientation="2">
        <Position>
          <Vector3 x="9.75" y="9.0" z="12.625"/>
        </Position>
      </TrileInstance>
    </Entry>
    <Entry>
      <TrileEmplacement x="9" y="8" z="13"/>
      <TrileInstance trileId="307" orientation="2">
        <Position>
          <Vector3 x="8.75" y="8.0" z="12.625"/>
        </Position>
      </TrileInstance>
    </Entry>
    <Entry>
      <TrileEmplacement x="10" y="8" z="13"/>
      <TrileInstance trileId="307" orientation="2">
        <Position>
          <Vector3 x="9.75" y="8.0" z="12.625"/>
        </Position>
      </TrileInstance>
    </Entry>
    <Entry>
      <TrileEmplacement x="9" y="7" z="13"/>
      <TrileInstance trileId="307" orientation="2">
        <Position>
          <Vector3 x="8.75" y="7.0" z="12.625"/>
        </Position>
      </TrileInstance>
    </Entry>
    <Entry>
      <TrileEmplacement x="10" y="7" z="13"/>
      <TrileInstance trileId="307" orientation="2">
        <Position>
          <Vector3 x="9.75" y="7.0" z="12.625"/>
        </Position>
      </TrileInstance>
    </Entry>
    <Entry>
      <TrileEmplacement x="11" y="10" z="15"/>
      <TrileInstance trileId="307" orientation="2">
        <Position>
          <Vector3 x="10.75" y="10.0" z="14.625"/>
        </Position>
      </TrileInstance>
    </Entry>
    <Entry>
      <TrileEmplacement x="11" y="9" z="15"/>
      <TrileInstance trileId="307" orientation="2">
        <Position>
          <Vector3 x="10.75" y="9.0" z="14.625"/>
        </Position>
      </TrileInstance>
    </Entry>
    <Entry>
      <TrileEmplacement x="11" y="8" z="15"/>
      <TrileInstance trileId="307" orientation="2">
        <Position>
          <Vector3 x="10.75" y="8.0" z="14.625"/>
        </Position>
      </TrileInstance>
    </Entry>
    <Entry>
      <TrileEmplacement x="11" y="7" z="15"/>
      <TrileInstance trileId="307" orientation="2">
        <Position>
          <Vector3 x="10.75" y="7.0" z="14.625"/>
        </Position>
      </TrileInstance>
    </Entry>
    <Entry>
      <TrileEmplacement x="11" y="10" z="14"/>
      <TrileInstance trileId="307" orientation="2">
        <Position>
          <Vector3 x="10.75" y="10.0" z="13.625"/>
        </Position>
      </TrileInstance>
    </Entry>
    <Entry>
      <TrileEmplacement x="11" y="9" z="14"/>
      <TrileInstance trileId="307" orientation="2">
        <Position>
          <Vector3 x="10.75" y="9.0" z="13.625"/>
        </Position>
      </TrileInstance>
    </Entry>
    <Entry>
      <TrileEmplacement x="11" y="8" z="14"/>
      <TrileInstance trileId="307" orientation="2">
        <Position>
          <Vector3 x="10.75" y="8.0" z="13.625"/>
        </Position>
      </TrileInstance>
    </Entry>
    <Entry>
      <TrileEmplacement x="11" y="7" z="14"/>
      <TrileInstance trileId="307" orientation="2">
        <Position>
          <Vector3 x="10.75" y="7.0" z="13.625"/>
        </Position>
      </TrileInstance>
    </Entry>
    <Entry>
      <TrileEmplacement x="11" y="10" z="13"/>
      <TrileInstance trileId="307" orientation="2">
        <Position>
          <Vector3 x="10.75" y="10.0" z="12.625"/>
        </Position>
      </TrileInstance>
    </Entry>
    <Entry>
      <TrileEmplacement x="11" y="9" z="13"/>
      <TrileInstance trileId="307" orientation="2">
        <Position>
          <Vector3 x="10.75" y="9.0" z="12.625"/>
        </Position>
      </TrileInstance>
    </Entry>
    <Entry>
      <TrileEmplacement x="11" y="8" z="13"/>
      <TrileInstance trileId="307" orientation="2">
        <Position>
          <Vector3 x="10.75" y="8.0" z="12.625"/>
        </Position>
      </TrileInstance>
    </Entry>
    <Entry>
      <TrileEmplacement x="11" y="7" z="13"/>
      <TrileInstance trileId="307" orientation="2">
        <Position>
          <Vector3 x="10.75" y="7.0" z="12.625"/>
        </Position>
      </TrileInstance>
    </Entry>
    <Entry>
      <TrileEmplacement x="10" y="10" z="12"/>
      <TrileInstance trileId="307" orientation="2">
        <Position>
          <Vector3 x="9.75" y="9.5625" z="11.625"/>
        </Position>
      </TrileInstance>
    </Entry>
    <Entry>
      <TrileEmplacement x="10" y="11" z="12"/>
      <TrileInstance trileId="307" orientation="2">
        <Position>
          <Vector3 x="9.75" y="10.5625" z="11.625"/>
        </Position>
      </TrileInstance>
    </Entry>
    <Entry>
      <TrileEmplacement x="10" y="12" z="12"/>
      <TrileInstance trileId="307" orientation="2">
        <Position>
          <Vector3 x="9.75" y="11.5625" z="11.625"/>
        </Position>
      </TrileInstance>
    </Entry>
  </Triles>
  <ArtObjects>
    <Entry key="2">
      <ArtObjectInstance name="INT_CHAIRAO">
        <Position>
          <Vector3 x="7.9375" y="7.5" z="15.25"/>
        </Position>
        <Rotation>
          <Quaternion x="0.0" y="0.0" z="0.0" w="1.0"/>
        </Rotation>
        <Scale>
          <Vector3 x="1.0" y="1.0" z="1.0"/>
        </Scale>
        <ArtObjectActorSettings inactive="False" spinEvery="0.0" spinOffset="0.0" offCenter="False" timeswitchWindBackSpeed="0.0" containedTrile="None" spinView="None">
          <RotationCenter>
            <Vector3 x="0.0" y="0.0" z="0.0"/>
          </RotationCenter>
        </ArtObjectActorSettings>
      </ArtObjectInstance>
    </Entry>
    <Entry key="7">
      <ArtObjectInstance name="INT_BOILER_NUZUAO">
        <Position>
          <Vector3 x="10.25" y="11.0" z="14.0"/>
        </Position>
        <Rotation>
          <Quaternion x="0.0" y="1.0" z="0.0" w="0.0"/>
        </Rotation>
        <Scale>
          <Vector3 x="1.0" y="1.0" z="1.0"/>
        </Scale>
        <ArtObjectActorSettings inactive="False" spinEvery="0.0" spinOffset="0.0" offCenter="False" timeswitchWindBackSpeed="0.0" containedTrile="None" spinView="None">
          <RotationCenter>
            <Vector3 x="0.0" y="0.0" z="0.0"/>
          </RotationCenter>
        </ArtObjectActorSettings>
      </ArtObjectInstance>
    </Entry>
    <Entry key="6">
      <ArtObjectInstance name="INT_MOP_BUCKETAO">
        <Position>
          <Vector3 x="11.6875" y="8.0" z="11.0625"/>
        </Position>
        <Rotation>
          <Quaternion x="0.0" y="1.0" z="0.0" w="0.0"/>
        </Rotation>
        <Scale>
          <Vector3 x="1.0" y="1.0" z="1.0"/>
        </Scale>
        <ArtObjectActorSettings inactive="False" spinEvery="0.0" spinOffset="0.0" offCenter="False" timeswitchWindBackSpeed="0.0" containedTrile="None" spinView="None">
          <RotationCenter>
            <Vector3 x="0.0" y="0.0" z="0.0"/>
          </RotationCenter>
        </ArtObjectActorSettings>
      </ArtObjectInstance>
    </Entry>
  </ArtObjects>
  <BackgroundPlanes>
    <Entry key="3">
      <BackgroundPlane textureName="NUZU_BOILERROOM_B" lightMap="False" allowOverbrightness="False" animated="False" doubleSided="False" opacity="1.0" billboard="False" syncWithSamples="False" crosshatch="False" unknown="False" alwaysOnTop="False" fullbright="False" pixelatedLightmap="False" xTextureRepeat="False" yTextureRepeat="False" clampTexture="False" parallaxFactor="0.0" filter="#FFFFFFFF" actorType="None">
        <Position>
          <Vector3 x="13.0" y="10.0" z="13.0"/>
        </Position>
        <Rotation>
          <Quaternion x="0.0" y="0.707107007504" z="0.0" w="-0.707107007504"/>
        </Rotation>
        <Scale>
          <Vector3 x="1.0" y="1.0" z="1.0"/>
        </Scale>
      </BackgroundPlane>
    </Entry>
    <Entry key="1">
      <BackgroundPlane textureName="NUZU_BOILERROOM_A" lightMap="False" allowOverbrightness="False" animated="False" doubleSided="False" opacity="1.0" billboard="False" syncWithSamples="False" crosshatch="False" unknown="False" alwaysOnTop="False" fullbright="False" pixelatedLightmap="False" xTextureRepeat="False" yTextureRepeat="False" clampTexture="False" parallaxFactor="0.0" filter="#FFFFFFFF" actorType="None">
        <Position>
          <Vector3 x="7.0" y="10.0" z="13.0"/>
        </Position>
        <Rotation>
          <Quaternion x="0.0" y="0.707107007504" z="0.0" w="0.707107007504"/>
        </Rotation>
        <Scale>
          <Vector3 x="1.0" y="1.0" z="1.0"/>
        </Scale>
      </BackgroundPlane>
    </Entry>
    <Entry key="0">
      <BackgroundPlane textureName="NUZU_BOILERROOM_A" lightMap="False" allowOverbrightness="False" animated="False" doubleSided="False" opacity="1.0" billboard="False" syncWithSamples="False" crosshatch="False" unknown="False" alwaysOnTop="False" fullbright="False" pixelatedLightmap="False" xTextureRepeat="False" yTextureRepeat="False" clampTexture="False" parallaxFactor="0.0" filter="#FFFFFFFF" actorType="None">
        <Position>
          <Vector3 x="10.0" y="10.0" z="10.0"/>
        </Position>
        <Rotation>
          <Quaternion x="0.0" y="0.0" z="0.0" w="-1.0"/>
        </Rotation>
        <Scale>
          <Vector3 x="1.0" y="1.0" z="1.0"/>
        </Scale>
      </BackgroundPlane>
    </Entry>
    <Entry key="2">
      <BackgroundPlane textureName="NUZU_BOILERROOM_A" lightMap="False" allowOverbrightness="False" animated="False" doubleSided="False" opacity="1.0" billboard="False" syncWithSamples="False" crosshatch="False" unknown="False" alwaysOnTop="False" fullbright="False" pixelatedLightmap="False" xTextureRepeat="False" yTextureRepeat="False" clampTexture="False" parallaxFactor="0.0" filter="#FFFFFFFF" actorType="None">
        <Position>
          <Vector3 x="10.0" y="10.0" z="16.0"/>
        </Position>
        <Rotation>
          <Quaternion x="0.0" y="1.0" z="0.0" w="0.0"/>
        </Rotation>
        <Scale>
          <Vector3 x="1.0" y="1.0" z="1.0"/>
        </Scale>
      </BackgroundPlane>
    </Entry>
  </BackgroundPlanes>
  <Groups/>
  <NonplayerCharacters/>
  <Paths/>
  <MutedLoops/>
  <AmbienceTracks>
    <AmbienceTrack dawn="True" day="True" dusk="True" night="True" name="Ambience ^ industrial_city"/>
    <AmbienceTrack dawn="True" day="True" dusk="True" night="True" name="Ambience ^ rain"/>
  </AmbienceTracks>
</Level>
