<?xml version='1.0' encoding='UTF-8'?>
<Level flat="True" skipPostprocess="True" baseDiffuse="0.930000007153" baseAmbient="0.810000002384" haloFiltering="True" blinkingAlpha="False" loops="False" waterHeight="0.0" skyName="BLACK" fapFadeoutStart="0" fapFadeoutLength="0" descending="False" rainy="False" lowPass="True" quantum="False" name="PARLOR_2D" waterType="None" trileSetName="Untitled" nodeType="Node">
  <Size>
    <Vector3 x="23.0" y="22.0" z="10.0"/>
  </Size>
  <StartingPosition>
    <TrileFace face="Right">
      <TrileId>
        <TrileEmplacement x="21" y="0" z="8"/>
      </TrileId>
    </TrileFace>
  </StartingPosition>
  <Volumes>
    <Entry key="0">
      <Volume>
        <Orientations>
          <FaceOrientation>Back</FaceOrientation>
          <FaceOrientation>Front</FaceOrientation>
          <FaceOrientation>Left</FaceOrientation>
          <FaceOrientation>Right</FaceOrientation>
        </Orientations>
        <From>
          <Vector3 x="2.0" y="0.0" z="0.0"/>
        </From>
        <To>
          <Vector3 x="23.0" y="10.0" z="10.0"/>
        </To>
      </Volume>
    </Entry>
    <Entry key="1">
      <Volume>
        <Orientations>
          <FaceOrientation>Right</FaceOrientation>
        </Orientations>
        <From>
          <Vector3 x="14.0" y="1.0" z="7.5"/>
        </From>
        <To>
          <Vector3 x="15.0" y="3.0" z="8.5"/>
        </To>
      </Volume>
    </Entry>
  </Volumes>
  <Scripts>
    <Entry key="1">
      <Script name="Untitled" oneTime="False" triggerless="False" ignoreEndTriggers="False" levelWideOneTime="False" disabled="False" isWinCondition="False">
        <Triggers>
          <ScriptTrigger event="Enter">
            <Entity entityType="Volume" identifier="0"/>
          </ScriptTrigger>
        </Triggers>
        <Actions>
          <ScriptAction operation="FocusCamera" killswitch="False" blocking="False">
            <Entity entityType="Volume" identifier="0"/>
            <Arguments>
              <Entry>4</Entry>
            </Arguments>
          </ScriptAction>
        </Actions>
      </Script>
    </Entry>
    <Entry key="3">
      <Script name="Untitled" oneTime="False" triggerless="False" ignoreEndTriggers="False" levelWideOneTime="False" disabled="False" isWinCondition="False">
        <Triggers>
          <ScriptTrigger event="Enter">
            <Entity entityType="Volume" identifier="1"/>
          </ScriptTrigger>
        </Triggers>
        <Actions>
          <ScriptAction operation="ChangeLevelToVolume" killswitch="False" blocking="False">
            <Entity entityType="Level"/>
            <Arguments>
              <Entry>VILLAGEVILLE_2D</Entry>
              <Entry>10</Entry>
              <Entry>True</Entry>
              <Entry>False</Entry>
            </Arguments>
          </ScriptAction>
        </Actions>
      </Script>
    </Entry>
  </Scripts>
  <Triles>
    <Entry>
      <TrileEmplacement x="14" y="9" z="8"/>
      <TrileInstance trileId="426" orientation="2">
        <Position>
          <Vector3 x="14.0" y="9.0" z="8.0"/>
        </Position>
      </TrileInstance>
    </Entry>
    <Entry>
      <TrileEmplacement x="14" y="9" z="7"/>
      <TrileInstance trileId="431" orientation="2">
        <Position>
          <Vector3 x="14.0" y="9.0" z="7.0"/>
        </Position>
      </TrileInstance>
    </Entry>
    <Entry>
      <TrileEmplacement x="14" y="9" z="6"/>
      <TrileInstance trileId="426" orientation="2">
        <Position>
          <Vector3 x="14.0" y="9.0" z="6.0"/>
        </Position>
      </TrileInstance>
    </Entry>
    <Entry>
      <TrileEmplacement x="14" y="9" z="5"/>
      <TrileInstance trileId="426" orientation="2">
        <Position>
          <Vector3 x="14.0" y="9.0" z="5.0"/>
        </Position>
      </TrileInstance>
    </Entry>
    <Entry>
      <TrileEmplacement x="14" y="9" z="4"/>
      <TrileInstance trileId="431" orientation="2">
        <Position>
          <Vector3 x="14.0" y="9.0" z="4.0"/>
        </Position>
      </TrileInstance>
    </Entry>
    <Entry>
      <TrileEmplacement x="14" y="9" z="3"/>
      <TrileInstance trileId="426" orientation="2">
        <Position>
          <Vector3 x="14.0" y="9.0" z="3.0"/>
        </Position>
      </TrileInstance>
    </Entry>
    <Entry>
      <TrileEmplacement x="14" y="9" z="2"/>
      <TrileInstance trileId="431" orientation="2">
        <Position>
          <Vector3 x="14.0" y="9.0" z="2.0"/>
        </Position>
      </TrileInstance>
    </Entry>
    <Entry>
      <TrileEmplacement x="14" y="9" z="1"/>
      <TrileInstance trileId="431" orientation="2">
        <Position>
          <Vector3 x="14.0" y="9.0" z="1.0"/>
        </Position>
      </TrileInstance>
    </Entry>
    <Entry>
      <TrileEmplacement x="15" y="9" z="8"/>
      <TrileInstance trileId="431" orientation="2">
        <Position>
          <Vector3 x="15.0" y="9.0" z="8.0"/>
        </Position>
      </TrileInstance>
    </Entry>
    <Entry>
      <TrileEmplacement x="15" y="9" z="7"/>
      <TrileInstance trileId="431" orientation="2">
        <Position>
          <Vector3 x="15.0" y="9.0" z="7.0"/>
        </Position>
      </TrileInstance>
    </Entry>
    <Entry>
      <TrileEmplacement x="15" y="9" z="6"/>
      <TrileInstance trileId="431" orientation="2">
        <Position>
          <Vector3 x="15.0" y="9.0" z="6.0"/>
        </Position>
      </TrileInstance>
    </Entry>
    <Entry>
      <TrileEmplacement x="15" y="9" z="5"/>
      <TrileInstance trileId="431" orientation="2">
        <Position>
          <Vector3 x="15.0" y="9.0" z="5.0"/>
        </Position>
      </TrileInstance>
    </Entry>
    <Entry>
      <TrileEmplacement x="15" y="9" z="4"/>
      <TrileInstance trileId="431" orientation="2">
        <Position>
          <Vector3 x="15.0" y="9.0" z="4.0"/>
        </Position>
      </TrileInstance>
    </Entry>
    <Entry>
      <TrileEmplacement x="15" y="9" z="3"/>
      <TrileInstance trileId="431" orientation="2">
        <Position>
          <Vector3 x="15.0" y="9.0" z="3.0"/>
        </Position>
      </TrileInstance>
    </Entry>
    <Entry>
      <TrileEmplacement x="15" y="9" z="2"/>
      <TrileInstance trileId="431" orientation="2">
        <Position>
          <Vector3 x="15.0" y="9.0" z="2.0"/>
        </Position>
      </TrileInstance>
    </Entry>
    <Entry>
      <TrileEmplacement x="15" y="9" z="1"/>
      <TrileInstance trileId="431" orientation="2">
        <Position>
          <Vector3 x="15.0" y="9.0" z="1.0"/>
        </Position>
      </TrileInstance>
    </Entry>
    <Entry>
      <TrileEmplacement x="16" y="9" z="8"/>
      <TrileInstance trileId="431" orientation="2">
        <Position>
          <Vector3 x="16.0" y="9.0" z="8.0"/>
        </Position>
      </TrileInstance>
    </Entry>
    <Entry>
      <TrileEmplacement x="16" y="9" z="7"/>
      <TrileInstance trileId="431" orientation="2">
        <Position>
          <Vector3 x="16.0" y="9.0" z="7.0"/>
        </Position>
      </TrileInstance>
    </Entry>
    <Entry>
      <TrileEmplacement x="16" y="9" z="6"/>
      <TrileInstance trileId="431" orientation="2">
        <Position>
          <Vector3 x="16.0" y="9.0" z="6.0"/>
        </Position>
      </TrileInstance>
    </Entry>
    <Entry>
      <TrileEmplacement x="16" y="9" z="5"/>
      <TrileInstance trileId="431" orientation="2">
        <Position>
          <Vector3 x="16.0" y="9.0" z="5.0"/>
        </Position>
      </TrileInstance>
    </Entry>
    <Entry>
      <TrileEmplacement x="16" y="9" z="4"/>
      <TrileInstance trileId="431" orientation="2">
        <Position>
          <Vector3 x="16.0" y="9.0" z="4.0"/>
        </Position>
      </TrileInstance>
    </Entry>
    <Entry>
      <TrileEmplacement x="16" y="9" z="3"/>
      <TrileInstance trileId="431" orientation="2">
        <Position>
          <Vector3 x="16.0" y="9.0" z="3.0"/>
        </Position>
      </TrileInstance>
    </Entry>
    <Entry>
      <TrileEmplacement x="16" y="9" z="2"/>
      <TrileInstance trileId="431" orientation="2">
        <Position>
          <Vector3 x="16.0" y="9.0" z="2.0"/>
        </Position>
      </TrileInstance>
    </Entry>
    <Entry>
      <TrileEmplacement x="16" y="9" z="1"/>
      <TrileInstance trileId="426" orientation="2">
        <Position>
          <Vector3 x="16.0" y="9.0" z="1.0"/>
        </Position>
      </TrileInstance>
    </Entry>
    <Entry>
      <TrileEmplacement x="17" y="9" z="8"/>
      <TrileInstance trileId="431" orientation="2">
        <Position>
          <Vector3 x="17.0" y="9.0" z="8.0"/>
        </Position>
      </TrileInstance>
    </Entry>
    <Entry>
      <TrileEmplacement x="17" y="9" z="7"/>
      <TrileInstance trileId="431" orientation="2">
        <Position>
          <Vector3 x="17.0" y="9.0" z="7.0"/>
        </Position>
      </TrileInstance>
    </Entry>
    <Entry>
      <TrileEmplacement x="17" y="9" z="6"/>
      <TrileInstance trileId="431" orientation="2">
        <Position>
          <Vector3 x="17.0" y="9.0" z="6.0"/>
        </Position>
      </TrileInstance>
    </Entry>
    <Entry>
      <TrileEmplacement x="17" y="9" z="5"/>
      <TrileInstance trileId="431" orientation="2">
        <Position>
          <Vector3 x="17.0" y="9.0" z="5.0"/>
        </Position>
      </TrileInstance>
    </Entry>
    <Entry>
      <TrileEmplacement x="17" y="9" z="4"/>
      <TrileInstance trileId="431" orientation="2">
        <Position>
          <Vector3 x="17.0" y="9.0" z="4.0"/>
        </Position>
      </TrileInstance>
    </Entry>
    <Entry>
      <TrileEmplacement x="17" y="9" z="3"/>
      <TrileInstance trileId="431" orientation="2">
        <Position>
          <Vector3 x="17.0" y="9.0" z="3.0"/>
        </Position>
      </TrileInstance>
    </Entry>
    <Entry>
      <TrileEmplacement x="17" y="9" z="2"/>
      <TrileInstance trileId="431" orientation="2">
        <Position>
          <Vector3 x="17.0" y="9.0" z="2.0"/>
        </Position>
      </TrileInstance>
    </Entry>
    <Entry>
      <TrileEmplacement x="17" y="9" z="1"/>
      <TrileInstance trileId="431" orientation="2">
        <Position>
          <Vector3 x="17.0" y="9.0" z="1.0"/>
        </Position>
      </TrileInstance>
    </Entry>
    <Entry>
      <TrileEmplacement x="22" y="9" z="0"/>
      <TrileInstance trileId="430" orientation="1">
        <Position>
          <Vector3 x="22.0" y="8.5" z="0.0"/>
        </Position>
      </TrileInstance>
    </Entry>
    <Entry>
      <TrileEmplacement x="13" y="8" z="0"/>
      <TrileInstance trileId="427" orientation="2">
        <Position>
          <Vector3 x="13.0" y="8.0" z="0.0"/>
        </Position>
      </TrileInstance>
    </Entry>
    <Entry>
      <TrileEmplacement x="22" y="8" z="0"/>
      <TrileInstance trileId="427" orientation="1">
        <Position>
          <Vector3 x="22.0" y="8.0" z="0.0"/>
        </Position>
      </TrileInstance>
    </Entry>
    <Entry>
      <TrileEmplacement x="13" y="7" z="0"/>
      <TrileInstance trileId="428" orientation="2">
        <Position>
          <Vector3 x="13.0" y="7.0" z="0.0"/>
        </Position>
      </TrileInstance>
    </Entry>
    <Entry>
      <TrileEmplacement x="22" y="7" z="0"/>
      <TrileInstance trileId="428" orientation="1">
        <Position>
          <Vector3 x="22.0" y="7.0" z="0.0"/>
        </Position>
      </TrileInstance>
    </Entry>
    <Entry>
      <TrileEmplacement x="13" y="6" z="0"/>
      <TrileInstance trileId="428" orientation="2">
        <Position>
          <Vector3 x="13.0" y="6.0" z="0.0"/>
        </Position>
      </TrileInstance>
    </Entry>
    <Entry>
      <TrileEmplacement x="22" y="6" z="0"/>
      <TrileInstance trileId="427" orientation="1">
        <Position>
          <Vector3 x="22.0" y="6.0" z="0.0"/>
        </Position>
      </TrileInstance>
    </Entry>
    <Entry>
      <TrileEmplacement x="13" y="5" z="0"/>
      <TrileInstance trileId="427" orientation="2">
        <Position>
          <Vector3 x="13.0" y="5.0" z="0.0"/>
        </Position>
      </TrileInstance>
    </Entry>
    <Entry>
      <TrileEmplacement x="22" y="5" z="0"/>
      <TrileInstance trileId="427" orientation="1">
        <Position>
          <Vector3 x="22.0" y="5.0" z="0.0"/>
        </Position>
      </TrileInstance>
    </Entry>
    <Entry>
      <TrileEmplacement x="13" y="4" z="0"/>
      <TrileInstance trileId="427" orientation="2">
        <Position>
          <Vector3 x="13.0" y="4.0" z="0.0"/>
        </Position>
      </TrileInstance>
    </Entry>
    <Entry>
      <TrileEmplacement x="22" y="4" z="0"/>
      <TrileInstance trileId="428" orientation="1">
        <Position>
          <Vector3 x="22.0" y="4.0" z="0.0"/>
        </Position>
      </TrileInstance>
    </Entry>
    <Entry>
      <TrileEmplacement x="13" y="3" z="0"/>
      <TrileInstance trileId="428" orientation="2">
        <Position>
          <Vector3 x="13.0" y="3.0" z="0.0"/>
        </Position>
      </TrileInstance>
    </Entry>
    <Entry>
      <TrileEmplacement x="22" y="3" z="0"/>
      <TrileInstance trileId="428" orientation="1">
        <Position>
          <Vector3 x="22.0" y="3.0" z="0.0"/>
        </Position>
      </TrileInstance>
    </Entry>
    <Entry>
      <TrileEmplacement x="13" y="2" z="0"/>
      <TrileInstance trileId="427" orientation="2">
        <Position>
          <Vector3 x="13.0" y="2.0" z="0.0"/>
        </Position>
      </TrileInstance>
    </Entry>
    <Entry>
      <TrileEmplacement x="22" y="2" z="0"/>
      <TrileInstance trileId="427" orientation="1">
        <Position>
          <Vector3 x="22.0" y="2.0" z="0.0"/>
        </Position>
      </TrileInstance>
    </Entry>
    <Entry>
      <TrileEmplacement x="13" y="1" z="0"/>
      <TrileInstance trileId="428" orientation="2">
        <Position>
          <Vector3 x="13.0" y="1.0" z="0.0"/>
        </Position>
      </TrileInstance>
    </Entry>
    <Entry>
      <TrileEmplacement x="22" y="1" z="0"/>
      <TrileInstance trileId="427" orientation="1">
        <Position>
          <Vector3 x="22.0" y="1.0" z="0.0"/>
        </Position>
      </TrileInstance>
    </Entry>
    <Entry>
      <TrileEmplacement x="20" y="9" z="8"/>
      <TrileInstance trileId="426" orientation="2">
        <Position>
          <Vector3 x="20.0" y="9.0" z="8.0"/>
        </Position>
      </TrileInstance>
    </Entry>
    <Entry>
      <TrileEmplacement x="20" y="9" z="7"/>
      <TrileInstance trileId="431" orientation="2">
        <Position>
          <Vector3 x="20.0" y="9.0" z="7.0"/>
        </Position>
      </TrileInstance>
    </Entry>
    <Entry>
      <TrileEmplacement x="20" y="9" z="6"/>
      <TrileInstance trileId="431" orientation="2">
        <Position>
          <Vector3 x="20.0" y="9.0" z="6.0"/>
        </Position>
      </TrileInstance>
    </Entry>
    <Entry>
      <TrileEmplacement x="20" y="9" z="5"/>
      <TrileInstance trileId="431" orientation="2">
        <Position>
          <Vector3 x="20.0" y="9.0" z="5.0"/>
        </Position>
      </TrileInstance>
    </Entry>
    <Entry>
      <TrileEmplacement x="20" y="9" z="4"/>
      <TrileInstance trileId="431" orientation="2">
        <Position>
          <Vector3 x="20.0" y="9.0" z="4.0"/>
        </Position>
      </TrileInstance>
    </Entry>
    <Entry>
      <TrileEmplacement x="20" y="9" z="3"/>
      <TrileInstance trileId="431" orientation="2">
        <Position>
          <Vector3 x="20.0" y="9.0" z="3.0"/>
        </Position>
      </TrileInstance>
    </Entry>
    <Entry>
      <TrileEmplacement x="20" y="9" z="2"/>
      <TrileInstance trileId="431" orientation="2">
        <Position>
          <Vector3 x="20.0" y="9.0" z="2.0"/>
        </Position>
      </TrileInstance>
    </Entry>
    <Entry>
      <TrileEmplacement x="20" y="9" z="1"/>
      <TrileInstance trileId="431" orientation="2">
        <Position>
          <Vector3 x="20.0" y="9.0" z="1.0"/>
        </Position>
      </TrileInstance>
    </Entry>
    <Entry>
      <TrileEmplacement x="21" y="9" z="8"/>
      <TrileInstance trileId="426" orientation="2">
        <Position>
          <Vector3 x="21.0" y="9.0" z="8.0"/>
        </Position>
      </TrileInstance>
    </Entry>
    <Entry>
      <TrileEmplacement x="21" y="9" z="7"/>
      <TrileInstance trileId="426" orientation="2">
        <Position>
          <Vector3 x="21.0" y="9.0" z="7.0"/>
        </Position>
      </TrileInstance>
    </Entry>
    <Entry>
      <TrileEmplacement x="19" y="9" z="1"/>
      <TrileInstance trileId="431" orientation="2">
        <Position>
          <Vector3 x="19.0" y="9.0" z="1.0"/>
        </Position>
      </TrileInstance>
    </Entry>
    <Entry>
      <TrileEmplacement x="14" y="0" z="1"/>
      <TrileInstance trileId="433" orientation="2">
        <Position>
          <Vector3 x="14.0" y="0.0" z="1.0"/>
        </Position>
      </TrileInstance>
    </Entry>
    <Entry>
      <TrileEmplacement x="15" y="0" z="1"/>
      <TrileInstance trileId="432" orientation="2">
        <Position>
          <Vector3 x="15.0" y="0.0" z="1.0"/>
        </Position>
      </TrileInstance>
    </Entry>
    <Entry>
      <TrileEmplacement x="16" y="0" z="1"/>
      <TrileInstance trileId="432" orientation="2">
        <Position>
          <Vector3 x="16.0" y="0.0" z="1.0"/>
        </Position>
      </TrileInstance>
    </Entry>
    <Entry>
      <TrileEmplacement x="17" y="0" z="1"/>
      <TrileInstance trileId="433" orientation="2">
        <Position>
          <Vector3 x="17.0" y="0.0" z="1.0"/>
        </Position>
      </TrileInstance>
    </Entry>
    <Entry>
      <TrileEmplacement x="18" y="0" z="1"/>
      <TrileInstance trileId="433" orientation="2">
        <Position>
          <Vector3 x="18.0" y="0.0" z="1.0"/>
        </Position>
      </TrileInstance>
    </Entry>
    <Entry>
      <TrileEmplacement x="19" y="0" z="1"/>
      <TrileInstance trileId="432" orientation="2">
        <Position>
          <Vector3 x="19.0" y="0.0" z="1.0"/>
        </Position>
      </TrileInstance>
    </Entry>
    <Entry>
      <TrileEmplacement x="20" y="0" z="1"/>
      <TrileInstance trileId="432" orientation="2">
        <Position>
          <Vector3 x="20.0" y="0.0" z="1.0"/>
        </Position>
      </TrileInstance>
    </Entry>
    <Entry>
      <TrileEmplacement x="21" y="0" z="1"/>
      <TrileInstance trileId="433" orientation="2">
        <Position>
          <Vector3 x="21.0" y="0.0" z="1.0"/>
        </Position>
      </TrileInstance>
    </Entry>
    <Entry>
      <TrileEmplacement x="22" y="0" z="0"/>
      <TrileInstance trileId="429" orientation="1">
        <Position>
          <Vector3 x="22.0" y="0.0" z="0.0"/>
        </Position>
      </TrileInstance>
    </Entry>
    <Entry>
      <TrileEmplacement x="19" y="9" z="2"/>
      <TrileInstance trileId="431" orientation="2">
        <Position>
          <Vector3 x="19.0" y="9.0" z="2.0"/>
        </Position>
      </TrileInstance>
    </Entry>
    <Entry>
      <TrileEmplacement x="14" y="0" z="2"/>
      <TrileInstance trileId="432" orientation="2">
        <Position>
          <Vector3 x="14.0" y="0.0" z="2.0"/>
        </Position>
      </TrileInstance>
    </Entry>
    <Entry>
      <TrileEmplacement x="15" y="0" z="2"/>
      <TrileInstance trileId="432" orientation="2">
        <Position>
          <Vector3 x="15.0" y="0.0" z="2.0"/>
        </Position>
      </TrileInstance>
    </Entry>
    <Entry>
      <TrileEmplacement x="16" y="0" z="2"/>
      <TrileInstance trileId="432" orientation="2">
        <Position>
          <Vector3 x="16.0" y="0.0" z="2.0"/>
        </Position>
      </TrileInstance>
    </Entry>
    <Entry>
      <TrileEmplacement x="17" y="0" z="2"/>
      <TrileInstance trileId="432" orientation="2">
        <Position>
          <Vector3 x="17.0" y="0.0" z="2.0"/>
        </Position>
      </TrileInstance>
    </Entry>
    <Entry>
      <TrileEmplacement x="18" y="0" z="2"/>
      <TrileInstance trileId="432" orientation="2">
        <Position>
          <Vector3 x="18.0" y="0.0" z="2.0"/>
        </Position>
      </TrileInstance>
    </Entry>
    <Entry>
      <TrileEmplacement x="22" y="9" z="9"/>
      <TrileInstance trileId="430" orientation="0">
        <Position>
          <Vector3 x="22.0" y="8.5" z="9.0"/>
        </Position>
      </TrileInstance>
    </Entry>
    <Entry>
      <TrileEmplacement x="13" y="9" z="9"/>
      <TrileInstance trileId="430" orientation="3">
        <Position>
          <Vector3 x="13.0" y="8.5" z="9.0"/>
        </Position>
      </TrileInstance>
    </Entry>
    <Entry>
      <TrileEmplacement x="13" y="0" z="9"/>
      <TrileInstance trileId="429" orientation="3">
        <Position>
          <Vector3 x="13.0" y="0.0" z="9.0"/>
        </Position>
      </TrileInstance>
    </Entry>
    <Entry>
      <TrileEmplacement x="13" y="1" z="9"/>
      <TrileInstance trileId="428" orientation="3">
        <Position>
          <Vector3 x="13.0" y="1.0" z="9.0"/>
        </Position>
      </TrileInstance>
    </Entry>
    <Entry>
      <TrileEmplacement x="13" y="2" z="9"/>
      <TrileInstance trileId="428" orientation="3">
        <Position>
          <Vector3 x="13.0" y="2.0" z="9.0"/>
        </Position>
      </TrileInstance>
    </Entry>
    <Entry>
      <TrileEmplacement x="13" y="3" z="9"/>
      <TrileInstance trileId="427" orientation="3">
        <Position>
          <Vector3 x="13.0" y="3.0" z="9.0"/>
        </Position>
      </TrileInstance>
    </Entry>
    <Entry>
      <TrileEmplacement x="13" y="4" z="9"/>
      <TrileInstance trileId="428" orientation="3">
        <Position>
          <Vector3 x="13.0" y="4.0" z="9.0"/>
        </Position>
      </TrileInstance>
    </Entry>
    <Entry>
      <TrileEmplacement x="13" y="5" z="9"/>
      <TrileInstance trileId="427" orientation="3">
        <Position>
          <Vector3 x="13.0" y="5.0" z="9.0"/>
        </Position>
      </TrileInstance>
    </Entry>
    <Entry>
      <TrileEmplacement x="13" y="6" z="9"/>
      <TrileInstance trileId="428" orientation="3">
        <Position>
          <Vector3 x="13.0" y="6.0" z="9.0"/>
        </Position>
      </TrileInstance>
    </Entry>
    <Entry>
      <TrileEmplacement x="13" y="7" z="9"/>
      <TrileInstance trileId="427" orientation="3">
        <Position>
          <Vector3 x="13.0" y="7.0" z="9.0"/>
        </Position>
      </TrileInstance>
    </Entry>
    <Entry>
      <TrileEmplacement x="13" y="8" z="9"/>
      <TrileInstance trileId="428" orientation="3">
        <Position>
          <Vector3 x="13.0" y="8.0" z="9.0"/>
        </Position>
      </TrileInstance>
    </Entry>
    <Entry>
      <TrileEmplacement x="22" y="0" z="9"/>
      <TrileInstance trileId="429" orientation="0">
        <Position>
          <Vector3 x="22.0" y="0.0" z="9.0"/>
        </Position>
      </TrileInstance>
    </Entry>
    <Entry>
      <TrileEmplacement x="22" y="1" z="9"/>
      <TrileInstance trileId="427" orientation="0">
        <Position>
          <Vector3 x="22.0" y="1.0" z="9.0"/>
        </Position>
      </TrileInstance>
    </Entry>
    <Entry>
      <TrileEmplacement x="22" y="2" z="9"/>
      <TrileInstance trileId="427" orientation="0">
        <Position>
          <Vector3 x="22.0" y="2.0" z="9.0"/>
        </Position>
      </TrileInstance>
    </Entry>
    <Entry>
      <TrileEmplacement x="22" y="3" z="9"/>
      <TrileInstance trileId="428" orientation="0">
        <Position>
          <Vector3 x="22.0" y="3.0" z="9.0"/>
        </Position>
      </TrileInstance>
    </Entry>
    <Entry>
      <TrileEmplacement x="22" y="4" z="9"/>
      <TrileInstance trileId="427" orientation="0">
        <Position>
          <Vector3 x="22.0" y="4.0" z="9.0"/>
        </Position>
      </TrileInstance>
    </Entry>
    <Entry>
      <TrileEmplacement x="22" y="5" z="9"/>
      <TrileInstance trileId="427" orientation="0">
        <Position>
          <Vector3 x="22.0" y="5.0" z="9.0"/>
        </Position>
      </TrileInstance>
    </Entry>
    <Entry>
      <TrileEmplacement x="22" y="6" z="9"/>
      <TrileInstance trileId="428" orientation="0">
        <Position>
          <Vector3 x="22.0" y="6.0" z="9.0"/>
        </Position>
      </TrileInstance>
    </Entry>
    <Entry>
      <TrileEmplacement x="22" y="7" z="9"/>
      <TrileInstance trileId="427" orientation="0">
        <Position>
          <Vector3 x="22.0" y="7.0" z="9.0"/>
        </Position>
      </TrileInstance>
    </Entry>
    <Entry>
      <TrileEmplacement x="22" y="8" z="9"/>
      <TrileInstance trileId="428" orientation="0">
        <Position>
          <Vector3 x="22.0" y="8.0" z="9.0"/>
        </Position>
      </TrileInstance>
    </Entry>
    <Entry>
      <TrileEmplacement x="16" y="0" z="3"/>
      <TrileInstance trileId="432" orientation="2">
        <Position>
          <Vector3 x="16.0" y="0.0" z="3.0"/>
        </Position>
      </TrileInstance>
    </Entry>
    <Entry>
      <TrileEmplacement x="15" y="0" z="3"/>
      <TrileInstance trileId="432" orientation="2">
        <Position>
          <Vector3 x="15.0" y="0.0" z="3.0"/>
        </Position>
      </TrileInstance>
    </Entry>
    <Entry>
      <TrileEmplacement x="14" y="0" z="3"/>
      <TrileInstance trileId="433" orientation="2">
        <Position>
          <Vector3 x="14.0" y="0.0" z="3.0"/>
        </Position>
      </TrileInstance>
    </Entry>
    <Entry>
      <TrileEmplacement x="19" y="9" z="3"/>
      <TrileInstance trileId="431" orientation="2">
        <Position>
          <Vector3 x="19.0" y="9.0" z="3.0"/>
        </Position>
      </TrileInstance>
    </Entry>
    <Entry>
      <TrileEmplacement x="13" y="0" z="0"/>
      <TrileInstance trileId="429" orientation="2">
        <Position>
          <Vector3 x="13.0" y="0.0" z="0.0"/>
        </Position>
      </TrileInstance>
    </Entry>
    <Entry>
      <TrileEmplacement x="21" y="0" z="2"/>
      <TrileInstance trileId="433" orientation="2">
        <Position>
          <Vector3 x="21.0" y="0.0" z="2.0"/>
        </Position>
      </TrileInstance>
    </Entry>
    <Entry>
      <TrileEmplacement x="20" y="0" z="2"/>
      <TrileInstance trileId="432" orientation="2">
        <Position>
          <Vector3 x="20.0" y="0.0" z="2.0"/>
        </Position>
      </TrileInstance>
    </Entry>
    <Entry>
      <TrileEmplacement x="19" y="0" z="2"/>
      <TrileInstance trileId="432" orientation="2">
        <Position>
          <Vector3 x="19.0" y="0.0" z="2.0"/>
        </Position>
      </TrileInstance>
    </Entry>
    <Entry>
      <TrileEmplacement x="18" y="9" z="1"/>
      <TrileInstance trileId="426" orientation="2">
        <Position>
          <Vector3 x="18.0" y="9.0" z="1.0"/>
        </Position>
      </TrileInstance>
    </Entry>
    <Entry>
      <TrileEmplacement x="21" y="9" z="6"/>
      <TrileInstance trileId="431" orientation="2">
        <Position>
          <Vector3 x="21.0" y="9.0" z="6.0"/>
        </Position>
      </TrileInstance>
    </Entry>
    <Entry>
      <TrileEmplacement x="14" y="0" z="8"/>
      <TrileInstance trileId="432" orientation="2">
        <Position>
          <Vector3 x="14.0" y="0.0" z="8.0"/>
        </Position>
      </TrileInstance>
    </Entry>
    <Entry>
      <TrileEmplacement x="16" y="0" z="7"/>
      <TrileInstance trileId="432" orientation="2">
        <Position>
          <Vector3 x="16.0" y="0.0" z="7.0"/>
        </Position>
      </TrileInstance>
    </Entry>
    <Entry>
      <TrileEmplacement x="18" y="0" z="6"/>
      <TrileInstance trileId="432" orientation="2">
        <Position>
          <Vector3 x="18.0" y="0.0" z="6.0"/>
        </Position>
      </TrileInstance>
    </Entry>
    <Entry>
      <TrileEmplacement x="20" y="0" z="5"/>
      <TrileInstance trileId="432" orientation="2">
        <Position>
          <Vector3 x="20.0" y="0.0" z="5.0"/>
        </Position>
      </TrileInstance>
    </Entry>
    <Entry>
      <TrileEmplacement x="21" y="9" z="2"/>
      <TrileInstance trileId="431" orientation="2">
        <Position>
          <Vector3 x="21.0" y="9.0" z="2.0"/>
        </Position>
      </TrileInstance>
    </Entry>
    <Entry>
      <TrileEmplacement x="14" y="0" z="4"/>
      <TrileInstance trileId="433" orientation="2">
        <Position>
          <Vector3 x="14.0" y="0.0" z="4.0"/>
        </Position>
      </TrileInstance>
    </Entry>
    <Entry>
      <TrileEmplacement x="18" y="9" z="2"/>
      <TrileInstance trileId="431" orientation="2">
        <Position>
          <Vector3 x="18.0" y="9.0" z="2.0"/>
        </Position>
      </TrileInstance>
    </Entry>
    <Entry>
      <TrileEmplacement x="21" y="0" z="8"/>
      <TrileInstance trileId="433" orientation="2">
        <Position>
          <Vector3 x="21.0" y="0.0" z="8.0"/>
        </Position>
      </TrileInstance>
    </Entry>
    <Entry>
      <TrileEmplacement x="19" y="9" z="8"/>
      <TrileInstance trileId="431" orientation="2">
        <Position>
          <Vector3 x="19.0" y="9.0" z="8.0"/>
        </Position>
      </TrileInstance>
    </Entry>
    <Entry>
      <TrileEmplacement x="15" y="0" z="7"/>
      <TrileInstance trileId="432" orientation="2">
        <Position>
          <Vector3 x="15.0" y="0.0" z="7.0"/>
        </Position>
      </TrileInstance>
    </Entry>
    <Entry>
      <TrileEmplacement x="17" y="0" z="6"/>
      <TrileInstance trileId="432" orientation="2">
        <Position>
          <Vector3 x="17.0" y="0.0" z="6.0"/>
        </Position>
      </TrileInstance>
    </Entry>
    <Entry>
      <TrileEmplacement x="19" y="0" z="5"/>
      <TrileInstance trileId="432" orientation="2">
        <Position>
          <Vector3 x="19.0" y="0.0" z="5.0"/>
        </Position>
      </TrileInstance>
    </Entry>
    <Entry>
      <TrileEmplacement x="21" y="0" z="4"/>
      <TrileInstance trileId="433" orientation="2">
        <Position>
          <Vector3 x="21.0" y="0.0" z="4.0"/>
        </Position>
      </TrileInstance>
    </Entry>
    <Entry>
      <TrileEmplacement x="19" y="9" z="4"/>
      <TrileInstance trileId="431" orientation="2">
        <Position>
          <Vector3 x="19.0" y="9.0" z="4.0"/>
        </Position>
      </TrileInstance>
    </Entry>
    <Entry>
      <TrileEmplacement x="18" y="9" z="3"/>
      <TrileInstance trileId="431" orientation="2">
        <Position>
          <Vector3 x="18.0" y="9.0" z="3.0"/>
        </Position>
      </TrileInstance>
    </Entry>
    <Entry>
      <TrileEmplacement x="20" y="0" z="8"/>
      <TrileInstance trileId="432" orientation="2">
        <Position>
          <Vector3 x="20.0" y="0.0" z="8.0"/>
        </Position>
      </TrileInstance>
    </Entry>
    <Entry>
      <TrileEmplacement x="21" y="9" z="5"/>
      <TrileInstance trileId="431" orientation="2">
        <Position>
          <Vector3 x="21.0" y="9.0" z="5.0"/>
        </Position>
      </TrileInstance>
    </Entry>
    <Entry>
      <TrileEmplacement x="14" y="0" z="7"/>
      <TrileInstance trileId="433" orientation="2">
        <Position>
          <Vector3 x="14.0" y="0.0" z="7.0"/>
        </Position>
      </TrileInstance>
    </Entry>
    <Entry>
      <TrileEmplacement x="16" y="0" z="6"/>
      <TrileInstance trileId="432" orientation="2">
        <Position>
          <Vector3 x="16.0" y="0.0" z="6.0"/>
        </Position>
      </TrileInstance>
    </Entry>
    <Entry>
      <TrileEmplacement x="18" y="0" z="5"/>
      <TrileInstance trileId="432" orientation="2">
        <Position>
          <Vector3 x="18.0" y="0.0" z="5.0"/>
        </Position>
      </TrileInstance>
    </Entry>
    <Entry>
      <TrileEmplacement x="20" y="0" z="4"/>
      <TrileInstance trileId="432" orientation="2">
        <Position>
          <Vector3 x="20.0" y="0.0" z="4.0"/>
        </Position>
      </TrileInstance>
    </Entry>
    <Entry>
      <TrileEmplacement x="21" y="9" z="1"/>
      <TrileInstance trileId="426" orientation="2">
        <Position>
          <Vector3 x="21.0" y="9.0" z="1.0"/>
        </Position>
      </TrileInstance>
    </Entry>
    <Entry>
      <TrileEmplacement x="18" y="9" z="4"/>
      <TrileInstance trileId="431" orientation="2">
        <Position>
          <Vector3 x="18.0" y="9.0" z="4.0"/>
        </Position>
      </TrileInstance>
    </Entry>
    <Entry>
      <TrileEmplacement x="19" y="0" z="8"/>
      <TrileInstance trileId="433" orientation="2">
        <Position>
          <Vector3 x="19.0" y="0.0" z="8.0"/>
        </Position>
      </TrileInstance>
    </Entry>
    <Entry>
      <TrileEmplacement x="21" y="0" z="7"/>
      <TrileInstance trileId="432" orientation="2">
        <Position>
          <Vector3 x="21.0" y="0.0" z="7.0"/>
        </Position>
      </TrileInstance>
    </Entry>
    <Entry>
      <TrileEmplacement x="19" y="9" z="7"/>
      <TrileInstance trileId="431" orientation="2">
        <Position>
          <Vector3 x="19.0" y="9.0" z="7.0"/>
        </Position>
      </TrileInstance>
    </Entry>
    <Entry>
      <TrileEmplacement x="15" y="0" z="6"/>
      <TrileInstance trileId="432" orientation="2">
        <Position>
          <Vector3 x="15.0" y="0.0" z="6.0"/>
        </Position>
      </TrileInstance>
    </Entry>
    <Entry>
      <TrileEmplacement x="17" y="0" z="5"/>
      <TrileInstance trileId="432" orientation="2">
        <Position>
          <Vector3 x="17.0" y="0.0" z="5.0"/>
        </Position>
      </TrileInstance>
    </Entry>
    <Entry>
      <TrileEmplacement x="19" y="0" z="4"/>
      <TrileInstance trileId="432" orientation="2">
        <Position>
          <Vector3 x="19.0" y="0.0" z="4.0"/>
        </Position>
      </TrileInstance>
    </Entry>
    <Entry>
      <TrileEmplacement x="21" y="0" z="3"/>
      <TrileInstance trileId="432" orientation="2">
        <Position>
          <Vector3 x="21.0" y="0.0" z="3.0"/>
        </Position>
      </TrileInstance>
    </Entry>
    <Entry>
      <TrileEmplacement x="18" y="9" z="5"/>
      <TrileInstance trileId="431" orientation="2">
        <Position>
          <Vector3 x="18.0" y="9.0" z="5.0"/>
        </Position>
      </TrileInstance>
    </Entry>
    <Entry>
      <TrileEmplacement x="18" y="0" z="8"/>
      <TrileInstance trileId="433" orientation="2">
        <Position>
          <Vector3 x="18.0" y="0.0" z="8.0"/>
        </Position>
      </TrileInstance>
    </Entry>
    <Entry>
      <TrileEmplacement x="20" y="0" z="7"/>
      <TrileInstance trileId="432" orientation="2">
        <Position>
          <Vector3 x="20.0" y="0.0" z="7.0"/>
        </Position>
      </TrileInstance>
    </Entry>
    <Entry>
      <TrileEmplacement x="21" y="9" z="4"/>
      <TrileInstance trileId="426" orientation="2">
        <Position>
          <Vector3 x="21.0" y="9.0" z="4.0"/>
        </Position>
      </TrileInstance>
    </Entry>
    <Entry>
      <TrileEmplacement x="14" y="0" z="6"/>
      <TrileInstance trileId="433" orientation="2">
        <Position>
          <Vector3 x="14.0" y="0.0" z="6.0"/>
        </Position>
      </TrileInstance>
    </Entry>
    <Entry>
      <TrileEmplacement x="16" y="0" z="5"/>
      <TrileInstance trileId="432" orientation="2">
        <Position>
          <Vector3 x="16.0" y="0.0" z="5.0"/>
        </Position>
      </TrileInstance>
    </Entry>
    <Entry>
      <TrileEmplacement x="18" y="0" z="4"/>
      <TrileInstance trileId="432" orientation="2">
        <Position>
          <Vector3 x="18.0" y="0.0" z="4.0"/>
        </Position>
      </TrileInstance>
    </Entry>
    <Entry>
      <TrileEmplacement x="20" y="0" z="3"/>
      <TrileInstance trileId="432" orientation="2">
        <Position>
          <Vector3 x="20.0" y="0.0" z="3.0"/>
        </Position>
      </TrileInstance>
    </Entry>
    <Entry>
      <TrileEmplacement x="18" y="9" z="6"/>
      <TrileInstance trileId="431" orientation="2">
        <Position>
          <Vector3 x="18.0" y="9.0" z="6.0"/>
        </Position>
      </TrileInstance>
    </Entry>
    <Entry>
      <TrileEmplacement x="17" y="0" z="8"/>
      <TrileInstance trileId="432" orientation="2">
        <Position>
          <Vector3 x="17.0" y="0.0" z="8.0"/>
        </Position>
      </TrileInstance>
    </Entry>
    <Entry>
      <TrileEmplacement x="19" y="0" z="7"/>
      <TrileInstance trileId="432" orientation="2">
        <Position>
          <Vector3 x="19.0" y="0.0" z="7.0"/>
        </Position>
      </TrileInstance>
    </Entry>
    <Entry>
      <TrileEmplacement x="21" y="0" z="6"/>
      <TrileInstance trileId="432" orientation="2">
        <Position>
          <Vector3 x="21.0" y="0.0" z="6.0"/>
        </Position>
      </TrileInstance>
    </Entry>
    <Entry>
      <TrileEmplacement x="19" y="9" z="6"/>
      <TrileInstance trileId="431" orientation="2">
        <Position>
          <Vector3 x="19.0" y="9.0" z="6.0"/>
        </Position>
      </TrileInstance>
    </Entry>
    <Entry>
      <TrileEmplacement x="15" y="0" z="5"/>
      <TrileInstance trileId="432" orientation="2">
        <Position>
          <Vector3 x="15.0" y="0.0" z="5.0"/>
        </Position>
      </TrileInstance>
    </Entry>
    <Entry>
      <TrileEmplacement x="17" y="0" z="4"/>
      <TrileInstance trileId="432" orientation="2">
        <Position>
          <Vector3 x="17.0" y="0.0" z="4.0"/>
        </Position>
      </TrileInstance>
    </Entry>
    <Entry>
      <TrileEmplacement x="19" y="0" z="3"/>
      <TrileInstance trileId="432" orientation="2">
        <Position>
          <Vector3 x="19.0" y="0.0" z="3.0"/>
        </Position>
      </TrileInstance>
    </Entry>
    <Entry>
      <TrileEmplacement x="18" y="9" z="7"/>
      <TrileInstance trileId="431" orientation="2">
        <Position>
          <Vector3 x="18.0" y="9.0" z="7.0"/>
        </Position>
      </TrileInstance>
    </Entry>
    <Entry>
      <TrileEmplacement x="16" y="0" z="8"/>
      <TrileInstance trileId="432" orientation="2">
        <Position>
          <Vector3 x="16.0" y="0.0" z="8.0"/>
        </Position>
      </TrileInstance>
    </Entry>
    <Entry>
      <TrileEmplacement x="18" y="0" z="7"/>
      <TrileInstance trileId="432" orientation="2">
        <Position>
          <Vector3 x="18.0" y="0.0" z="7.0"/>
        </Position>
      </TrileInstance>
    </Entry>
    <Entry>
      <TrileEmplacement x="20" y="0" z="6"/>
      <TrileInstance trileId="432" orientation="2">
        <Position>
          <Vector3 x="20.0" y="0.0" z="6.0"/>
        </Position>
      </TrileInstance>
    </Entry>
    <Entry>
      <TrileEmplacement x="21" y="9" z="3"/>
      <TrileInstance trileId="431" orientation="2">
        <Position>
          <Vector3 x="21.0" y="9.0" z="3.0"/>
        </Position>
      </TrileInstance>
    </Entry>
    <Entry>
      <TrileEmplacement x="14" y="0" z="5"/>
      <TrileInstance trileId="432" orientation="2">
        <Position>
          <Vector3 x="14.0" y="0.0" z="5.0"/>
        </Position>
      </TrileInstance>
    </Entry>
    <Entry>
      <TrileEmplacement x="16" y="0" z="4"/>
      <TrileInstance trileId="432" orientation="2">
        <Position>
          <Vector3 x="16.0" y="0.0" z="4.0"/>
        </Position>
      </TrileInstance>
    </Entry>
    <Entry>
      <TrileEmplacement x="18" y="0" z="3"/>
      <TrileInstance trileId="432" orientation="2">
        <Position>
          <Vector3 x="18.0" y="0.0" z="3.0"/>
        </Position>
      </TrileInstance>
    </Entry>
    <Entry>
      <TrileEmplacement x="17" y="0" z="3"/>
      <TrileInstance trileId="432" orientation="2">
        <Position>
          <Vector3 x="17.0" y="0.0" z="3.0"/>
        </Position>
      </TrileInstance>
    </Entry>
    <Entry>
      <TrileEmplacement x="18" y="9" z="8"/>
      <TrileInstance trileId="426" orientation="2">
        <Position>
          <Vector3 x="18.0" y="9.0" z="8.0"/>
        </Position>
      </TrileInstance>
    </Entry>
    <Entry>
      <TrileEmplacement x="15" y="0" z="8"/>
      <TrileInstance trileId="433" orientation="2">
        <Position>
          <Vector3 x="15.0" y="0.0" z="8.0"/>
        </Position>
      </TrileInstance>
    </Entry>
    <Entry>
      <TrileEmplacement x="17" y="0" z="7"/>
      <TrileInstance trileId="432" orientation="2">
        <Position>
          <Vector3 x="17.0" y="0.0" z="7.0"/>
        </Position>
      </TrileInstance>
    </Entry>
    <Entry>
      <TrileEmplacement x="19" y="0" z="6"/>
      <TrileInstance trileId="432" orientation="2">
        <Position>
          <Vector3 x="19.0" y="0.0" z="6.0"/>
        </Position>
      </TrileInstance>
    </Entry>
    <Entry>
      <TrileEmplacement x="21" y="0" z="5"/>
      <TrileInstance trileId="433" orientation="2">
        <Position>
          <Vector3 x="21.0" y="0.0" z="5.0"/>
        </Position>
      </TrileInstance>
    </Entry>
    <Entry>
      <TrileEmplacement x="19" y="9" z="5"/>
      <TrileInstance trileId="431" orientation="2">
        <Position>
          <Vector3 x="19.0" y="9.0" z="5.0"/>
        </Position>
      </TrileInstance>
    </Entry>
    <Entry>
      <TrileEmplacement x="15" y="0" z="4"/>
      <TrileInstance trileId="432" orientation="2">
        <Position>
          <Vector3 x="15.0" y="0.0" z="4.0"/>
        </Position>
      </TrileInstance>
    </Entry>
    <Entry>
      <TrileEmplacement x="14" y="1" z="6"/>
      <TrileInstance trileId="307" orientation="2">
        <Position>
          <Vector3 x="14.0" y="1.0" z="6.0"/>
        </Position>
      </TrileInstance>
    </Entry>
    <Entry>
      <TrileEmplacement x="14" y="1" z="3"/>
      <TrileInstance trileId="307" orientation="2">
        <Position>
          <Vector3 x="14.0" y="1.0" z="3.0"/>
        </Position>
      </TrileInstance>
    </Entry>
    <Entry>
      <TrileEmplacement x="14" y="2" z="6"/>
      <TrileInstance trileId="308" orientation="2">
        <Position>
          <Vector3 x="13.75" y="2.25" z="5.75"/>
        </Position>
      </TrileInstance>
    </Entry>
    <Entry>
      <TrileEmplacement x="14" y="2" z="5"/>
      <TrileInstance trileId="308" orientation="2">
        <Position>
          <Vector3 x="13.75" y="2.25" z="5.0"/>
        </Position>
      </TrileInstance>
    </Entry>
    <Entry>
      <TrileEmplacement x="14" y="2" z="4"/>
      <TrileInstance trileId="308" orientation="2">
        <Position>
          <Vector3 x="13.75" y="2.25" z="4.0"/>
        </Position>
      </TrileInstance>
    </Entry>
    <Entry>
      <TrileEmplacement x="14" y="2" z="3"/>
      <TrileInstance trileId="308" orientation="2">
        <Position>
          <Vector3 x="13.75" y="2.25" z="3.25"/>
        </Position>
      </TrileInstance>
    </Entry>
    <Entry>
      <TrileEmplacement x="16" y="1" z="2"/>
      <TrileInstance trileId="308" orientation="2">
        <Position>
          <Vector3 x="15.625" y="0.625" z="1.9375"/>
        </Position>
      </TrileInstance>
    </Entry>
    <Entry>
      <TrileEmplacement x="17" y="1" z="6"/>
      <TrileInstance trileId="308" orientation="2">
        <Position>
          <Vector3 x="17.0625" y="0.75" z="6.375"/>
        </Position>
      </TrileInstance>
    </Entry>
    <Entry>
      <TrileEmplacement x="21" y="1" z="1"/>
      <TrileInstance trileId="307" orientation="2">
        <Position>
          <Vector3 x="20.5" y="1.0" z="0.625"/>
        </Position>
      </TrileInstance>
    </Entry>
    <Entry>
      <TrileEmplacement x="21" y="2" z="1"/>
      <TrileInstance trileId="307" orientation="2">
        <Position>
          <Vector3 x="20.5" y="2.0" z="0.625"/>
        </Position>
      </TrileInstance>
    </Entry>
    <Entry>
      <TrileEmplacement x="20" y="3" z="1"/>
      <TrileInstance trileId="308" orientation="2">
        <Position>
          <Vector3 x="20.375" y="3.0" z="0.625"/>
        </Position>
      </TrileInstance>
    </Entry>
    <Entry>
      <TrileEmplacement x="21" y="3" z="1"/>
      <TrileInstance trileId="308" orientation="2">
        <Position>
          <Vector3 x="20.625" y="3.0" z="0.625"/>
        </Position>
      </TrileInstance>
    </Entry>
  </Triles>
  <ArtObjects>
    <Entry key="1">
      <ArtObjectInstance name="INT_GRANDFATHERAO">
        <Position>
          <Vector3 x="21.0" y="3.0" z="3.0"/>
        </Position>
        <Rotation>
          <Quaternion x="0.0" y="0.0" z="0.0" w="1.0"/>
        </Rotation>
        <Scale>
          <Vector3 x="1.0" y="1.0" z="1.0"/>
        </Scale>
        <ArtObjectActorSettings inactive="False" spinEvery="0.0" spinOffset="0.0" offCenter="False" timeswitchWindBackSpeed="0.0" containedTrile="None" spinView="None">
          <RotationCenter>
            <Vector3 x="0.0" y="0.0" z="0.0"/>
          </RotationCenter>
        </ArtObjectActorSettings>
      </ArtObjectInstance>
    </Entry>
    <Entry key="0">
      <ArtObjectInstance name="INT_FIREPLACEAO">
        <Position>
          <Vector3 x="16.0" y="3.0" z="5.0"/>
        </Position>
        <Rotation>
          <Quaternion x="0.0" y="-0.707107007504" z="0.0" w="0.707107007504"/>
        </Rotation>
        <Scale>
          <Vector3 x="1.0" y="1.0" z="1.0"/>
        </Scale>
        <ArtObjectActorSettings inactive="False" spinEvery="0.0" spinOffset="0.0" offCenter="False" timeswitchWindBackSpeed="0.0" containedTrile="None" spinView="None">
          <RotationCenter>
            <Vector3 x="0.0" y="0.0" z="0.0"/>
          </RotationCenter>
        </ArtObjectActorSettings>
      </ArtObjectInstance>
    </Entry>
    <Entry key="2">
      <ArtObjectInstance name="INT_PARLOR_CHAIRAO">
        <Position>
          <Vector3 x="16.125" y="2.0" z="2.1875"/>
        </Position>
        <Rotation>
          <Quaternion x="0.0" y="0.0" z="0.0" w="1.0"/>
        </Rotation>
        <Scale>
          <Vector3 x="1.0" y="1.0" z="1.0"/>
        </Scale>
        <ArtObjectActorSettings inactive="False" spinEvery="0.0" spinOffset="0.0" offCenter="False" timeswitchWindBackSpeed="0.0" containedTrile="None" spinView="None">
          <RotationCenter>
            <Vector3 x="0.0" y="0.0" z="0.0"/>
          </RotationCenter>
        </ArtObjectActorSettings>
      </ArtObjectInstance>
    </Entry>
    <Entry key="3">
      <ArtObjectInstance name="INT_PARLOR_POUFAO">
        <Position>
          <Vector3 x="16.125" y="1.5" z="3.375"/>
        </Position>
        <Rotation>
          <Quaternion x="0.0" y="0.0" z="0.0" w="1.0"/>
        </Rotation>
        <Scale>
          <Vector3 x="1.0" y="1.0" z="1.0"/>
        </Scale>
        <ArtObjectActorSettings inactive="False" spinEvery="0.0" spinOffset="0.0" offCenter="False" timeswitchWindBackSpeed="0.0" containedTrile="None" spinView="None">
          <RotationCenter>
            <Vector3 x="0.0" y="0.0" z="0.0"/>
          </RotationCenter>
        </ArtObjectActorSettings>
      </ArtObjectInstance>
    </Entry>
    <Entry key="4">
      <ArtObjectInstance name="INT_TABLE_AAO">
        <Position>
          <Vector3 x="17.5625" y="1.5" z="6.875"/>
        </Position>
        <Rotation>
          <Quaternion x="0.0" y="0.0" z="0.0" w="1.0"/>
        </Rotation>
        <Scale>
          <Vector3 x="1.0" y="1.0" z="1.0"/>
        </Scale>
        <ArtObjectActorSettings inactive="False" spinEvery="0.0" spinOffset="0.0" offCenter="False" timeswitchWindBackSpeed="0.0" containedTrile="None" spinView="None">
          <RotationCenter>
            <Vector3 x="0.0" y="0.0" z="0.0"/>
          </RotationCenter>
        </ArtObjectActorSettings>
      </ArtObjectInstance>
    </Entry>
    <Entry key="8">
      <ArtObjectInstance name="INT_PARLOR_BOOKSAO">
        <Position>
          <Vector3 x="15.0" y="4.25" z="5.0"/>
        </Position>
        <Rotation>
          <Quaternion x="0.0" y="0.707107007504" z="0.0" w="0.707107007504"/>
        </Rotation>
        <Scale>
          <Vector3 x="1.0" y="1.0" z="1.0"/>
        </Scale>
        <ArtObjectActorSettings inactive="False" spinEvery="0.0" spinOffset="0.0" offCenter="False" timeswitchWindBackSpeed="0.0" containedTrile="None" spinView="None">
          <RotationCenter>
            <Vector3 x="0.0" y="0.0" z="0.0"/>
          </RotationCenter>
        </ArtObjectActorSettings>
      </ArtObjectInstance>
    </Entry>
    <Entry key="9">
      <ArtObjectInstance name="INT_PARLOR_BOOKS_AAO">
        <Position>
          <Vector3 x="17.4375" y="2.25" z="7.0625"/>
        </Position>
        <Rotation>
          <Quaternion x="0.0" y="0.0" z="0.0" w="1.0"/>
        </Rotation>
        <Scale>
          <Vector3 x="1.0" y="1.0" z="1.0"/>
        </Scale>
        <ArtObjectActorSettings inactive="False" spinEvery="0.0" spinOffset="0.0" offCenter="False" timeswitchWindBackSpeed="0.0" containedTrile="None" spinView="None">
          <RotationCenter>
            <Vector3 x="0.0" y="0.0" z="0.0"/>
          </RotationCenter>
        </ArtObjectActorSettings>
      </ArtObjectInstance>
    </Entry>
  </ArtObjects>
  <BackgroundPlanes>
    <Entry key="3">
      <BackgroundPlane textureName="PARLOR_B" lightMap="False" allowOverbrightness="False" animated="False" doubleSided="False" opacity="1.0" billboard="False" syncWithSamples="False" crosshatch="False" unknown="False" alwaysOnTop="False" fullbright="False" pixelatedLightmap="False" xTextureRepeat="False" yTextureRepeat="False" clampTexture="False" parallaxFactor="0.0" filter="#FFFFFFFF" actorType="None">
        <Position>
          <Vector3 x="22.0" y="5.0" z="5.0"/>
        </Position>
        <Rotation>
          <Quaternion x="0.0" y="-0.707107007504" z="0.0" w="0.707107007504"/>
        </Rotation>
        <Scale>
          <Vector3 x="1.0" y="1.0" z="1.0"/>
        </Scale>
      </BackgroundPlane>
    </Entry>
    <Entry key="14">
      <BackgroundPlane textureName="PARLOR_D" lightMap="False" allowOverbrightness="False" animated="False" doubleSided="False" opacity="1.0" billboard="False" syncWithSamples="False" crosshatch="False" unknown="False" alwaysOnTop="False" fullbright="False" pixelatedLightmap="False" xTextureRepeat="False" yTextureRepeat="False" clampTexture="False" parallaxFactor="0.0" filter="#FFFFFFFF" actorType="None">
        <Position>
          <Vector3 x="18.0" y="5.0" z="9.0"/>
        </Position>
        <Rotation>
          <Quaternion x="0.0" y="1.0" z="0.0" w="0.0"/>
        </Rotation>
        <Scale>
          <Vector3 x="1.0" y="1.0" z="1.0"/>
        </Scale>
      </BackgroundPlane>
    </Entry>
    <Entry key="13">
      <BackgroundPlane textureName="PARLOR_C" lightMap="False" allowOverbrightness="False" animated="False" doubleSided="False" opacity="1.0" billboard="False" syncWithSamples="False" crosshatch="False" unknown="False" alwaysOnTop="False" fullbright="False" pixelatedLightmap="False" xTextureRepeat="False" yTextureRepeat="False" clampTexture="False" parallaxFactor="0.0" filter="#FFFFFFFF" actorType="None">
        <Position>
          <Vector3 x="18.0" y="5.0" z="1.0"/>
        </Position>
        <Rotation>
          <Quaternion x="0.0" y="0.0" z="0.0" w="1.0"/>
        </Rotation>
        <Scale>
          <Vector3 x="1.0" y="1.0" z="1.0"/>
        </Scale>
      </BackgroundPlane>
    </Entry>
    <Entry key="29">
      <BackgroundPlane textureName="PARLOR_A" lightMap="False" allowOverbrightness="False" animated="False" doubleSided="False" opacity="1.0" billboard="False" syncWithSamples="False" crosshatch="False" unknown="False" alwaysOnTop="False" fullbright="False" pixelatedLightmap="False" xTextureRepeat="False" yTextureRepeat="False" clampTexture="False" parallaxFactor="0.0" filter="#FFFFFFFF" actorType="None">
        <Position>
          <Vector3 x="14.0" y="5.0" z="5.0"/>
        </Position>
        <Rotation>
          <Quaternion x="0.0" y="-0.707107007504" z="0.0" w="-0.707107007504"/>
        </Rotation>
        <Scale>
          <Vector3 x="1.0" y="1.0" z="1.0"/>
        </Scale>
      </BackgroundPlane>
    </Entry>
  </BackgroundPlanes>
  <Groups/>
  <NonplayerCharacters/>
  <Paths/>
  <MutedLoops/>
  <AmbienceTracks>
    <AmbienceTrack dawn="True" day="True" dusk="True" night="False" name="Ambience ^ villageville"/>
    <AmbienceTrack dawn="True" day="True" dusk="True" night="False" name="Ambience ^ wind_02"/>
    <AmbienceTrack dawn="False" day="False" dusk="False" night="True" name="Ambience ^ wind_03"/>
  </AmbienceTracks>
</Level>
