<?xml version='1.0' encoding='UTF-8'?>
<Level flat="False" skipPostprocess="True" baseDiffuse="0.829999983311" baseAmbient="0.560000002384" haloFiltering="True" blinkingAlpha="False" loops="False" waterHeight="8.0" skyName="DEATHSKY" fapFadeoutStart="0" fapFadeoutLength="0" descending="False" rainy="False" lowPass="False" quantum="False" name="TREE_OF_DEATH" waterType="Blood" trileSetName="GRAVE" songName="Death" nodeType="Lesser">
  <Size>
    <Vector3 x="62.0" y="24.0" z="65.0"/>
  </Size>
  <StartingPosition>
    <TrileFace face="Right">
      <TrileId>
        <TrileEmplacement x="10" y="12" z="57"/>
      </TrileId>
    </TrileFace>
  </StartingPosition>
  <Volumes>
    <Entry key="0">
      <Volume>
        <Orientations>
          <FaceOrientation>Right</FaceOrientation>
        </Orientations>
        <From>
          <Vector3 x="10.0" y="13.0" z="57.75"/>
        </From>
        <To>
          <Vector3 x="11.0" y="15.0" z="58.75"/>
        </To>
        <ActorSettings>
          <VolumeActorSettings isPointOfInterest="False" waterLocked="False" isBlackhole="False" needsTrigger="False" isSecretPassage="False">
            <FarawayPlaneOffset>
              <Vector2 x="0.0" y="0.0"/>
            </FarawayPlaneOffset>
            <DotDialogue/>
          </VolumeActorSettings>
        </ActorSettings>
      </Volume>
    </Entry>
    <Entry key="1">
      <Volume>
        <Orientations>
          <FaceOrientation>Right</FaceOrientation>
          <FaceOrientation>Front</FaceOrientation>
          <FaceOrientation>Left</FaceOrientation>
          <FaceOrientation>Back</FaceOrientation>
        </Orientations>
        <From>
          <Vector3 x="12.5" y="13.0" z="51.0"/>
        </From>
        <To>
          <Vector3 x="14.5" y="15.0" z="53.0"/>
        </To>
        <ActorSettings>
          <VolumeActorSettings isPointOfInterest="True" waterLocked="False" isBlackhole="False" needsTrigger="False" isSecretPassage="False">
            <FarawayPlaneOffset>
              <Vector2 x="0.0" y="0.0"/>
            </FarawayPlaneOffset>
            <DotDialogue>
              <Line grouped="True">DOT_NICE</Line>
              <Line grouped="True">DOT_TREASURE_C</Line>
              <Line grouped="True">DOT_TREASURE_B</Line>
            </DotDialogue>
          </VolumeActorSettings>
        </ActorSettings>
      </Volume>
    </Entry>
    <Entry key="2">
      <Volume>
        <Orientations>
          <FaceOrientation>Right</FaceOrientation>
          <FaceOrientation>Front</FaceOrientation>
          <FaceOrientation>Left</FaceOrientation>
          <FaceOrientation>Back</FaceOrientation>
        </Orientations>
        <From>
          <Vector3 x="3.0" y="13.0" z="54.0"/>
        </From>
        <To>
          <Vector3 x="11.0" y="19.0" z="62.0"/>
        </To>
        <ActorSettings>
          <VolumeActorSettings isPointOfInterest="True" waterLocked="False" isBlackhole="False" needsTrigger="False" isSecretPassage="False">
            <FarawayPlaneOffset>
              <Vector2 x="0.0" y="0.0"/>
            </FarawayPlaneOffset>
            <DotDialogue>
              <Line grouped="True">DOT_COSMOS_A</Line>
              <Line grouped="True">DOT_COSMOS_B</Line>
            </DotDialogue>
          </VolumeActorSettings>
        </ActorSettings>
      </Volume>
    </Entry>
  </Volumes>
  <Scripts>
    <Entry key="0">
      <Script name="Untitled" oneTime="False" triggerless="False" ignoreEndTriggers="False" levelWideOneTime="False" disabled="False" isWinCondition="False">
        <Triggers>
          <ScriptTrigger event="Start">
            <Entity entityType="Level"/>
          </ScriptTrigger>
        </Triggers>
        <Actions>
          <ScriptAction operation="SetPixelsPerTrixel" killswitch="False" blocking="False">
            <Entity entityType="Camera"/>
            <Arguments>
              <Entry>2</Entry>
            </Arguments>
          </ScriptAction>
        </Actions>
      </Script>
    </Entry>
    <Entry key="1">
      <Script name="Untitled" oneTime="False" triggerless="False" ignoreEndTriggers="False" levelWideOneTime="False" disabled="False" isWinCondition="False">
        <Triggers>
          <ScriptTrigger event="Enter">
            <Entity entityType="Volume" identifier="0"/>
          </ScriptTrigger>
        </Triggers>
        <Actions>
          <ScriptAction operation="ChangeLevelToVolume" killswitch="False" blocking="False">
            <Entity entityType="Level"/>
            <Arguments>
              <Entry>CRYPT</Entry>
              <Entry>14</Entry>
              <Entry>True</Entry>
              <Entry>False</Entry>
              <Entry>False</Entry>
            </Arguments>
          </ScriptAction>
        </Actions>
      </Script>
    </Entry>
    <Entry key="2">
      <Script name="Untitled" oneTime="False" triggerless="False" ignoreEndTriggers="False" levelWideOneTime="False" disabled="False" isWinCondition="False">
        <Triggers>
          <ScriptTrigger event="Start">
            <Entity entityType="Level"/>
          </ScriptTrigger>
        </Triggers>
        <Actions>
          <ScriptAction operation="SetRotation" killswitch="False" blocking="False">
            <Entity entityType="ArtObject" identifier="10"/>
            <Arguments>
              <Entry>0</Entry>
              <Entry>0</Entry>
              <Entry>180</Entry>
            </Arguments>
          </ScriptAction>
        </Actions>
      </Script>
    </Entry>
  </Scripts>
  <Triles>
    <Entry>
      <TrileEmplacement x="58" y="7" z="0"/>
      <TrileInstance trileId="34" orientation="2">
        <Position>
          <Vector3 x="58.0" y="7.0" z="0.0"/>
        </Position>
      </TrileInstance>
    </Entry>
    <Entry>
      <TrileEmplacement x="15" y="9" z="50"/>
      <TrileInstance trileId="35" orientation="2">
        <Position>
          <Vector3 x="15.0" y="9.0" z="50.0"/>
        </Position>
      </TrileInstance>
    </Entry>
    <Entry>
      <TrileEmplacement x="58" y="8" z="0"/>
      <TrileInstance trileId="34" orientation="2">
        <Position>
          <Vector3 x="58.0" y="8.0" z="0.0"/>
        </Position>
      </TrileInstance>
    </Entry>
    <Entry>
      <TrileEmplacement x="60" y="9" z="2"/>
      <TrileInstance trileId="35" orientation="2">
        <Position>
          <Vector3 x="60.0" y="9.0" z="2.0"/>
        </Position>
      </TrileInstance>
    </Entry>
    <Entry>
      <TrileEmplacement x="59" y="9" z="0"/>
      <TrileInstance trileId="34" orientation="2">
        <Position>
          <Vector3 x="59.0" y="9.0" z="0.0"/>
        </Position>
      </TrileInstance>
    </Entry>
    <Entry>
      <TrileEmplacement x="10" y="12" z="60"/>
      <TrileInstance trileId="35" orientation="2">
        <Position>
          <Vector3 x="10.0" y="12.0" z="60.0"/>
        </Position>
      </TrileInstance>
    </Entry>
    <Entry>
      <TrileEmplacement x="8" y="12" z="60"/>
      <TrileInstance trileId="35" orientation="2">
        <Position>
          <Vector3 x="8.0" y="12.0" z="60.0"/>
        </Position>
      </TrileInstance>
    </Entry>
    <Entry>
      <TrileEmplacement x="6" y="12" z="60"/>
      <TrileInstance trileId="35" orientation="2">
        <Position>
          <Vector3 x="6.0" y="12.0" z="60.0"/>
        </Position>
      </TrileInstance>
    </Entry>
    <Entry>
      <TrileEmplacement x="4" y="12" z="60"/>
      <TrileInstance trileId="35" orientation="2">
        <Position>
          <Vector3 x="4.0" y="12.0" z="60.0"/>
        </Position>
      </TrileInstance>
    </Entry>
    <Entry>
      <TrileEmplacement x="10" y="12" z="59"/>
      <TrileInstance trileId="35" orientation="2">
        <Position>
          <Vector3 x="10.0" y="12.0" z="59.0"/>
        </Position>
      </TrileInstance>
    </Entry>
    <Entry>
      <TrileEmplacement x="8" y="12" z="59"/>
      <TrileInstance trileId="25" orientation="2">
        <Position>
          <Vector3 x="8.0" y="12.0" z="59.0"/>
        </Position>
      </TrileInstance>
    </Entry>
    <Entry>
      <TrileEmplacement x="6" y="12" z="59"/>
      <TrileInstance trileId="125" orientation="2">
        <Position>
          <Vector3 x="6.0" y="12.0" z="59.0"/>
        </Position>
      </TrileInstance>
    </Entry>
    <Entry>
      <TrileEmplacement x="9" y="12" z="60"/>
      <TrileInstance trileId="35" orientation="2">
        <Position>
          <Vector3 x="9.0" y="12.0" z="60.0"/>
        </Position>
      </TrileInstance>
    </Entry>
    <Entry>
      <TrileEmplacement x="7" y="12" z="60"/>
      <TrileInstance trileId="35" orientation="2">
        <Position>
          <Vector3 x="7.0" y="12.0" z="60.0"/>
        </Position>
      </TrileInstance>
    </Entry>
    <Entry>
      <TrileEmplacement x="5" y="12" z="60"/>
      <TrileInstance trileId="35" orientation="2">
        <Position>
          <Vector3 x="5.0" y="12.0" z="60.0"/>
        </Position>
      </TrileInstance>
    </Entry>
    <Entry>
      <TrileEmplacement x="14" y="9" z="50"/>
      <TrileInstance trileId="35" orientation="2">
        <Position>
          <Vector3 x="14.0" y="9.0" z="50.0"/>
        </Position>
      </TrileInstance>
    </Entry>
    <Entry>
      <TrileEmplacement x="9" y="12" z="59"/>
      <TrileInstance trileId="125" orientation="2">
        <Position>
          <Vector3 x="9.0" y="12.0" z="59.0"/>
        </Position>
      </TrileInstance>
    </Entry>
    <Entry>
      <TrileEmplacement x="7" y="12" z="59"/>
      <TrileInstance trileId="125" orientation="2">
        <Position>
          <Vector3 x="7.0" y="12.0" z="59.0"/>
        </Position>
      </TrileInstance>
    </Entry>
    <Entry>
      <TrileEmplacement x="5" y="12" z="59"/>
      <TrileInstance trileId="125" orientation="2">
        <Position>
          <Vector3 x="5.0" y="12.0" z="59.0"/>
        </Position>
      </TrileInstance>
    </Entry>
    <Entry>
      <TrileEmplacement x="4" y="12" z="59"/>
      <TrileInstance trileId="35" orientation="2">
        <Position>
          <Vector3 x="4.0" y="12.0" z="59.0"/>
        </Position>
      </TrileInstance>
    </Entry>
    <Entry>
      <TrileEmplacement x="59" y="8" z="0"/>
      <TrileInstance trileId="34" orientation="2">
        <Position>
          <Vector3 x="59.0" y="8.0" z="0.0"/>
        </Position>
      </TrileInstance>
    </Entry>
    <Entry>
      <TrileEmplacement x="10" y="12" z="58"/>
      <TrileInstance trileId="35" orientation="2">
        <Position>
          <Vector3 x="10.0" y="12.0" z="58.0"/>
        </Position>
      </TrileInstance>
    </Entry>
    <Entry>
      <TrileEmplacement x="9" y="12" z="58"/>
      <TrileInstance trileId="125" orientation="2">
        <Position>
          <Vector3 x="9.0" y="12.0" z="58.0"/>
        </Position>
      </TrileInstance>
    </Entry>
    <Entry>
      <TrileEmplacement x="8" y="12" z="58"/>
      <TrileInstance trileId="125" orientation="2">
        <Position>
          <Vector3 x="8.0" y="12.0" z="58.0"/>
        </Position>
      </TrileInstance>
    </Entry>
    <Entry>
      <TrileEmplacement x="7" y="12" z="58"/>
      <TrileInstance trileId="125" orientation="2">
        <Position>
          <Vector3 x="7.0" y="12.0" z="58.0"/>
        </Position>
      </TrileInstance>
    </Entry>
    <Entry>
      <TrileEmplacement x="6" y="12" z="58"/>
      <TrileInstance trileId="125" orientation="2">
        <Position>
          <Vector3 x="6.0" y="12.0" z="58.0"/>
        </Position>
      </TrileInstance>
    </Entry>
    <Entry>
      <TrileEmplacement x="5" y="12" z="58"/>
      <TrileInstance trileId="125" orientation="2">
        <Position>
          <Vector3 x="5.0" y="12.0" z="58.0"/>
        </Position>
      </TrileInstance>
    </Entry>
    <Entry>
      <TrileEmplacement x="4" y="12" z="58"/>
      <TrileInstance trileId="35" orientation="2">
        <Position>
          <Vector3 x="4.0" y="12.0" z="58.0"/>
        </Position>
      </TrileInstance>
    </Entry>
    <Entry>
      <TrileEmplacement x="10" y="12" z="57"/>
      <TrileInstance trileId="35" orientation="2">
        <Position>
          <Vector3 x="10.0" y="12.0" z="57.0"/>
        </Position>
      </TrileInstance>
    </Entry>
    <Entry>
      <TrileEmplacement x="9" y="12" z="57"/>
      <TrileInstance trileId="125" orientation="2">
        <Position>
          <Vector3 x="9.0" y="12.0" z="57.0"/>
        </Position>
      </TrileInstance>
    </Entry>
    <Entry>
      <TrileEmplacement x="8" y="12" z="57"/>
      <TrileInstance trileId="25" orientation="2">
        <Position>
          <Vector3 x="8.0" y="12.0" z="57.0"/>
        </Position>
      </TrileInstance>
    </Entry>
    <Entry>
      <TrileEmplacement x="7" y="12" z="57"/>
      <TrileInstance trileId="125" orientation="2">
        <Position>
          <Vector3 x="7.0" y="12.0" z="57.0"/>
        </Position>
      </TrileInstance>
    </Entry>
    <Entry>
      <TrileEmplacement x="6" y="12" z="57"/>
      <TrileInstance trileId="125" orientation="2">
        <Position>
          <Vector3 x="6.0" y="12.0" z="57.0"/>
        </Position>
      </TrileInstance>
    </Entry>
    <Entry>
      <TrileEmplacement x="5" y="12" z="57"/>
      <TrileInstance trileId="125" orientation="2">
        <Position>
          <Vector3 x="5.0" y="12.0" z="57.0"/>
        </Position>
      </TrileInstance>
    </Entry>
    <Entry>
      <TrileEmplacement x="4" y="12" z="57"/>
      <TrileInstance trileId="35" orientation="2">
        <Position>
          <Vector3 x="4.0" y="12.0" z="57.0"/>
        </Position>
      </TrileInstance>
    </Entry>
    <Entry>
      <TrileEmplacement x="60" y="8" z="0"/>
      <TrileInstance trileId="34" orientation="2">
        <Position>
          <Vector3 x="60.0" y="8.0" z="0.0"/>
        </Position>
      </TrileInstance>
    </Entry>
    <Entry>
      <TrileEmplacement x="60" y="7" z="0"/>
      <TrileInstance trileId="34" orientation="2">
        <Position>
          <Vector3 x="60.0" y="7.0" z="0.0"/>
        </Position>
      </TrileInstance>
    </Entry>
    <Entry>
      <TrileEmplacement x="58" y="9" z="2"/>
      <TrileInstance trileId="35" orientation="2">
        <Position>
          <Vector3 x="58.0" y="9.0" z="2.0"/>
        </Position>
      </TrileInstance>
    </Entry>
    <Entry>
      <TrileEmplacement x="10" y="10" z="55"/>
      <TrileInstance trileId="34" orientation="2">
        <Position>
          <Vector3 x="10.0" y="10.0" z="55.0"/>
        </Position>
      </TrileInstance>
    </Entry>
    <Entry>
      <TrileEmplacement x="10" y="11" z="55"/>
      <TrileInstance trileId="34" orientation="2">
        <Position>
          <Vector3 x="10.0" y="11.0" z="55.0"/>
        </Position>
      </TrileInstance>
    </Entry>
    <Entry>
      <TrileEmplacement x="8" y="12" z="56"/>
      <TrileInstance trileId="125" orientation="2">
        <Position>
          <Vector3 x="8.0" y="12.0" z="56.0"/>
        </Position>
      </TrileInstance>
    </Entry>
    <Entry>
      <TrileEmplacement x="7" y="12" z="56"/>
      <TrileInstance trileId="125" orientation="2">
        <Position>
          <Vector3 x="7.0" y="12.0" z="56.0"/>
        </Position>
      </TrileInstance>
    </Entry>
    <Entry>
      <TrileEmplacement x="6" y="12" z="56"/>
      <TrileInstance trileId="125" orientation="2">
        <Position>
          <Vector3 x="6.0" y="12.0" z="56.0"/>
        </Position>
      </TrileInstance>
    </Entry>
    <Entry>
      <TrileEmplacement x="5" y="12" z="56"/>
      <TrileInstance trileId="125" orientation="2">
        <Position>
          <Vector3 x="5.0" y="12.0" z="56.0"/>
        </Position>
      </TrileInstance>
    </Entry>
    <Entry>
      <TrileEmplacement x="4" y="12" z="56"/>
      <TrileInstance trileId="35" orientation="2">
        <Position>
          <Vector3 x="4.0" y="12.0" z="56.0"/>
        </Position>
      </TrileInstance>
    </Entry>
    <Entry>
      <TrileEmplacement x="58" y="7" z="2"/>
      <TrileInstance trileId="34" orientation="2">
        <Position>
          <Vector3 x="58.0" y="7.0" z="2.0"/>
        </Position>
      </TrileInstance>
    </Entry>
    <Entry>
      <TrileEmplacement x="14" y="9" z="48"/>
      <TrileInstance trileId="35" orientation="2">
        <Position>
          <Vector3 x="14.0" y="9.0" z="48.0"/>
        </Position>
      </TrileInstance>
    </Entry>
    <Entry>
      <TrileEmplacement x="16" y="9" z="48"/>
      <TrileInstance trileId="35" orientation="2">
        <Position>
          <Vector3 x="16.0" y="9.0" z="48.0"/>
        </Position>
      </TrileInstance>
    </Entry>
    <Entry>
      <TrileEmplacement x="10" y="12" z="55"/>
      <TrileInstance trileId="35" orientation="2">
        <Position>
          <Vector3 x="10.0" y="12.0" z="55.0"/>
        </Position>
      </TrileInstance>
    </Entry>
    <Entry>
      <TrileEmplacement x="8" y="12" z="55"/>
      <TrileInstance trileId="125" orientation="2">
        <Position>
          <Vector3 x="8.0" y="12.0" z="55.0"/>
        </Position>
      </TrileInstance>
    </Entry>
    <Entry>
      <TrileEmplacement x="7" y="12" z="55"/>
      <TrileInstance trileId="125" orientation="2">
        <Position>
          <Vector3 x="7.0" y="12.0" z="55.0"/>
        </Position>
      </TrileInstance>
    </Entry>
    <Entry>
      <TrileEmplacement x="6" y="12" z="55"/>
      <TrileInstance trileId="125" orientation="2">
        <Position>
          <Vector3 x="6.0" y="12.0" z="55.0"/>
        </Position>
      </TrileInstance>
    </Entry>
    <Entry>
      <TrileEmplacement x="5" y="12" z="55"/>
      <TrileInstance trileId="125" orientation="2">
        <Position>
          <Vector3 x="5.0" y="12.0" z="55.0"/>
        </Position>
      </TrileInstance>
    </Entry>
    <Entry>
      <TrileEmplacement x="4" y="12" z="55"/>
      <TrileInstance trileId="35" orientation="2">
        <Position>
          <Vector3 x="4.0" y="12.0" z="55.0"/>
        </Position>
      </TrileInstance>
    </Entry>
    <Entry>
      <TrileEmplacement x="15" y="9" z="49"/>
      <TrileInstance trileId="35" orientation="2">
        <Position>
          <Vector3 x="15.0" y="9.0" z="49.0"/>
        </Position>
      </TrileInstance>
    </Entry>
    <Entry>
      <TrileEmplacement x="10" y="10" z="56"/>
      <TrileInstance trileId="34" orientation="2">
        <Position>
          <Vector3 x="10.0" y="10.0" z="56.0"/>
        </Position>
      </TrileInstance>
    </Entry>
    <Entry>
      <TrileEmplacement x="10" y="11" z="56"/>
      <TrileInstance trileId="34" orientation="2">
        <Position>
          <Vector3 x="10.0" y="11.0" z="56.0"/>
        </Position>
      </TrileInstance>
    </Entry>
    <Entry>
      <TrileEmplacement x="59" y="7" z="2"/>
      <TrileInstance trileId="34" orientation="2">
        <Position>
          <Vector3 x="59.0" y="7.0" z="2.0"/>
        </Position>
      </TrileInstance>
    </Entry>
    <Entry>
      <TrileEmplacement x="10" y="12" z="54"/>
      <TrileInstance trileId="35" orientation="2">
        <Position>
          <Vector3 x="10.0" y="12.0" z="54.0"/>
        </Position>
      </TrileInstance>
    </Entry>
    <Entry>
      <TrileEmplacement x="9" y="12" z="54"/>
      <TrileInstance trileId="35" orientation="2">
        <Position>
          <Vector3 x="9.0" y="12.0" z="54.0"/>
        </Position>
      </TrileInstance>
    </Entry>
    <Entry>
      <TrileEmplacement x="8" y="12" z="54"/>
      <TrileInstance trileId="35" orientation="2">
        <Position>
          <Vector3 x="8.0" y="12.0" z="54.0"/>
        </Position>
      </TrileInstance>
    </Entry>
    <Entry>
      <TrileEmplacement x="7" y="12" z="54"/>
      <TrileInstance trileId="35" orientation="2">
        <Position>
          <Vector3 x="7.0" y="12.0" z="54.0"/>
        </Position>
      </TrileInstance>
    </Entry>
    <Entry>
      <TrileEmplacement x="6" y="12" z="54"/>
      <TrileInstance trileId="35" orientation="2">
        <Position>
          <Vector3 x="6.0" y="12.0" z="54.0"/>
        </Position>
      </TrileInstance>
    </Entry>
    <Entry>
      <TrileEmplacement x="5" y="12" z="54"/>
      <TrileInstance trileId="35" orientation="2">
        <Position>
          <Vector3 x="5.0" y="12.0" z="54.0"/>
        </Position>
      </TrileInstance>
    </Entry>
    <Entry>
      <TrileEmplacement x="4" y="12" z="54"/>
      <TrileInstance trileId="35" orientation="2">
        <Position>
          <Vector3 x="4.0" y="12.0" z="54.0"/>
        </Position>
      </TrileInstance>
    </Entry>
    <Entry>
      <TrileEmplacement x="4" y="11" z="59"/>
      <TrileInstance trileId="34" orientation="2">
        <Position>
          <Vector3 x="4.0" y="11.0" z="59.0"/>
        </Position>
      </TrileInstance>
    </Entry>
    <Entry>
      <TrileEmplacement x="59" y="8" z="2"/>
      <TrileInstance trileId="34" orientation="2">
        <Position>
          <Vector3 x="59.0" y="8.0" z="2.0"/>
        </Position>
      </TrileInstance>
    </Entry>
    <Entry>
      <TrileEmplacement x="5" y="13" z="57"/>
      <TrileInstance trileId="34" orientation="2">
        <Position>
          <Vector3 x="4.5625" y="13.0" z="56.75"/>
        </Position>
      </TrileInstance>
    </Entry>
    <Entry>
      <TrileEmplacement x="6" y="13" z="57"/>
      <TrileInstance trileId="34" orientation="2">
        <Position>
          <Vector3 x="6.0" y="13.0" z="56.75"/>
        </Position>
      </TrileInstance>
    </Entry>
    <Entry>
      <TrileEmplacement x="7" y="13" z="57"/>
      <TrileInstance trileId="34" orientation="2">
        <Position>
          <Vector3 x="7.0" y="13.0" z="56.75"/>
        </Position>
      </TrileInstance>
    </Entry>
    <Entry>
      <TrileEmplacement x="8" y="13" z="57"/>
      <TrileInstance trileId="34" orientation="2">
        <Position>
          <Vector3 x="8.0" y="13.0" z="56.75"/>
        </Position>
      </TrileInstance>
    </Entry>
    <Entry>
      <TrileEmplacement x="9" y="13" z="57"/>
      <TrileInstance trileId="34" orientation="2">
        <Position>
          <Vector3 x="9.0625" y="13.0" z="56.75"/>
        </Position>
      </TrileInstance>
    </Entry>
    <Entry>
      <TrileEmplacement x="5" y="14" z="57"/>
      <TrileInstance trileId="34" orientation="2">
        <Position>
          <Vector3 x="5.0" y="14.0" z="56.75"/>
        </Position>
      </TrileInstance>
    </Entry>
    <Entry>
      <TrileEmplacement x="6" y="14" z="57"/>
      <TrileInstance trileId="34" orientation="2">
        <Position>
          <Vector3 x="6.0" y="14.0" z="56.75"/>
        </Position>
      </TrileInstance>
    </Entry>
    <Entry>
      <TrileEmplacement x="7" y="14" z="57"/>
      <TrileInstance trileId="34" orientation="2">
        <Position>
          <Vector3 x="7.0" y="14.0" z="56.75"/>
        </Position>
      </TrileInstance>
    </Entry>
    <Entry>
      <TrileEmplacement x="8" y="14" z="57"/>
      <TrileInstance trileId="34" orientation="2">
        <Position>
          <Vector3 x="8.0" y="14.0" z="56.75"/>
        </Position>
      </TrileInstance>
    </Entry>
    <Entry>
      <TrileEmplacement x="9" y="14" z="57"/>
      <TrileInstance trileId="34" orientation="2">
        <Position>
          <Vector3 x="9.0" y="14.0" z="56.75"/>
        </Position>
      </TrileInstance>
    </Entry>
    <Entry>
      <TrileEmplacement x="5" y="15" z="57"/>
      <TrileInstance trileId="34" orientation="2">
        <Position>
          <Vector3 x="5.0" y="15.0" z="56.75"/>
        </Position>
      </TrileInstance>
    </Entry>
    <Entry>
      <TrileEmplacement x="6" y="15" z="57"/>
      <TrileInstance trileId="34" orientation="2">
        <Position>
          <Vector3 x="6.0" y="15.0" z="56.75"/>
        </Position>
      </TrileInstance>
    </Entry>
    <Entry>
      <TrileEmplacement x="7" y="15" z="57"/>
      <TrileInstance trileId="34" orientation="2">
        <Position>
          <Vector3 x="7.0" y="15.0" z="56.75"/>
        </Position>
      </TrileInstance>
    </Entry>
    <Entry>
      <TrileEmplacement x="8" y="15" z="57"/>
      <TrileInstance trileId="34" orientation="2">
        <Position>
          <Vector3 x="8.0" y="15.0" z="56.75"/>
        </Position>
      </TrileInstance>
    </Entry>
    <Entry>
      <TrileEmplacement x="9" y="15" z="57"/>
      <TrileInstance trileId="34" orientation="2">
        <Position>
          <Vector3 x="9.0" y="15.0" z="56.75"/>
        </Position>
      </TrileInstance>
    </Entry>
    <Entry>
      <TrileEmplacement x="4" y="13" z="55"/>
      <TrileInstance trileId="34" orientation="2">
        <Position>
          <Vector3 x="4.3125" y="13.0" z="55.25"/>
        </Position>
      </TrileInstance>
    </Entry>
    <Entry>
      <TrileEmplacement x="5" y="13" z="59"/>
      <TrileInstance trileId="34" orientation="2">
        <Position>
          <Vector3 x="4.5625" y="13.0" z="58.75"/>
        </Position>
      </TrileInstance>
    </Entry>
    <Entry>
      <TrileEmplacement x="6" y="13" z="56"/>
      <TrileInstance trileId="34" orientation="2">
        <Position>
          <Vector3 x="6.0" y="13.0" z="55.75"/>
        </Position>
      </TrileInstance>
    </Entry>
    <Entry>
      <TrileEmplacement x="6" y="13" z="59"/>
      <TrileInstance trileId="34" orientation="2">
        <Position>
          <Vector3 x="6.0" y="13.0" z="58.75"/>
        </Position>
      </TrileInstance>
    </Entry>
    <Entry>
      <TrileEmplacement x="7" y="13" z="56"/>
      <TrileInstance trileId="34" orientation="2">
        <Position>
          <Vector3 x="7.0" y="13.0" z="55.75"/>
        </Position>
      </TrileInstance>
    </Entry>
    <Entry>
      <TrileEmplacement x="7" y="13" z="59"/>
      <TrileInstance trileId="34" orientation="2">
        <Position>
          <Vector3 x="7.0" y="13.0" z="58.75"/>
        </Position>
      </TrileInstance>
    </Entry>
    <Entry>
      <TrileEmplacement x="8" y="13" z="56"/>
      <TrileInstance trileId="34" orientation="2">
        <Position>
          <Vector3 x="8.0" y="13.0" z="55.75"/>
        </Position>
      </TrileInstance>
    </Entry>
    <Entry>
      <TrileEmplacement x="8" y="13" z="59"/>
      <TrileInstance trileId="34" orientation="2">
        <Position>
          <Vector3 x="8.0" y="13.0" z="58.75"/>
        </Position>
      </TrileInstance>
    </Entry>
    <Entry>
      <TrileEmplacement x="9" y="13" z="56"/>
      <TrileInstance trileId="34" orientation="2">
        <Position>
          <Vector3 x="8.8125" y="13.0" z="55.75"/>
        </Position>
      </TrileInstance>
    </Entry>
    <Entry>
      <TrileEmplacement x="9" y="13" z="59"/>
      <TrileInstance trileId="34" orientation="2">
        <Position>
          <Vector3 x="9.0625" y="13.0" z="58.75"/>
        </Position>
      </TrileInstance>
    </Entry>
    <Entry>
      <TrileEmplacement x="5" y="14" z="56"/>
      <TrileInstance trileId="34" orientation="2">
        <Position>
          <Vector3 x="5.0" y="14.0" z="55.75"/>
        </Position>
      </TrileInstance>
    </Entry>
    <Entry>
      <TrileEmplacement x="5" y="14" z="59"/>
      <TrileInstance trileId="34" orientation="2">
        <Position>
          <Vector3 x="5.0" y="14.0" z="58.75"/>
        </Position>
      </TrileInstance>
    </Entry>
    <Entry>
      <TrileEmplacement x="6" y="14" z="56"/>
      <TrileInstance trileId="34" orientation="2">
        <Position>
          <Vector3 x="6.0" y="14.0" z="55.75"/>
        </Position>
      </TrileInstance>
    </Entry>
    <Entry>
      <TrileEmplacement x="6" y="14" z="59"/>
      <TrileInstance trileId="34" orientation="2">
        <Position>
          <Vector3 x="6.0" y="14.0" z="58.75"/>
        </Position>
      </TrileInstance>
    </Entry>
    <Entry>
      <TrileEmplacement x="7" y="14" z="56"/>
      <TrileInstance trileId="34" orientation="2">
        <Position>
          <Vector3 x="7.0" y="14.0" z="55.75"/>
        </Position>
      </TrileInstance>
    </Entry>
    <Entry>
      <TrileEmplacement x="7" y="14" z="59"/>
      <TrileInstance trileId="34" orientation="2">
        <Position>
          <Vector3 x="7.0" y="14.0" z="58.75"/>
        </Position>
      </TrileInstance>
    </Entry>
    <Entry>
      <TrileEmplacement x="8" y="14" z="56"/>
      <TrileInstance trileId="34" orientation="2">
        <Position>
          <Vector3 x="8.0" y="14.0" z="55.75"/>
        </Position>
      </TrileInstance>
    </Entry>
    <Entry>
      <TrileEmplacement x="8" y="14" z="59"/>
      <TrileInstance trileId="34" orientation="2">
        <Position>
          <Vector3 x="8.0" y="14.0" z="58.75"/>
        </Position>
      </TrileInstance>
    </Entry>
    <Entry>
      <TrileEmplacement x="9" y="14" z="56"/>
      <TrileInstance trileId="34" orientation="2">
        <Position>
          <Vector3 x="9.0" y="14.0" z="55.75"/>
        </Position>
      </TrileInstance>
    </Entry>
    <Entry>
      <TrileEmplacement x="9" y="14" z="59"/>
      <TrileInstance trileId="34" orientation="2">
        <Position>
          <Vector3 x="9.0" y="14.0" z="58.75"/>
        </Position>
      </TrileInstance>
    </Entry>
    <Entry>
      <TrileEmplacement x="16" y="8" z="48"/>
      <TrileInstance trileId="34" orientation="2">
        <Position>
          <Vector3 x="16.0" y="8.0" z="48.0"/>
        </Position>
      </TrileInstance>
    </Entry>
    <Entry>
      <TrileEmplacement x="5" y="15" z="56"/>
      <TrileInstance trileId="34" orientation="2">
        <Position>
          <Vector3 x="5.0" y="15.0" z="55.75"/>
        </Position>
      </TrileInstance>
    </Entry>
    <Entry>
      <TrileEmplacement x="5" y="15" z="59"/>
      <TrileInstance trileId="34" orientation="2">
        <Position>
          <Vector3 x="5.0" y="15.0" z="58.75"/>
        </Position>
      </TrileInstance>
    </Entry>
    <Entry>
      <TrileEmplacement x="6" y="15" z="56"/>
      <TrileInstance trileId="34" orientation="2">
        <Position>
          <Vector3 x="6.0" y="15.0" z="55.75"/>
        </Position>
      </TrileInstance>
    </Entry>
    <Entry>
      <TrileEmplacement x="6" y="15" z="59"/>
      <TrileInstance trileId="34" orientation="2">
        <Position>
          <Vector3 x="6.0" y="15.0" z="58.75"/>
        </Position>
      </TrileInstance>
    </Entry>
    <Entry>
      <TrileEmplacement x="7" y="15" z="56"/>
      <TrileInstance trileId="34" orientation="2">
        <Position>
          <Vector3 x="7.0" y="15.0" z="55.75"/>
        </Position>
      </TrileInstance>
    </Entry>
    <Entry>
      <TrileEmplacement x="7" y="15" z="59"/>
      <TrileInstance trileId="34" orientation="2">
        <Position>
          <Vector3 x="7.0" y="15.0" z="58.75"/>
        </Position>
      </TrileInstance>
    </Entry>
    <Entry>
      <TrileEmplacement x="8" y="15" z="56"/>
      <TrileInstance trileId="34" orientation="2">
        <Position>
          <Vector3 x="8.0" y="15.0" z="55.75"/>
        </Position>
      </TrileInstance>
    </Entry>
    <Entry>
      <TrileEmplacement x="8" y="15" z="59"/>
      <TrileInstance trileId="34" orientation="2">
        <Position>
          <Vector3 x="8.0" y="15.0" z="58.75"/>
        </Position>
      </TrileInstance>
    </Entry>
    <Entry>
      <TrileEmplacement x="9" y="15" z="56"/>
      <TrileInstance trileId="34" orientation="2">
        <Position>
          <Vector3 x="9.0" y="15.0" z="55.75"/>
        </Position>
      </TrileInstance>
    </Entry>
    <Entry>
      <TrileEmplacement x="9" y="15" z="59"/>
      <TrileInstance trileId="34" orientation="2">
        <Position>
          <Vector3 x="9.0" y="15.0" z="58.75"/>
        </Position>
      </TrileInstance>
    </Entry>
    <Entry>
      <TrileEmplacement x="9" y="11" z="60"/>
      <TrileInstance trileId="34" orientation="2">
        <Position>
          <Vector3 x="9.0" y="11.0" z="60.0"/>
        </Position>
      </TrileInstance>
    </Entry>
    <Entry>
      <TrileEmplacement x="5" y="13" z="55"/>
      <TrileInstance trileId="34" orientation="2">
        <Position>
          <Vector3 x="5.0" y="13.0" z="54.5"/>
        </Position>
      </TrileInstance>
    </Entry>
    <Entry>
      <TrileEmplacement x="5" y="13" z="58"/>
      <TrileInstance trileId="34" orientation="2">
        <Position>
          <Vector3 x="4.5625" y="13.0" z="57.75"/>
        </Position>
      </TrileInstance>
    </Entry>
    <Entry>
      <TrileEmplacement x="6" y="13" z="55"/>
      <TrileInstance trileId="34" orientation="2">
        <Position>
          <Vector3 x="6.0" y="13.0" z="54.5"/>
        </Position>
      </TrileInstance>
    </Entry>
    <Entry>
      <TrileEmplacement x="6" y="13" z="58"/>
      <TrileInstance trileId="34" orientation="2">
        <Position>
          <Vector3 x="6.0" y="13.0" z="57.75"/>
        </Position>
      </TrileInstance>
    </Entry>
    <Entry>
      <TrileEmplacement x="7" y="13" z="55"/>
      <TrileInstance trileId="34" orientation="2">
        <Position>
          <Vector3 x="7.0" y="13.0" z="54.5"/>
        </Position>
      </TrileInstance>
    </Entry>
    <Entry>
      <TrileEmplacement x="7" y="13" z="58"/>
      <TrileInstance trileId="34" orientation="2">
        <Position>
          <Vector3 x="6.8125" y="13.0" z="57.75"/>
        </Position>
      </TrileInstance>
    </Entry>
    <Entry>
      <TrileEmplacement x="8" y="13" z="55"/>
      <TrileInstance trileId="34" orientation="2">
        <Position>
          <Vector3 x="8.0" y="13.0" z="54.5"/>
        </Position>
      </TrileInstance>
    </Entry>
    <Entry>
      <TrileEmplacement x="9" y="14" z="58"/>
      <TrileInstance trileId="66" orientation="1">
        <Position>
          <Vector3 x="9.0" y="14.0" z="57.75"/>
        </Position>
      </TrileInstance>
    </Entry>
    <Entry>
      <TrileEmplacement x="9" y="13" z="55"/>
      <TrileInstance trileId="34" orientation="2">
        <Position>
          <Vector3 x="8.8125" y="13.0" z="54.5"/>
        </Position>
      </TrileInstance>
    </Entry>
    <Entry>
      <TrileEmplacement x="8" y="11" z="60"/>
      <TrileInstance trileId="34" orientation="2">
        <Position>
          <Vector3 x="8.0" y="11.0" z="60.0"/>
        </Position>
      </TrileInstance>
    </Entry>
    <Entry>
      <TrileEmplacement x="7" y="11" z="60"/>
      <TrileInstance trileId="34" orientation="2">
        <Position>
          <Vector3 x="7.0" y="11.0" z="60.0"/>
        </Position>
      </TrileInstance>
    </Entry>
    <Entry>
      <TrileEmplacement x="5" y="14" z="55"/>
      <TrileInstance trileId="34" orientation="2">
        <Position>
          <Vector3 x="5.0" y="14.0" z="54.75"/>
        </Position>
      </TrileInstance>
    </Entry>
    <Entry>
      <TrileEmplacement x="5" y="14" z="58"/>
      <TrileInstance trileId="34" orientation="2">
        <Position>
          <Vector3 x="5.0" y="14.0" z="57.75"/>
        </Position>
      </TrileInstance>
    </Entry>
    <Entry>
      <TrileEmplacement x="6" y="14" z="55"/>
      <TrileInstance trileId="34" orientation="2">
        <Position>
          <Vector3 x="6.0" y="14.0" z="54.75"/>
        </Position>
      </TrileInstance>
    </Entry>
    <Entry>
      <TrileEmplacement x="6" y="14" z="58"/>
      <TrileInstance trileId="34" orientation="2">
        <Position>
          <Vector3 x="6.0" y="14.0" z="57.75"/>
        </Position>
      </TrileInstance>
    </Entry>
    <Entry>
      <TrileEmplacement x="7" y="14" z="55"/>
      <TrileInstance trileId="34" orientation="2">
        <Position>
          <Vector3 x="7.0" y="14.0" z="54.75"/>
        </Position>
      </TrileInstance>
    </Entry>
    <Entry>
      <TrileEmplacement x="7" y="14" z="58"/>
      <TrileInstance trileId="34" orientation="2">
        <Position>
          <Vector3 x="6.8125" y="14.0" z="57.75"/>
        </Position>
      </TrileInstance>
    </Entry>
    <Entry>
      <TrileEmplacement x="8" y="14" z="55"/>
      <TrileInstance trileId="34" orientation="2">
        <Position>
          <Vector3 x="8.0" y="14.0" z="54.75"/>
        </Position>
      </TrileInstance>
    </Entry>
    <Entry>
      <TrileEmplacement x="9" y="13" z="58"/>
      <TrileInstance trileId="66" orientation="2">
        <Position>
          <Vector3 x="9.0" y="13.0" z="57.75"/>
        </Position>
      </TrileInstance>
    </Entry>
    <Entry>
      <TrileEmplacement x="9" y="14" z="55"/>
      <TrileInstance trileId="34" orientation="2">
        <Position>
          <Vector3 x="9.0" y="14.0" z="54.75"/>
        </Position>
      </TrileInstance>
    </Entry>
    <Entry>
      <TrileEmplacement x="4" y="11" z="58"/>
      <TrileInstance trileId="34" orientation="2">
        <Position>
          <Vector3 x="4.0" y="11.0" z="58.0"/>
        </Position>
      </TrileInstance>
    </Entry>
    <Entry>
      <TrileEmplacement x="10" y="11" z="60"/>
      <TrileInstance trileId="34" orientation="2">
        <Position>
          <Vector3 x="10.0" y="11.0" z="60.0"/>
        </Position>
      </TrileInstance>
    </Entry>
    <Entry>
      <TrileEmplacement x="5" y="15" z="55"/>
      <TrileInstance trileId="34" orientation="2">
        <Position>
          <Vector3 x="5.0" y="15.0" z="54.75"/>
        </Position>
      </TrileInstance>
    </Entry>
    <Entry>
      <TrileEmplacement x="5" y="15" z="58"/>
      <TrileInstance trileId="34" orientation="2">
        <Position>
          <Vector3 x="5.0" y="15.0" z="57.75"/>
        </Position>
      </TrileInstance>
    </Entry>
    <Entry>
      <TrileEmplacement x="6" y="15" z="55"/>
      <TrileInstance trileId="34" orientation="2">
        <Position>
          <Vector3 x="6.0" y="15.0" z="54.75"/>
        </Position>
      </TrileInstance>
    </Entry>
    <Entry>
      <TrileEmplacement x="6" y="15" z="58"/>
      <TrileInstance trileId="34" orientation="2">
        <Position>
          <Vector3 x="6.0" y="15.0" z="57.75"/>
        </Position>
      </TrileInstance>
    </Entry>
    <Entry>
      <TrileEmplacement x="7" y="15" z="55"/>
      <TrileInstance trileId="34" orientation="2">
        <Position>
          <Vector3 x="7.0" y="15.0" z="54.75"/>
        </Position>
      </TrileInstance>
    </Entry>
    <Entry>
      <TrileEmplacement x="7" y="15" z="58"/>
      <TrileInstance trileId="34" orientation="2">
        <Position>
          <Vector3 x="7.0" y="15.0" z="57.75"/>
        </Position>
      </TrileInstance>
    </Entry>
    <Entry>
      <TrileEmplacement x="8" y="15" z="55"/>
      <TrileInstance trileId="34" orientation="2">
        <Position>
          <Vector3 x="8.0" y="15.0" z="54.75"/>
        </Position>
      </TrileInstance>
    </Entry>
    <Entry>
      <TrileEmplacement x="8" y="15" z="58"/>
      <TrileInstance trileId="34" orientation="2">
        <Position>
          <Vector3 x="8.0" y="15.0" z="57.75"/>
        </Position>
      </TrileInstance>
    </Entry>
    <Entry>
      <TrileEmplacement x="9" y="15" z="55"/>
      <TrileInstance trileId="34" orientation="2">
        <Position>
          <Vector3 x="9.0" y="15.0" z="54.75"/>
        </Position>
      </TrileInstance>
    </Entry>
    <Entry>
      <TrileEmplacement x="9" y="15" z="58"/>
      <TrileInstance trileId="34" orientation="2">
        <Position>
          <Vector3 x="9.0" y="15.0" z="57.75"/>
        </Position>
      </TrileInstance>
    </Entry>
    <Entry>
      <TrileEmplacement x="9" y="16" z="59"/>
      <TrileInstance trileId="34" orientation="2">
        <Position>
          <Vector3 x="9.0" y="16.0" z="58.75"/>
        </Position>
      </TrileInstance>
    </Entry>
    <Entry>
      <TrileEmplacement x="9" y="16" z="58"/>
      <TrileInstance trileId="34" orientation="2">
        <Position>
          <Vector3 x="9.0" y="16.0" z="57.75"/>
        </Position>
      </TrileInstance>
    </Entry>
    <Entry>
      <TrileEmplacement x="9" y="16" z="57"/>
      <TrileInstance trileId="34" orientation="2">
        <Position>
          <Vector3 x="9.0" y="16.0" z="56.75"/>
        </Position>
      </TrileInstance>
    </Entry>
    <Entry>
      <TrileEmplacement x="9" y="16" z="56"/>
      <TrileInstance trileId="34" orientation="2">
        <Position>
          <Vector3 x="9.0" y="16.0" z="55.75"/>
        </Position>
      </TrileInstance>
    </Entry>
    <Entry>
      <TrileEmplacement x="9" y="16" z="55"/>
      <TrileInstance trileId="34" orientation="2">
        <Position>
          <Vector3 x="9.0" y="16.0" z="54.75"/>
        </Position>
      </TrileInstance>
    </Entry>
    <Entry>
      <TrileEmplacement x="8" y="16" z="59"/>
      <TrileInstance trileId="34" orientation="2">
        <Position>
          <Vector3 x="8.0" y="16.0" z="58.75"/>
        </Position>
      </TrileInstance>
    </Entry>
    <Entry>
      <TrileEmplacement x="8" y="16" z="58"/>
      <TrileInstance trileId="34" orientation="2">
        <Position>
          <Vector3 x="8.0" y="16.0" z="57.75"/>
        </Position>
      </TrileInstance>
    </Entry>
    <Entry>
      <TrileEmplacement x="8" y="16" z="57"/>
      <TrileInstance trileId="34" orientation="2">
        <Position>
          <Vector3 x="8.0" y="16.0" z="56.75"/>
        </Position>
      </TrileInstance>
    </Entry>
    <Entry>
      <TrileEmplacement x="8" y="16" z="56"/>
      <TrileInstance trileId="34" orientation="2">
        <Position>
          <Vector3 x="8.0" y="16.0" z="55.75"/>
        </Position>
      </TrileInstance>
    </Entry>
    <Entry>
      <TrileEmplacement x="8" y="16" z="55"/>
      <TrileInstance trileId="34" orientation="2">
        <Position>
          <Vector3 x="8.0" y="16.0" z="54.75"/>
        </Position>
      </TrileInstance>
    </Entry>
    <Entry>
      <TrileEmplacement x="7" y="16" z="59"/>
      <TrileInstance trileId="34" orientation="2">
        <Position>
          <Vector3 x="7.0" y="16.0" z="58.75"/>
        </Position>
      </TrileInstance>
    </Entry>
    <Entry>
      <TrileEmplacement x="7" y="16" z="58"/>
      <TrileInstance trileId="34" orientation="2">
        <Position>
          <Vector3 x="7.0" y="16.0" z="57.75"/>
        </Position>
      </TrileInstance>
    </Entry>
    <Entry>
      <TrileEmplacement x="7" y="16" z="57"/>
      <TrileInstance trileId="34" orientation="2">
        <Position>
          <Vector3 x="7.0" y="16.0" z="56.75"/>
        </Position>
      </TrileInstance>
    </Entry>
    <Entry>
      <TrileEmplacement x="7" y="16" z="56"/>
      <TrileInstance trileId="34" orientation="2">
        <Position>
          <Vector3 x="7.0" y="16.0" z="55.75"/>
        </Position>
      </TrileInstance>
    </Entry>
    <Entry>
      <TrileEmplacement x="7" y="16" z="55"/>
      <TrileInstance trileId="34" orientation="2">
        <Position>
          <Vector3 x="7.0" y="16.0" z="54.75"/>
        </Position>
      </TrileInstance>
    </Entry>
    <Entry>
      <TrileEmplacement x="6" y="16" z="59"/>
      <TrileInstance trileId="34" orientation="2">
        <Position>
          <Vector3 x="6.0" y="16.0" z="58.75"/>
        </Position>
      </TrileInstance>
    </Entry>
    <Entry>
      <TrileEmplacement x="6" y="16" z="58"/>
      <TrileInstance trileId="34" orientation="2">
        <Position>
          <Vector3 x="6.0" y="16.0" z="57.75"/>
        </Position>
      </TrileInstance>
    </Entry>
    <Entry>
      <TrileEmplacement x="6" y="16" z="57"/>
      <TrileInstance trileId="34" orientation="2">
        <Position>
          <Vector3 x="6.0" y="16.0" z="56.75"/>
        </Position>
      </TrileInstance>
    </Entry>
    <Entry>
      <TrileEmplacement x="6" y="16" z="56"/>
      <TrileInstance trileId="34" orientation="2">
        <Position>
          <Vector3 x="6.0" y="16.0" z="55.75"/>
        </Position>
      </TrileInstance>
    </Entry>
    <Entry>
      <TrileEmplacement x="6" y="16" z="55"/>
      <TrileInstance trileId="34" orientation="2">
        <Position>
          <Vector3 x="6.0" y="16.0" z="54.75"/>
        </Position>
      </TrileInstance>
    </Entry>
    <Entry>
      <TrileEmplacement x="5" y="16" z="59"/>
      <TrileInstance trileId="34" orientation="2">
        <Position>
          <Vector3 x="5.0" y="16.0" z="58.75"/>
        </Position>
      </TrileInstance>
    </Entry>
    <Entry>
      <TrileEmplacement x="5" y="16" z="58"/>
      <TrileInstance trileId="34" orientation="2">
        <Position>
          <Vector3 x="5.0" y="16.0" z="57.75"/>
        </Position>
      </TrileInstance>
    </Entry>
    <Entry>
      <TrileEmplacement x="5" y="16" z="57"/>
      <TrileInstance trileId="34" orientation="2">
        <Position>
          <Vector3 x="5.0" y="16.0" z="56.75"/>
        </Position>
      </TrileInstance>
    </Entry>
    <Entry>
      <TrileEmplacement x="5" y="16" z="56"/>
      <TrileInstance trileId="34" orientation="2">
        <Position>
          <Vector3 x="5.0" y="16.0" z="55.75"/>
        </Position>
      </TrileInstance>
    </Entry>
    <Entry>
      <TrileEmplacement x="5" y="16" z="55"/>
      <TrileInstance trileId="34" orientation="2">
        <Position>
          <Vector3 x="5.0" y="16.0" z="54.75"/>
        </Position>
      </TrileInstance>
    </Entry>
    <Entry>
      <TrileEmplacement x="5" y="11" z="60"/>
      <TrileInstance trileId="34" orientation="2">
        <Position>
          <Vector3 x="5.0" y="11.0" z="60.0"/>
        </Position>
      </TrileInstance>
    </Entry>
    <Entry>
      <TrileEmplacement x="4" y="11" z="60"/>
      <TrileInstance trileId="34" orientation="2">
        <Position>
          <Vector3 x="4.0" y="11.0" z="60.0"/>
        </Position>
      </TrileInstance>
    </Entry>
    <Entry>
      <TrileEmplacement x="6" y="11" z="60"/>
      <TrileInstance trileId="34" orientation="2">
        <Position>
          <Vector3 x="6.0" y="11.0" z="60.0"/>
        </Position>
      </TrileInstance>
    </Entry>
    <Entry>
      <TrileEmplacement x="59" y="9" z="2"/>
      <TrileInstance trileId="35" orientation="2">
        <Position>
          <Vector3 x="59.0" y="9.0" z="2.0"/>
        </Position>
      </TrileInstance>
    </Entry>
    <Entry>
      <TrileEmplacement x="59" y="7" z="1"/>
      <TrileInstance trileId="34" orientation="2">
        <Position>
          <Vector3 x="59.0" y="7.0" z="1.0"/>
        </Position>
      </TrileInstance>
    </Entry>
    <Entry>
      <TrileEmplacement x="59" y="8" z="1"/>
      <TrileInstance trileId="34" orientation="2">
        <Position>
          <Vector3 x="59.0" y="8.0" z="1.0"/>
        </Position>
      </TrileInstance>
    </Entry>
    <Entry>
      <TrileEmplacement x="60" y="8" z="1"/>
      <TrileInstance trileId="34" orientation="2">
        <Position>
          <Vector3 x="60.0" y="8.0" z="1.0"/>
        </Position>
      </TrileInstance>
    </Entry>
    <Entry>
      <TrileEmplacement x="58" y="9" z="1"/>
      <TrileInstance trileId="35" orientation="2">
        <Position>
          <Vector3 x="58.0" y="9.0" z="1.0"/>
        </Position>
      </TrileInstance>
    </Entry>
    <Entry>
      <TrileEmplacement x="58" y="7" z="1"/>
      <TrileInstance trileId="34" orientation="2">
        <Position>
          <Vector3 x="58.0" y="7.0" z="1.0"/>
        </Position>
      </TrileInstance>
    </Entry>
    <Entry>
      <TrileEmplacement x="60" y="9" z="0"/>
      <TrileInstance trileId="35" orientation="2">
        <Position>
          <Vector3 x="60.0" y="9.0" z="0.0"/>
        </Position>
      </TrileInstance>
    </Entry>
    <Entry>
      <TrileEmplacement x="58" y="9" z="0"/>
      <TrileInstance trileId="34" orientation="2">
        <Position>
          <Vector3 x="58.0" y="9.0" z="0.0"/>
        </Position>
      </TrileInstance>
    </Entry>
    <Entry>
      <TrileEmplacement x="58" y="8" z="1"/>
      <TrileInstance trileId="34" orientation="2">
        <Position>
          <Vector3 x="58.0" y="8.0" z="1.0"/>
        </Position>
      </TrileInstance>
    </Entry>
    <Entry>
      <TrileEmplacement x="59" y="9" z="1"/>
      <TrileInstance trileId="35" orientation="2">
        <Position>
          <Vector3 x="59.0" y="9.0" z="1.0"/>
        </Position>
      </TrileInstance>
    </Entry>
    <Entry>
      <TrileEmplacement x="4" y="11" z="57"/>
      <TrileInstance trileId="34" orientation="2">
        <Position>
          <Vector3 x="4.0" y="11.0" z="57.0"/>
        </Position>
      </TrileInstance>
    </Entry>
    <Entry>
      <TrileEmplacement x="4" y="11" z="56"/>
      <TrileInstance trileId="34" orientation="2">
        <Position>
          <Vector3 x="4.0" y="11.0" z="56.0"/>
        </Position>
      </TrileInstance>
    </Entry>
    <Entry>
      <TrileEmplacement x="4" y="11" z="55"/>
      <TrileInstance trileId="34" orientation="2">
        <Position>
          <Vector3 x="4.0" y="11.0" z="55.0"/>
        </Position>
      </TrileInstance>
    </Entry>
    <Entry>
      <TrileEmplacement x="4" y="11" z="54"/>
      <TrileInstance trileId="34" orientation="2">
        <Position>
          <Vector3 x="4.0" y="11.0" z="54.0"/>
        </Position>
      </TrileInstance>
    </Entry>
    <Entry>
      <TrileEmplacement x="10" y="11" z="59"/>
      <TrileInstance trileId="34" orientation="2">
        <Position>
          <Vector3 x="10.0" y="11.0" z="59.0"/>
        </Position>
      </TrileInstance>
    </Entry>
    <Entry>
      <TrileEmplacement x="10" y="11" z="58"/>
      <TrileInstance trileId="34" orientation="2">
        <Position>
          <Vector3 x="10.0" y="11.0" z="58.0"/>
        </Position>
      </TrileInstance>
    </Entry>
    <Entry>
      <TrileEmplacement x="10" y="11" z="57"/>
      <TrileInstance trileId="34" orientation="2">
        <Position>
          <Vector3 x="10.0" y="11.0" z="57.0"/>
        </Position>
      </TrileInstance>
    </Entry>
    <Entry>
      <TrileEmplacement x="10" y="12" z="56"/>
      <TrileInstance trileId="35" orientation="2">
        <Position>
          <Vector3 x="10.0" y="12.0" z="56.0"/>
        </Position>
      </TrileInstance>
    </Entry>
    <Entry>
      <TrileEmplacement x="14" y="9" z="49"/>
      <TrileInstance trileId="35" orientation="2">
        <Position>
          <Vector3 x="14.0" y="9.0" z="49.0"/>
        </Position>
      </TrileInstance>
    </Entry>
    <Entry>
      <TrileEmplacement x="10" y="11" z="54"/>
      <TrileInstance trileId="34" orientation="2">
        <Position>
          <Vector3 x="10.0" y="11.0" z="54.0"/>
        </Position>
      </TrileInstance>
    </Entry>
    <Entry>
      <TrileEmplacement x="9" y="11" z="54"/>
      <TrileInstance trileId="34" orientation="2">
        <Position>
          <Vector3 x="9.0" y="11.0" z="54.0"/>
        </Position>
      </TrileInstance>
    </Entry>
    <Entry>
      <TrileEmplacement x="8" y="11" z="54"/>
      <TrileInstance trileId="34" orientation="2">
        <Position>
          <Vector3 x="8.0" y="11.0" z="54.0"/>
        </Position>
      </TrileInstance>
    </Entry>
    <Entry>
      <TrileEmplacement x="7" y="11" z="54"/>
      <TrileInstance trileId="34" orientation="2">
        <Position>
          <Vector3 x="7.0" y="11.0" z="54.0"/>
        </Position>
      </TrileInstance>
    </Entry>
    <Entry>
      <TrileEmplacement x="6" y="11" z="54"/>
      <TrileInstance trileId="34" orientation="2">
        <Position>
          <Vector3 x="6.0" y="11.0" z="54.0"/>
        </Position>
      </TrileInstance>
    </Entry>
    <Entry>
      <TrileEmplacement x="5" y="11" z="54"/>
      <TrileInstance trileId="34" orientation="2">
        <Position>
          <Vector3 x="5.0" y="11.0" z="54.0"/>
        </Position>
      </TrileInstance>
    </Entry>
    <Entry>
      <TrileEmplacement x="4" y="10" z="60"/>
      <TrileInstance trileId="34" orientation="2">
        <Position>
          <Vector3 x="4.0" y="10.0" z="60.0"/>
        </Position>
      </TrileInstance>
    </Entry>
    <Entry>
      <TrileEmplacement x="4" y="9" z="60"/>
      <TrileInstance trileId="34" orientation="2">
        <Position>
          <Vector3 x="4.0" y="9.0" z="60.0"/>
        </Position>
      </TrileInstance>
    </Entry>
    <Entry>
      <TrileEmplacement x="4" y="8" z="60"/>
      <TrileInstance trileId="34" orientation="2">
        <Position>
          <Vector3 x="4.0" y="8.0" z="60.0"/>
        </Position>
      </TrileInstance>
    </Entry>
    <Entry>
      <TrileEmplacement x="4" y="7" z="60"/>
      <TrileInstance trileId="34" orientation="2">
        <Position>
          <Vector3 x="4.0" y="7.0" z="60.0"/>
        </Position>
      </TrileInstance>
    </Entry>
    <Entry>
      <TrileEmplacement x="5" y="10" z="54"/>
      <TrileInstance trileId="34" orientation="2">
        <Position>
          <Vector3 x="5.0" y="10.0" z="54.0"/>
        </Position>
      </TrileInstance>
    </Entry>
    <Entry>
      <TrileEmplacement x="5" y="9" z="54"/>
      <TrileInstance trileId="34" orientation="2">
        <Position>
          <Vector3 x="5.0" y="9.0" z="54.0"/>
        </Position>
      </TrileInstance>
    </Entry>
    <Entry>
      <TrileEmplacement x="5" y="8" z="54"/>
      <TrileInstance trileId="34" orientation="2">
        <Position>
          <Vector3 x="5.0" y="8.0" z="54.0"/>
        </Position>
      </TrileInstance>
    </Entry>
    <Entry>
      <TrileEmplacement x="5" y="7" z="54"/>
      <TrileInstance trileId="34" orientation="2">
        <Position>
          <Vector3 x="5.0" y="7.0" z="54.0"/>
        </Position>
      </TrileInstance>
    </Entry>
    <Entry>
      <TrileEmplacement x="16" y="8" z="49"/>
      <TrileInstance trileId="34" orientation="2">
        <Position>
          <Vector3 x="16.0" y="8.0" z="49.0"/>
        </Position>
      </TrileInstance>
    </Entry>
    <Entry>
      <TrileEmplacement x="10" y="9" z="55"/>
      <TrileInstance trileId="34" orientation="2">
        <Position>
          <Vector3 x="10.0" y="9.0" z="55.0"/>
        </Position>
      </TrileInstance>
    </Entry>
    <Entry>
      <TrileEmplacement x="10" y="8" z="55"/>
      <TrileInstance trileId="34" orientation="2">
        <Position>
          <Vector3 x="10.0" y="8.0" z="55.0"/>
        </Position>
      </TrileInstance>
    </Entry>
    <Entry>
      <TrileEmplacement x="10" y="7" z="55"/>
      <TrileInstance trileId="34" orientation="2">
        <Position>
          <Vector3 x="10.0" y="7.0" z="55.0"/>
        </Position>
      </TrileInstance>
    </Entry>
    <Entry>
      <TrileEmplacement x="15" y="9" z="48"/>
      <TrileInstance trileId="35" orientation="2">
        <Position>
          <Vector3 x="15.0" y="9.0" z="48.0"/>
        </Position>
      </TrileInstance>
    </Entry>
    <Entry>
      <TrileEmplacement x="10" y="9" z="56"/>
      <TrileInstance trileId="34" orientation="2">
        <Position>
          <Vector3 x="10.0" y="9.0" z="56.0"/>
        </Position>
      </TrileInstance>
    </Entry>
    <Entry>
      <TrileEmplacement x="10" y="8" z="56"/>
      <TrileInstance trileId="34" orientation="2">
        <Position>
          <Vector3 x="10.0" y="8.0" z="56.0"/>
        </Position>
      </TrileInstance>
    </Entry>
    <Entry>
      <TrileEmplacement x="10" y="7" z="56"/>
      <TrileInstance trileId="34" orientation="2">
        <Position>
          <Vector3 x="10.0" y="7.0" z="56.0"/>
        </Position>
      </TrileInstance>
    </Entry>
    <Entry>
      <TrileEmplacement x="10" y="10" z="57"/>
      <TrileInstance trileId="34" orientation="2">
        <Position>
          <Vector3 x="10.0" y="10.0" z="57.0"/>
        </Position>
      </TrileInstance>
    </Entry>
    <Entry>
      <TrileEmplacement x="10" y="9" z="57"/>
      <TrileInstance trileId="34" orientation="2">
        <Position>
          <Vector3 x="10.0" y="9.0" z="57.0"/>
        </Position>
      </TrileInstance>
    </Entry>
    <Entry>
      <TrileEmplacement x="10" y="8" z="57"/>
      <TrileInstance trileId="34" orientation="2">
        <Position>
          <Vector3 x="10.0" y="8.0" z="57.0"/>
        </Position>
      </TrileInstance>
    </Entry>
    <Entry>
      <TrileEmplacement x="10" y="7" z="57"/>
      <TrileInstance trileId="34" orientation="2">
        <Position>
          <Vector3 x="10.0" y="7.0" z="57.0"/>
        </Position>
      </TrileInstance>
    </Entry>
    <Entry>
      <TrileEmplacement x="10" y="10" z="58"/>
      <TrileInstance trileId="34" orientation="2">
        <Position>
          <Vector3 x="10.0" y="10.0" z="58.0"/>
        </Position>
      </TrileInstance>
    </Entry>
    <Entry>
      <TrileEmplacement x="10" y="9" z="58"/>
      <TrileInstance trileId="34" orientation="2">
        <Position>
          <Vector3 x="10.0" y="9.0" z="58.0"/>
        </Position>
      </TrileInstance>
    </Entry>
    <Entry>
      <TrileEmplacement x="10" y="8" z="58"/>
      <TrileInstance trileId="34" orientation="2">
        <Position>
          <Vector3 x="10.0" y="8.0" z="58.0"/>
        </Position>
      </TrileInstance>
    </Entry>
    <Entry>
      <TrileEmplacement x="10" y="7" z="58"/>
      <TrileInstance trileId="34" orientation="2">
        <Position>
          <Vector3 x="10.0" y="7.0" z="58.0"/>
        </Position>
      </TrileInstance>
    </Entry>
    <Entry>
      <TrileEmplacement x="10" y="10" z="59"/>
      <TrileInstance trileId="34" orientation="2">
        <Position>
          <Vector3 x="10.0" y="10.0" z="59.0"/>
        </Position>
      </TrileInstance>
    </Entry>
    <Entry>
      <TrileEmplacement x="10" y="9" z="59"/>
      <TrileInstance trileId="34" orientation="2">
        <Position>
          <Vector3 x="10.0" y="9.0" z="59.0"/>
        </Position>
      </TrileInstance>
    </Entry>
    <Entry>
      <TrileEmplacement x="10" y="8" z="59"/>
      <TrileInstance trileId="34" orientation="2">
        <Position>
          <Vector3 x="10.0" y="8.0" z="59.0"/>
        </Position>
      </TrileInstance>
    </Entry>
    <Entry>
      <TrileEmplacement x="10" y="7" z="59"/>
      <TrileInstance trileId="34" orientation="2">
        <Position>
          <Vector3 x="10.0" y="7.0" z="59.0"/>
        </Position>
      </TrileInstance>
    </Entry>
    <Entry>
      <TrileEmplacement x="10" y="10" z="60"/>
      <TrileInstance trileId="34" orientation="2">
        <Position>
          <Vector3 x="10.0" y="10.0" z="60.0"/>
        </Position>
      </TrileInstance>
    </Entry>
    <Entry>
      <TrileEmplacement x="10" y="9" z="60"/>
      <TrileInstance trileId="34" orientation="2">
        <Position>
          <Vector3 x="10.0" y="9.0" z="60.0"/>
        </Position>
      </TrileInstance>
    </Entry>
    <Entry>
      <TrileEmplacement x="10" y="8" z="60"/>
      <TrileInstance trileId="34" orientation="2">
        <Position>
          <Vector3 x="10.0" y="8.0" z="60.0"/>
        </Position>
      </TrileInstance>
    </Entry>
    <Entry>
      <TrileEmplacement x="10" y="7" z="60"/>
      <TrileInstance trileId="34" orientation="2">
        <Position>
          <Vector3 x="10.0" y="7.0" z="60.0"/>
        </Position>
      </TrileInstance>
    </Entry>
    <Entry>
      <TrileEmplacement x="5" y="10" z="60"/>
      <TrileInstance trileId="34" orientation="2">
        <Position>
          <Vector3 x="5.0" y="10.0" z="60.0"/>
        </Position>
      </TrileInstance>
    </Entry>
    <Entry>
      <TrileEmplacement x="5" y="9" z="60"/>
      <TrileInstance trileId="34" orientation="2">
        <Position>
          <Vector3 x="5.0" y="9.0" z="60.0"/>
        </Position>
      </TrileInstance>
    </Entry>
    <Entry>
      <TrileEmplacement x="5" y="8" z="60"/>
      <TrileInstance trileId="34" orientation="2">
        <Position>
          <Vector3 x="5.0" y="8.0" z="60.0"/>
        </Position>
      </TrileInstance>
    </Entry>
    <Entry>
      <TrileEmplacement x="5" y="7" z="60"/>
      <TrileInstance trileId="34" orientation="2">
        <Position>
          <Vector3 x="5.0" y="7.0" z="60.0"/>
        </Position>
      </TrileInstance>
    </Entry>
    <Entry>
      <TrileEmplacement x="6" y="10" z="60"/>
      <TrileInstance trileId="34" orientation="2">
        <Position>
          <Vector3 x="6.0" y="10.0" z="60.0"/>
        </Position>
      </TrileInstance>
    </Entry>
    <Entry>
      <TrileEmplacement x="6" y="9" z="60"/>
      <TrileInstance trileId="34" orientation="2">
        <Position>
          <Vector3 x="6.0" y="9.0" z="60.0"/>
        </Position>
      </TrileInstance>
    </Entry>
    <Entry>
      <TrileEmplacement x="6" y="8" z="60"/>
      <TrileInstance trileId="34" orientation="2">
        <Position>
          <Vector3 x="6.0" y="8.0" z="60.0"/>
        </Position>
      </TrileInstance>
    </Entry>
    <Entry>
      <TrileEmplacement x="6" y="7" z="60"/>
      <TrileInstance trileId="34" orientation="2">
        <Position>
          <Vector3 x="6.0" y="7.0" z="60.0"/>
        </Position>
      </TrileInstance>
    </Entry>
    <Entry>
      <TrileEmplacement x="7" y="10" z="60"/>
      <TrileInstance trileId="34" orientation="2">
        <Position>
          <Vector3 x="7.0" y="10.0" z="60.0"/>
        </Position>
      </TrileInstance>
    </Entry>
    <Entry>
      <TrileEmplacement x="7" y="9" z="60"/>
      <TrileInstance trileId="34" orientation="2">
        <Position>
          <Vector3 x="7.0" y="9.0" z="60.0"/>
        </Position>
      </TrileInstance>
    </Entry>
    <Entry>
      <TrileEmplacement x="7" y="8" z="60"/>
      <TrileInstance trileId="34" orientation="2">
        <Position>
          <Vector3 x="7.0" y="8.0" z="60.0"/>
        </Position>
      </TrileInstance>
    </Entry>
    <Entry>
      <TrileEmplacement x="7" y="7" z="60"/>
      <TrileInstance trileId="34" orientation="2">
        <Position>
          <Vector3 x="7.0" y="7.0" z="60.0"/>
        </Position>
      </TrileInstance>
    </Entry>
    <Entry>
      <TrileEmplacement x="8" y="10" z="60"/>
      <TrileInstance trileId="34" orientation="2">
        <Position>
          <Vector3 x="8.0" y="10.0" z="60.0"/>
        </Position>
      </TrileInstance>
    </Entry>
    <Entry>
      <TrileEmplacement x="8" y="9" z="60"/>
      <TrileInstance trileId="34" orientation="2">
        <Position>
          <Vector3 x="8.0" y="9.0" z="60.0"/>
        </Position>
      </TrileInstance>
    </Entry>
    <Entry>
      <TrileEmplacement x="8" y="8" z="60"/>
      <TrileInstance trileId="34" orientation="2">
        <Position>
          <Vector3 x="8.0" y="8.0" z="60.0"/>
        </Position>
      </TrileInstance>
    </Entry>
    <Entry>
      <TrileEmplacement x="8" y="7" z="60"/>
      <TrileInstance trileId="34" orientation="2">
        <Position>
          <Vector3 x="8.0" y="7.0" z="60.0"/>
        </Position>
      </TrileInstance>
    </Entry>
    <Entry>
      <TrileEmplacement x="9" y="10" z="60"/>
      <TrileInstance trileId="34" orientation="2">
        <Position>
          <Vector3 x="9.0" y="10.0" z="60.0"/>
        </Position>
      </TrileInstance>
    </Entry>
    <Entry>
      <TrileEmplacement x="9" y="9" z="60"/>
      <TrileInstance trileId="34" orientation="2">
        <Position>
          <Vector3 x="9.0" y="9.0" z="60.0"/>
        </Position>
      </TrileInstance>
    </Entry>
    <Entry>
      <TrileEmplacement x="9" y="8" z="60"/>
      <TrileInstance trileId="34" orientation="2">
        <Position>
          <Vector3 x="9.0" y="8.0" z="60.0"/>
        </Position>
      </TrileInstance>
    </Entry>
    <Entry>
      <TrileEmplacement x="9" y="7" z="60"/>
      <TrileInstance trileId="34" orientation="2">
        <Position>
          <Vector3 x="9.0" y="7.0" z="60.0"/>
        </Position>
      </TrileInstance>
    </Entry>
    <Entry>
      <TrileEmplacement x="10" y="10" z="54"/>
      <TrileInstance trileId="34" orientation="2">
        <Position>
          <Vector3 x="10.0" y="10.0" z="54.0"/>
        </Position>
      </TrileInstance>
    </Entry>
    <Entry>
      <TrileEmplacement x="10" y="9" z="54"/>
      <TrileInstance trileId="34" orientation="2">
        <Position>
          <Vector3 x="10.0" y="9.0" z="54.0"/>
        </Position>
      </TrileInstance>
    </Entry>
    <Entry>
      <TrileEmplacement x="10" y="8" z="54"/>
      <TrileInstance trileId="34" orientation="2">
        <Position>
          <Vector3 x="10.0" y="8.0" z="54.0"/>
        </Position>
      </TrileInstance>
    </Entry>
    <Entry>
      <TrileEmplacement x="10" y="7" z="54"/>
      <TrileInstance trileId="34" orientation="2">
        <Position>
          <Vector3 x="10.0" y="7.0" z="54.0"/>
        </Position>
      </TrileInstance>
    </Entry>
    <Entry>
      <TrileEmplacement x="9" y="10" z="54"/>
      <TrileInstance trileId="34" orientation="2">
        <Position>
          <Vector3 x="9.0" y="10.0" z="54.0"/>
        </Position>
      </TrileInstance>
    </Entry>
    <Entry>
      <TrileEmplacement x="9" y="9" z="54"/>
      <TrileInstance trileId="34" orientation="2">
        <Position>
          <Vector3 x="9.0" y="9.0" z="54.0"/>
        </Position>
      </TrileInstance>
    </Entry>
    <Entry>
      <TrileEmplacement x="9" y="8" z="54"/>
      <TrileInstance trileId="34" orientation="2">
        <Position>
          <Vector3 x="9.0" y="8.0" z="54.0"/>
        </Position>
      </TrileInstance>
    </Entry>
    <Entry>
      <TrileEmplacement x="9" y="7" z="54"/>
      <TrileInstance trileId="34" orientation="2">
        <Position>
          <Vector3 x="9.0" y="7.0" z="54.0"/>
        </Position>
      </TrileInstance>
    </Entry>
    <Entry>
      <TrileEmplacement x="8" y="10" z="54"/>
      <TrileInstance trileId="34" orientation="2">
        <Position>
          <Vector3 x="8.0" y="10.0" z="54.0"/>
        </Position>
      </TrileInstance>
    </Entry>
    <Entry>
      <TrileEmplacement x="8" y="9" z="54"/>
      <TrileInstance trileId="34" orientation="2">
        <Position>
          <Vector3 x="8.0" y="9.0" z="54.0"/>
        </Position>
      </TrileInstance>
    </Entry>
    <Entry>
      <TrileEmplacement x="8" y="8" z="54"/>
      <TrileInstance trileId="34" orientation="2">
        <Position>
          <Vector3 x="8.0" y="8.0" z="54.0"/>
        </Position>
      </TrileInstance>
    </Entry>
    <Entry>
      <TrileEmplacement x="8" y="7" z="54"/>
      <TrileInstance trileId="34" orientation="2">
        <Position>
          <Vector3 x="8.0" y="7.0" z="54.0"/>
        </Position>
      </TrileInstance>
    </Entry>
    <Entry>
      <TrileEmplacement x="7" y="10" z="54"/>
      <TrileInstance trileId="34" orientation="2">
        <Position>
          <Vector3 x="7.0" y="10.0" z="54.0"/>
        </Position>
      </TrileInstance>
    </Entry>
    <Entry>
      <TrileEmplacement x="7" y="9" z="54"/>
      <TrileInstance trileId="34" orientation="2">
        <Position>
          <Vector3 x="7.0" y="9.0" z="54.0"/>
        </Position>
      </TrileInstance>
    </Entry>
    <Entry>
      <TrileEmplacement x="7" y="8" z="54"/>
      <TrileInstance trileId="34" orientation="2">
        <Position>
          <Vector3 x="7.0" y="8.0" z="54.0"/>
        </Position>
      </TrileInstance>
    </Entry>
    <Entry>
      <TrileEmplacement x="7" y="7" z="54"/>
      <TrileInstance trileId="34" orientation="2">
        <Position>
          <Vector3 x="7.0" y="7.0" z="54.0"/>
        </Position>
      </TrileInstance>
    </Entry>
    <Entry>
      <TrileEmplacement x="6" y="10" z="54"/>
      <TrileInstance trileId="34" orientation="2">
        <Position>
          <Vector3 x="6.0" y="10.0" z="54.0"/>
        </Position>
      </TrileInstance>
    </Entry>
    <Entry>
      <TrileEmplacement x="6" y="9" z="54"/>
      <TrileInstance trileId="34" orientation="2">
        <Position>
          <Vector3 x="6.0" y="9.0" z="54.0"/>
        </Position>
      </TrileInstance>
    </Entry>
    <Entry>
      <TrileEmplacement x="6" y="8" z="54"/>
      <TrileInstance trileId="34" orientation="2">
        <Position>
          <Vector3 x="6.0" y="8.0" z="54.0"/>
        </Position>
      </TrileInstance>
    </Entry>
    <Entry>
      <TrileEmplacement x="6" y="7" z="54"/>
      <TrileInstance trileId="34" orientation="2">
        <Position>
          <Vector3 x="6.0" y="7.0" z="54.0"/>
        </Position>
      </TrileInstance>
    </Entry>
    <Entry>
      <TrileEmplacement x="4" y="10" z="59"/>
      <TrileInstance trileId="34" orientation="2">
        <Position>
          <Vector3 x="4.0" y="10.0" z="59.0"/>
        </Position>
      </TrileInstance>
    </Entry>
    <Entry>
      <TrileEmplacement x="4" y="9" z="59"/>
      <TrileInstance trileId="34" orientation="2">
        <Position>
          <Vector3 x="4.0" y="9.0" z="59.0"/>
        </Position>
      </TrileInstance>
    </Entry>
    <Entry>
      <TrileEmplacement x="4" y="8" z="59"/>
      <TrileInstance trileId="34" orientation="2">
        <Position>
          <Vector3 x="4.0" y="8.0" z="59.0"/>
        </Position>
      </TrileInstance>
    </Entry>
    <Entry>
      <TrileEmplacement x="4" y="7" z="59"/>
      <TrileInstance trileId="34" orientation="2">
        <Position>
          <Vector3 x="4.0" y="7.0" z="59.0"/>
        </Position>
      </TrileInstance>
    </Entry>
    <Entry>
      <TrileEmplacement x="4" y="10" z="58"/>
      <TrileInstance trileId="34" orientation="2">
        <Position>
          <Vector3 x="4.0" y="10.0" z="58.0"/>
        </Position>
      </TrileInstance>
    </Entry>
    <Entry>
      <TrileEmplacement x="4" y="9" z="58"/>
      <TrileInstance trileId="34" orientation="2">
        <Position>
          <Vector3 x="4.0" y="9.0" z="58.0"/>
        </Position>
      </TrileInstance>
    </Entry>
    <Entry>
      <TrileEmplacement x="4" y="8" z="58"/>
      <TrileInstance trileId="34" orientation="2">
        <Position>
          <Vector3 x="4.0" y="8.0" z="58.0"/>
        </Position>
      </TrileInstance>
    </Entry>
    <Entry>
      <TrileEmplacement x="4" y="7" z="58"/>
      <TrileInstance trileId="34" orientation="2">
        <Position>
          <Vector3 x="4.0" y="7.0" z="58.0"/>
        </Position>
      </TrileInstance>
    </Entry>
    <Entry>
      <TrileEmplacement x="4" y="10" z="57"/>
      <TrileInstance trileId="34" orientation="2">
        <Position>
          <Vector3 x="4.0" y="10.0" z="57.0"/>
        </Position>
      </TrileInstance>
    </Entry>
    <Entry>
      <TrileEmplacement x="4" y="9" z="57"/>
      <TrileInstance trileId="34" orientation="2">
        <Position>
          <Vector3 x="4.0" y="9.0" z="57.0"/>
        </Position>
      </TrileInstance>
    </Entry>
    <Entry>
      <TrileEmplacement x="4" y="8" z="57"/>
      <TrileInstance trileId="34" orientation="2">
        <Position>
          <Vector3 x="4.0" y="8.0" z="57.0"/>
        </Position>
      </TrileInstance>
    </Entry>
    <Entry>
      <TrileEmplacement x="4" y="7" z="57"/>
      <TrileInstance trileId="34" orientation="2">
        <Position>
          <Vector3 x="4.0" y="7.0" z="57.0"/>
        </Position>
      </TrileInstance>
    </Entry>
    <Entry>
      <TrileEmplacement x="4" y="10" z="56"/>
      <TrileInstance trileId="34" orientation="2">
        <Position>
          <Vector3 x="4.0" y="10.0" z="56.0"/>
        </Position>
      </TrileInstance>
    </Entry>
    <Entry>
      <TrileEmplacement x="4" y="9" z="56"/>
      <TrileInstance trileId="34" orientation="2">
        <Position>
          <Vector3 x="4.0" y="9.0" z="56.0"/>
        </Position>
      </TrileInstance>
    </Entry>
    <Entry>
      <TrileEmplacement x="4" y="8" z="56"/>
      <TrileInstance trileId="34" orientation="2">
        <Position>
          <Vector3 x="4.0" y="8.0" z="56.0"/>
        </Position>
      </TrileInstance>
    </Entry>
    <Entry>
      <TrileEmplacement x="4" y="7" z="56"/>
      <TrileInstance trileId="34" orientation="2">
        <Position>
          <Vector3 x="4.0" y="7.0" z="56.0"/>
        </Position>
      </TrileInstance>
    </Entry>
    <Entry>
      <TrileEmplacement x="4" y="10" z="55"/>
      <TrileInstance trileId="34" orientation="2">
        <Position>
          <Vector3 x="4.0" y="10.0" z="55.0"/>
        </Position>
      </TrileInstance>
    </Entry>
    <Entry>
      <TrileEmplacement x="4" y="9" z="55"/>
      <TrileInstance trileId="34" orientation="2">
        <Position>
          <Vector3 x="4.0" y="9.0" z="55.0"/>
        </Position>
      </TrileInstance>
    </Entry>
    <Entry>
      <TrileEmplacement x="4" y="8" z="55"/>
      <TrileInstance trileId="34" orientation="2">
        <Position>
          <Vector3 x="4.0" y="8.0" z="55.0"/>
        </Position>
      </TrileInstance>
    </Entry>
    <Entry>
      <TrileEmplacement x="4" y="7" z="55"/>
      <TrileInstance trileId="34" orientation="2">
        <Position>
          <Vector3 x="4.0" y="7.0" z="55.0"/>
        </Position>
      </TrileInstance>
    </Entry>
    <Entry>
      <TrileEmplacement x="4" y="10" z="54"/>
      <TrileInstance trileId="34" orientation="2">
        <Position>
          <Vector3 x="4.0" y="10.0" z="54.0"/>
        </Position>
      </TrileInstance>
    </Entry>
    <Entry>
      <TrileEmplacement x="4" y="9" z="54"/>
      <TrileInstance trileId="34" orientation="2">
        <Position>
          <Vector3 x="4.0" y="9.0" z="54.0"/>
        </Position>
      </TrileInstance>
    </Entry>
    <Entry>
      <TrileEmplacement x="4" y="8" z="54"/>
      <TrileInstance trileId="34" orientation="2">
        <Position>
          <Vector3 x="4.0" y="8.0" z="54.0"/>
        </Position>
      </TrileInstance>
    </Entry>
    <Entry>
      <TrileEmplacement x="4" y="7" z="54"/>
      <TrileInstance trileId="34" orientation="2">
        <Position>
          <Vector3 x="4.0" y="7.0" z="54.0"/>
        </Position>
      </TrileInstance>
    </Entry>
    <Entry>
      <TrileEmplacement x="16" y="9" z="50"/>
      <TrileInstance trileId="35" orientation="2">
        <Position>
          <Vector3 x="16.0" y="9.0" z="50.0"/>
        </Position>
      </TrileInstance>
    </Entry>
    <Entry>
      <TrileEmplacement x="59" y="7" z="0"/>
      <TrileInstance trileId="34" orientation="2">
        <Position>
          <Vector3 x="59.0" y="7.0" z="0.0"/>
        </Position>
      </TrileInstance>
    </Entry>
    <Entry>
      <TrileEmplacement x="16" y="9" z="49"/>
      <TrileInstance trileId="35" orientation="2">
        <Position>
          <Vector3 x="16.0" y="9.0" z="49.0"/>
        </Position>
      </TrileInstance>
    </Entry>
    <Entry>
      <TrileEmplacement x="58" y="8" z="2"/>
      <TrileInstance trileId="34" orientation="2">
        <Position>
          <Vector3 x="58.0" y="8.0" z="2.0"/>
        </Position>
      </TrileInstance>
    </Entry>
    <Entry>
      <TrileEmplacement x="60" y="7" z="1"/>
      <TrileInstance trileId="34" orientation="2">
        <Position>
          <Vector3 x="60.0" y="7.0" z="1.0"/>
        </Position>
      </TrileInstance>
    </Entry>
    <Entry>
      <TrileEmplacement x="60" y="7" z="2"/>
      <TrileInstance trileId="34" orientation="2">
        <Position>
          <Vector3 x="60.0" y="7.0" z="2.0"/>
        </Position>
      </TrileInstance>
    </Entry>
    <Entry>
      <TrileEmplacement x="60" y="9" z="1"/>
      <TrileInstance trileId="35" orientation="2">
        <Position>
          <Vector3 x="60.0" y="9.0" z="1.0"/>
        </Position>
      </TrileInstance>
    </Entry>
    <Entry>
      <TrileEmplacement x="60" y="8" z="2"/>
      <TrileInstance trileId="34" orientation="2">
        <Position>
          <Vector3 x="60.0" y="8.0" z="2.0"/>
        </Position>
      </TrileInstance>
    </Entry>
    <Entry>
      <TrileEmplacement x="16" y="8" z="50"/>
      <TrileInstance trileId="34" orientation="2">
        <Position>
          <Vector3 x="16.0" y="8.0" z="50.0"/>
        </Position>
      </TrileInstance>
    </Entry>
    <Entry>
      <TrileEmplacement x="15" y="8" z="48"/>
      <TrileInstance trileId="34" orientation="2">
        <Position>
          <Vector3 x="15.0" y="8.0" z="48.0"/>
        </Position>
      </TrileInstance>
    </Entry>
    <Entry>
      <TrileEmplacement x="15" y="8" z="49"/>
      <TrileInstance trileId="35" orientation="2">
        <Position>
          <Vector3 x="15.0" y="8.0" z="49.0"/>
        </Position>
      </TrileInstance>
    </Entry>
    <Entry>
      <TrileEmplacement x="15" y="8" z="50"/>
      <TrileInstance trileId="34" orientation="2">
        <Position>
          <Vector3 x="15.0" y="8.0" z="50.0"/>
        </Position>
      </TrileInstance>
    </Entry>
    <Entry>
      <TrileEmplacement x="14" y="8" z="48"/>
      <TrileInstance trileId="34" orientation="2">
        <Position>
          <Vector3 x="14.0" y="8.0" z="48.0"/>
        </Position>
      </TrileInstance>
    </Entry>
    <Entry>
      <TrileEmplacement x="14" y="8" z="49"/>
      <TrileInstance trileId="34" orientation="2">
        <Position>
          <Vector3 x="14.0" y="8.0" z="49.0"/>
        </Position>
      </TrileInstance>
    </Entry>
    <Entry>
      <TrileEmplacement x="14" y="8" z="50"/>
      <TrileInstance trileId="34" orientation="2">
        <Position>
          <Vector3 x="14.0" y="8.0" z="50.0"/>
        </Position>
      </TrileInstance>
    </Entry>
    <Entry>
      <TrileEmplacement x="16" y="7" z="48"/>
      <TrileInstance trileId="34" orientation="2">
        <Position>
          <Vector3 x="16.0" y="7.0" z="48.0"/>
        </Position>
      </TrileInstance>
    </Entry>
    <Entry>
      <TrileEmplacement x="16" y="7" z="49"/>
      <TrileInstance trileId="34" orientation="2">
        <Position>
          <Vector3 x="16.0" y="7.0" z="49.0"/>
        </Position>
      </TrileInstance>
    </Entry>
    <Entry>
      <TrileEmplacement x="16" y="7" z="50"/>
      <TrileInstance trileId="34" orientation="2">
        <Position>
          <Vector3 x="16.0" y="7.0" z="50.0"/>
        </Position>
      </TrileInstance>
    </Entry>
    <Entry>
      <TrileEmplacement x="15" y="7" z="48"/>
      <TrileInstance trileId="34" orientation="2">
        <Position>
          <Vector3 x="15.0" y="7.0" z="48.0"/>
        </Position>
      </TrileInstance>
    </Entry>
    <Entry>
      <TrileEmplacement x="15" y="7" z="49"/>
      <TrileInstance trileId="35" orientation="2">
        <Position>
          <Vector3 x="15.0" y="7.0" z="49.0"/>
        </Position>
      </TrileInstance>
    </Entry>
    <Entry>
      <TrileEmplacement x="15" y="7" z="50"/>
      <TrileInstance trileId="34" orientation="2">
        <Position>
          <Vector3 x="15.0" y="7.0" z="50.0"/>
        </Position>
      </TrileInstance>
    </Entry>
    <Entry>
      <TrileEmplacement x="14" y="7" z="48"/>
      <TrileInstance trileId="34" orientation="2">
        <Position>
          <Vector3 x="14.0" y="7.0" z="48.0"/>
        </Position>
      </TrileInstance>
    </Entry>
    <Entry>
      <TrileEmplacement x="14" y="7" z="49"/>
      <TrileInstance trileId="34" orientation="2">
        <Position>
          <Vector3 x="14.0" y="7.0" z="49.0"/>
        </Position>
      </TrileInstance>
    </Entry>
    <Entry>
      <TrileEmplacement x="14" y="7" z="50"/>
      <TrileInstance trileId="34" orientation="2">
        <Position>
          <Vector3 x="14.0" y="7.0" z="50.0"/>
        </Position>
      </TrileInstance>
    </Entry>
    <Entry>
      <TrileEmplacement x="58" y="10" z="1"/>
      <TrileInstance trileId="34" orientation="2">
        <Position>
          <Vector3 x="58.4375" y="10.0" z="0.8125"/>
        </Position>
      </TrileInstance>
    </Entry>
    <Entry>
      <TrileEmplacement x="59" y="10" z="1"/>
      <TrileInstance trileId="34" orientation="2">
        <Position>
          <Vector3 x="59.4375" y="10.0" z="1.1875"/>
        </Position>
      </TrileInstance>
    </Entry>
    <Entry>
      <TrileEmplacement x="4" y="13" z="60"/>
      <TrileInstance trileId="34" orientation="2">
        <Position>
          <Vector3 x="4.3125" y="13.0" z="59.75"/>
        </Position>
      </TrileInstance>
    </Entry>
    <Entry>
      <TrileEmplacement x="6" y="13" z="60"/>
      <TrileInstance trileId="34" orientation="2">
        <Position>
          <Vector3 x="6.0" y="13.0" z="59.75"/>
        </Position>
      </TrileInstance>
    </Entry>
    <Entry>
      <TrileEmplacement x="7" y="13" z="60"/>
      <TrileInstance trileId="34" orientation="2">
        <Position>
          <Vector3 x="7.0" y="13.0" z="59.75"/>
        </Position>
      </TrileInstance>
    </Entry>
    <Entry>
      <TrileEmplacement x="8" y="13" z="60"/>
      <TrileInstance trileId="34" orientation="2">
        <Position>
          <Vector3 x="8.0" y="13.0" z="59.75"/>
        </Position>
      </TrileInstance>
    </Entry>
    <Entry>
      <TrileEmplacement x="9" y="13" z="60"/>
      <TrileInstance trileId="34" orientation="2">
        <Position>
          <Vector3 x="8.8125" y="13.0" z="59.75"/>
        </Position>
      </TrileInstance>
    </Entry>
    <Entry>
      <TrileEmplacement x="4" y="13" z="54"/>
      <TrileInstance trileId="34" orientation="2">
        <Position>
          <Vector3 x="4.3125" y="13.0" z="54.25"/>
        </Position>
      </TrileInstance>
    </Entry>
  </Triles>
  <ArtObjects>
    <Entry key="0">
      <ArtObjectInstance name="TREE_OF_DEATHAO">
        <Position>
          <Vector3 x="6.8125" y="17.0" z="56.75"/>
        </Position>
        <Rotation>
          <Quaternion x="0.0" y="0.0" z="0.0" w="1.0"/>
        </Rotation>
        <Scale>
          <Vector3 x="1.0" y="1.0" z="1.0"/>
        </Scale>
        <ArtObjectActorSettings inactive="False" spinEvery="0.0" spinOffset="0.0" offCenter="False" timeswitchWindBackSpeed="0.0" containedTrile="None" spinView="None">
          <RotationCenter>
            <Vector3 x="0.0" y="0.0" z="0.0"/>
          </RotationCenter>
        </ArtObjectActorSettings>
      </ArtObjectInstance>
    </Entry>
    <Entry key="1">
      <ArtObjectInstance name="treasureTOPAO">
        <Position>
          <Vector3 x="59.5" y="11.0" z="1.5"/>
        </Position>
        <Rotation>
          <Quaternion x="0.0" y="0.0" z="0.0" w="-1.0"/>
        </Rotation>
        <Scale>
          <Vector3 x="1.0" y="1.0" z="1.0"/>
        </Scale>
        <ArtObjectActorSettings inactive="False" spinEvery="0.0" spinOffset="0.0" offCenter="False" timeswitchWindBackSpeed="0.0" containedTrile="TriSkull" spinView="None">
          <RotationCenter>
            <Vector3 x="0.0" y="0.0" z="0.0"/>
          </RotationCenter>
        </ArtObjectActorSettings>
      </ArtObjectInstance>
    </Entry>
    <Entry key="2">
      <ArtObjectInstance name="treasureBOTTOMAO">
        <Position>
          <Vector3 x="59.5" y="11.0" z="1.5"/>
        </Position>
        <Rotation>
          <Quaternion x="0.0" y="0.0" z="0.0" w="-1.0"/>
        </Rotation>
        <Scale>
          <Vector3 x="1.0" y="1.0" z="1.0"/>
        </Scale>
        <ArtObjectActorSettings inactive="False" spinEvery="0.0" spinOffset="0.0" offCenter="False" timeswitchWindBackSpeed="0.0" containedTrile="None" spinView="None">
          <RotationCenter>
            <Vector3 x="0.0" y="0.0" z="0.0"/>
          </RotationCenter>
        </ArtObjectActorSettings>
      </ArtObjectInstance>
    </Entry>
    <Entry key="10">
      <ArtObjectInstance name="TREE_OF_DEATHAO">
        <Position>
          <Vector3 x="7.375" y="6.0" z="56.9375"/>
        </Position>
        <Rotation>
          <Quaternion x="0.0" y="1.0" z="0.0" w="0.0"/>
        </Rotation>
        <Scale>
          <Vector3 x="1.0" y="1.0" z="1.0"/>
        </Scale>
        <ArtObjectActorSettings inactive="False" spinEvery="0.0" spinOffset="0.0" offCenter="False" timeswitchWindBackSpeed="0.0" containedTrile="None" spinView="None">
          <RotationCenter>
            <Vector3 x="0.0" y="0.0" z="0.0"/>
          </RotationCenter>
        </ArtObjectActorSettings>
      </ArtObjectInstance>
    </Entry>
    <Entry key="8">
      <ArtObjectInstance name="DEATHSKULL_AAO">
        <Position>
          <Vector3 x="8.0" y="10.0" z="57.5"/>
        </Position>
        <Rotation>
          <Quaternion x="0.0" y="0.0" z="0.0" w="1.0"/>
        </Rotation>
        <Scale>
          <Vector3 x="1.0" y="1.0" z="1.0"/>
        </Scale>
        <ArtObjectActorSettings inactive="False" spinEvery="0.0" spinOffset="0.0" offCenter="False" timeswitchWindBackSpeed="0.0" containedTrile="None" spinView="None">
          <RotationCenter>
            <Vector3 x="0.0" y="0.0" z="0.0"/>
          </RotationCenter>
        </ArtObjectActorSettings>
      </ArtObjectInstance>
    </Entry>
    <Entry key="9">
      <ArtObjectInstance name="DEATHSKULL_BAO">
        <Position>
          <Vector3 x="59.0" y="9.0" z="1.25"/>
        </Position>
        <Rotation>
          <Quaternion x="0.0" y="0.0" z="0.0" w="1.0"/>
        </Rotation>
        <Scale>
          <Vector3 x="1.0" y="1.0" z="1.0"/>
        </Scale>
        <ArtObjectActorSettings inactive="False" spinEvery="0.0" spinOffset="0.0" offCenter="False" timeswitchWindBackSpeed="0.0" containedTrile="None" spinView="None">
          <RotationCenter>
            <Vector3 x="0.0" y="0.0" z="0.0"/>
          </RotationCenter>
        </ArtObjectActorSettings>
      </ArtObjectInstance>
    </Entry>
    <Entry key="11">
      <ArtObjectInstance name="DEATHSKULL_BAO">
        <Position>
          <Vector3 x="16.0" y="9.0" z="49.75"/>
        </Position>
        <Rotation>
          <Quaternion x="0.0" y="1.0" z="0.0" w="0.0"/>
        </Rotation>
        <Scale>
          <Vector3 x="1.0" y="1.0" z="1.0"/>
        </Scale>
        <ArtObjectActorSettings inactive="False" spinEvery="0.0" spinOffset="0.0" offCenter="False" timeswitchWindBackSpeed="0.0" containedTrile="None" spinView="None">
          <RotationCenter>
            <Vector3 x="0.0" y="0.0" z="0.0"/>
          </RotationCenter>
        </ArtObjectActorSettings>
      </ArtObjectInstance>
    </Entry>
  </ArtObjects>
  <BackgroundPlanes/>
  <Groups/>
  <NonplayerCharacters/>
  <Paths/>
  <MutedLoops/>
  <AmbienceTracks>
    <AmbienceTrack dawn="True" day="True" dusk="True" night="True" name="Ambience ^ water_base"/>
    <AmbienceTrack dawn="True" day="True" dusk="True" night="True" name="Ambience ^ wind_underground"/>
  </AmbienceTracks>
</Level>
