<?xml version='1.0' encoding='UTF-8'?>
<Level flat="False" skipPostprocess="True" baseDiffuse="1.0" baseAmbient="0.20000000298" haloFiltering="True" blinkingAlpha="False" loops="False" waterHeight="0.0" skyName="BLACK" fapFadeoutStart="0" fapFadeoutLength="0" descending="False" rainy="False" lowPass="True" quantum="False" name="WINDMILL_INT" waterType="None" trileSetName="INDUSTRIAL" songName="Industrial" nodeType="Lesser">
  <Size>
    <Vector3 x="16.0" y="16.0" z="16.0"/>
  </Size>
  <StartingPosition>
    <TrileFace face="Front">
      <TrileId>
        <TrileEmplacement x="7" y="2" z="9"/>
      </TrileId>
    </TrileFace>
  </StartingPosition>
  <Volumes>
    <Entry key="0">
      <Volume>
        <Orientations>
          <FaceOrientation>Right</FaceOrientation>
          <FaceOrientation>Front</FaceOrientation>
          <FaceOrientation>Back</FaceOrientation>
          <FaceOrientation>Left</FaceOrientation>
        </Orientations>
        <From>
          <Vector3 x="2.0" y="1.0" z="1.5"/>
        </From>
        <To>
          <Vector3 x="14.0" y="13.0" z="14.5"/>
        </To>
      </Volume>
    </Entry>
    <Entry key="1">
      <Volume>
        <Orientations>
          <FaceOrientation>Front</FaceOrientation>
        </Orientations>
        <From>
          <Vector3 x="7.5" y="2.5" z="7.5"/>
        </From>
        <To>
          <Vector3 x="8.5" y="4.5" z="8.5"/>
        </To>
      </Volume>
    </Entry>
    <Entry key="2">
      <Volume>
        <Orientations>
          <FaceOrientation>Right</FaceOrientation>
        </Orientations>
        <From>
          <Vector3 x="3.0" y="2.0" z="11.0"/>
        </From>
        <To>
          <Vector3 x="4.0" y="4.0" z="12.0"/>
        </To>
      </Volume>
    </Entry>
  </Volumes>
  <Scripts>
    <Entry key="0">
      <Script name="Untitled" oneTime="False" triggerless="False" ignoreEndTriggers="False" levelWideOneTime="False" disabled="False" isWinCondition="False">
        <Triggers>
          <ScriptTrigger event="Start">
            <Entity entityType="Level"/>
          </ScriptTrigger>
        </Triggers>
        <Actions>
          <ScriptAction operation="FocusCamera" killswitch="False" blocking="False">
            <Entity entityType="Volume" identifier="0"/>
            <Arguments>
              <Entry>3</Entry>
              <Entry>True</Entry>
            </Arguments>
          </ScriptAction>
        </Actions>
      </Script>
    </Entry>
    <Entry key="1">
      <Script name="Untitled" oneTime="False" triggerless="False" ignoreEndTriggers="False" levelWideOneTime="False" disabled="False" isWinCondition="False">
        <Triggers>
          <ScriptTrigger event="Enter">
            <Entity entityType="Volume" identifier="2"/>
          </ScriptTrigger>
        </Triggers>
        <Actions>
          <ScriptAction operation="ChangeLevelToVolume" killswitch="False" blocking="False">
            <Entity entityType="Level"/>
            <Arguments>
              <Entry>PIVOT_ONE</Entry>
              <Entry>0</Entry>
              <Entry>True</Entry>
              <Entry>True</Entry>
              <Entry>False</Entry>
            </Arguments>
          </ScriptAction>
        </Actions>
      </Script>
    </Entry>
    <Entry key="2">
      <Script name="Untitled" oneTime="False" triggerless="False" ignoreEndTriggers="False" levelWideOneTime="False" disabled="False" isWinCondition="False">
        <Triggers>
          <ScriptTrigger event="Enter">
            <Entity entityType="Volume" identifier="1"/>
          </ScriptTrigger>
        </Triggers>
        <Actions>
          <ScriptAction operation="ChangeLevelToVolume" killswitch="False" blocking="False">
            <Entity entityType="Level"/>
            <Arguments>
              <Entry>WINDMILL_CAVE</Entry>
              <Entry>0</Entry>
              <Entry>True</Entry>
              <Entry>True</Entry>
              <Entry>False</Entry>
            </Arguments>
          </ScriptAction>
        </Actions>
      </Script>
    </Entry>
  </Scripts>
  <Triles>
    <Entry>
      <TrileEmplacement x="13" y="11" z="2"/>
      <TrileInstance trileId="404" orientation="1">
        <Position>
          <Vector3 x="13.0" y="11.0" z="2.0"/>
        </Position>
      </TrileInstance>
    </Entry>
    <Entry>
      <TrileEmplacement x="13" y="10" z="2"/>
      <TrileInstance trileId="404" orientation="1">
        <Position>
          <Vector3 x="13.0" y="10.0" z="2.0"/>
        </Position>
      </TrileInstance>
    </Entry>
    <Entry>
      <TrileEmplacement x="5" y="1" z="3"/>
      <TrileInstance trileId="409" orientation="1">
        <Position>
          <Vector3 x="5.0" y="1.0" z="2.5"/>
        </Position>
        <OverlappedTriles>
          <TrileInstance trileId="111" orientation="2">
            <Position>
              <Vector3 x="5.0" y="1.0" z="3.0"/>
            </Position>
          </TrileInstance>
        </OverlappedTriles>
      </TrileInstance>
    </Entry>
    <Entry>
      <TrileEmplacement x="6" y="1" z="3"/>
      <TrileInstance trileId="410" orientation="1">
        <Position>
          <Vector3 x="6.0" y="1.0" z="2.5"/>
        </Position>
        <OverlappedTriles>
          <TrileInstance trileId="111" orientation="2">
            <Position>
              <Vector3 x="6.0" y="1.0" z="3.0"/>
            </Position>
          </TrileInstance>
        </OverlappedTriles>
      </TrileInstance>
    </Entry>
    <Entry>
      <TrileEmplacement x="8" y="1" z="12"/>
      <TrileInstance trileId="111" orientation="2">
        <Position>
          <Vector3 x="8.0" y="1.0" z="12.0"/>
        </Position>
      </TrileInstance>
    </Entry>
    <Entry>
      <TrileEmplacement x="7" y="1" z="12"/>
      <TrileInstance trileId="111" orientation="2">
        <Position>
          <Vector3 x="7.0" y="1.0" z="12.0"/>
        </Position>
      </TrileInstance>
    </Entry>
    <Entry>
      <TrileEmplacement x="9" y="1" z="6"/>
      <TrileInstance trileId="111" orientation="2">
        <Position>
          <Vector3 x="9.0" y="1.0" z="6.0"/>
        </Position>
      </TrileInstance>
    </Entry>
    <Entry>
      <TrileEmplacement x="10" y="1" z="6"/>
      <TrileInstance trileId="111" orientation="2">
        <Position>
          <Vector3 x="10.0" y="1.0" z="6.0"/>
        </Position>
      </TrileInstance>
    </Entry>
    <Entry>
      <TrileEmplacement x="9" y="1" z="9"/>
      <TrileInstance trileId="111" orientation="2">
        <Position>
          <Vector3 x="9.0" y="1.0" z="9.0"/>
        </Position>
      </TrileInstance>
    </Entry>
    <Entry>
      <TrileEmplacement x="10" y="1" z="9"/>
      <TrileInstance trileId="111" orientation="2">
        <Position>
          <Vector3 x="10.0" y="1.0" z="9.0"/>
        </Position>
      </TrileInstance>
    </Entry>
    <Entry>
      <TrileEmplacement x="2" y="3" z="2"/>
      <TrileInstance trileId="404" orientation="2">
        <Position>
          <Vector3 x="2.0" y="3.0" z="2.0"/>
        </Position>
      </TrileInstance>
    </Entry>
    <Entry>
      <TrileEmplacement x="2" y="2" z="2"/>
      <TrileInstance trileId="404" orientation="2">
        <Position>
          <Vector3 x="2.0" y="2.0" z="2.0"/>
        </Position>
      </TrileInstance>
    </Entry>
    <Entry>
      <TrileEmplacement x="3" y="1" z="3"/>
      <TrileInstance trileId="409" orientation="2">
        <Position>
          <Vector3 x="2.5" y="1.0" z="3.0"/>
        </Position>
        <OverlappedTriles>
          <TrileInstance trileId="409" orientation="1">
            <Position>
              <Vector3 x="3.0" y="1.0" z="2.5"/>
            </Position>
          </TrileInstance>
          <TrileInstance trileId="111" orientation="2">
            <Position>
              <Vector3 x="3.0" y="1.0" z="3.0"/>
            </Position>
          </TrileInstance>
        </OverlappedTriles>
      </TrileInstance>
    </Entry>
    <Entry>
      <TrileEmplacement x="4" y="1" z="3"/>
      <TrileInstance trileId="410" orientation="1">
        <Position>
          <Vector3 x="4.0" y="1.0" z="2.5"/>
        </Position>
        <OverlappedTriles>
          <TrileInstance trileId="111" orientation="2">
            <Position>
              <Vector3 x="4.0" y="1.0" z="3.0"/>
            </Position>
          </TrileInstance>
        </OverlappedTriles>
      </TrileInstance>
    </Entry>
    <Entry>
      <TrileEmplacement x="10" y="1" z="12"/>
      <TrileInstance trileId="111" orientation="2">
        <Position>
          <Vector3 x="10.0" y="1.0" z="12.0"/>
        </Position>
      </TrileInstance>
    </Entry>
    <Entry>
      <TrileEmplacement x="9" y="1" z="12"/>
      <TrileInstance trileId="111" orientation="2">
        <Position>
          <Vector3 x="9.0" y="1.0" z="12.0"/>
        </Position>
      </TrileInstance>
    </Entry>
    <Entry>
      <TrileEmplacement x="7" y="1" z="6"/>
      <TrileInstance trileId="111" orientation="2">
        <Position>
          <Vector3 x="7.0" y="1.0" z="6.0"/>
        </Position>
      </TrileInstance>
    </Entry>
    <Entry>
      <TrileEmplacement x="8" y="1" z="6"/>
      <TrileInstance trileId="111" orientation="2">
        <Position>
          <Vector3 x="8.0" y="1.0" z="6.0"/>
        </Position>
      </TrileInstance>
    </Entry>
    <Entry>
      <TrileEmplacement x="11" y="1" z="9"/>
      <TrileInstance trileId="111" orientation="2">
        <Position>
          <Vector3 x="11.0" y="1.0" z="9.0"/>
        </Position>
      </TrileInstance>
    </Entry>
    <Entry>
      <TrileEmplacement x="8" y="1" z="9"/>
      <TrileInstance trileId="111" orientation="2">
        <Position>
          <Vector3 x="8.0" y="1.0" z="9.0"/>
        </Position>
      </TrileInstance>
    </Entry>
    <Entry>
      <TrileEmplacement x="2" y="5" z="2"/>
      <TrileInstance trileId="404" orientation="2">
        <Position>
          <Vector3 x="2.0" y="5.0" z="2.0"/>
        </Position>
      </TrileInstance>
    </Entry>
    <Entry>
      <TrileEmplacement x="2" y="4" z="2"/>
      <TrileInstance trileId="404" orientation="2">
        <Position>
          <Vector3 x="2.0" y="4.0" z="2.0"/>
        </Position>
      </TrileInstance>
    </Entry>
    <Entry>
      <TrileEmplacement x="2" y="3" z="13"/>
      <TrileInstance trileId="404" orientation="3">
        <Position>
          <Vector3 x="2.0" y="3.0" z="13.0"/>
        </Position>
      </TrileInstance>
    </Entry>
    <Entry>
      <TrileEmplacement x="2" y="2" z="13"/>
      <TrileInstance trileId="404" orientation="3">
        <Position>
          <Vector3 x="2.0" y="2.0" z="13.0"/>
        </Position>
      </TrileInstance>
    </Entry>
    <Entry>
      <TrileEmplacement x="12" y="1" z="13"/>
      <TrileInstance trileId="409" orientation="3">
        <Position>
          <Vector3 x="12.0" y="1.0" z="12.5"/>
        </Position>
      </TrileInstance>
    </Entry>
    <Entry>
      <TrileEmplacement x="11" y="1" z="12"/>
      <TrileInstance trileId="111" orientation="2">
        <Position>
          <Vector3 x="11.0" y="1.0" z="12.0"/>
        </Position>
      </TrileInstance>
    </Entry>
    <Entry>
      <TrileEmplacement x="5" y="1" z="6"/>
      <TrileInstance trileId="111" orientation="2">
        <Position>
          <Vector3 x="5.0" y="1.0" z="6.0"/>
        </Position>
      </TrileInstance>
    </Entry>
    <Entry>
      <TrileEmplacement x="6" y="1" z="6"/>
      <TrileInstance trileId="111" orientation="2">
        <Position>
          <Vector3 x="6.0" y="1.0" z="6.0"/>
        </Position>
      </TrileInstance>
    </Entry>
    <Entry>
      <TrileEmplacement x="7" y="1" z="9"/>
      <TrileInstance trileId="111" orientation="2">
        <Position>
          <Vector3 x="7.0" y="1.0" z="9.0"/>
        </Position>
      </TrileInstance>
    </Entry>
    <Entry>
      <TrileEmplacement x="12" y="1" z="9"/>
      <TrileInstance trileId="111" orientation="2">
        <Position>
          <Vector3 x="12.0" y="1.0" z="9.0"/>
        </Position>
      </TrileInstance>
    </Entry>
    <Entry>
      <TrileEmplacement x="2" y="7" z="2"/>
      <TrileInstance trileId="404" orientation="2">
        <Position>
          <Vector3 x="2.0" y="7.0" z="2.0"/>
        </Position>
      </TrileInstance>
    </Entry>
    <Entry>
      <TrileEmplacement x="2" y="6" z="2"/>
      <TrileInstance trileId="404" orientation="2">
        <Position>
          <Vector3 x="2.0" y="6.0" z="2.0"/>
        </Position>
      </TrileInstance>
    </Entry>
    <Entry>
      <TrileEmplacement x="2" y="5" z="13"/>
      <TrileInstance trileId="404" orientation="3">
        <Position>
          <Vector3 x="2.0" y="5.0" z="13.0"/>
        </Position>
      </TrileInstance>
    </Entry>
    <Entry>
      <TrileEmplacement x="2" y="4" z="13"/>
      <TrileInstance trileId="404" orientation="3">
        <Position>
          <Vector3 x="2.0" y="4.0" z="13.0"/>
        </Position>
      </TrileInstance>
    </Entry>
    <Entry>
      <TrileEmplacement x="11" y="1" z="5"/>
      <TrileInstance trileId="111" orientation="2">
        <Position>
          <Vector3 x="11.0" y="1.0" z="5.0"/>
        </Position>
      </TrileInstance>
    </Entry>
    <Entry>
      <TrileEmplacement x="12" y="1" z="5"/>
      <TrileInstance trileId="111" orientation="2">
        <Position>
          <Vector3 x="12.0" y="1.0" z="5.0"/>
        </Position>
      </TrileInstance>
    </Entry>
    <Entry>
      <TrileEmplacement x="3" y="1" z="6"/>
      <TrileInstance trileId="409" orientation="2">
        <Position>
          <Vector3 x="2.5" y="1.0" z="6.0"/>
        </Position>
        <OverlappedTriles>
          <TrileInstance trileId="111" orientation="2">
            <Position>
              <Vector3 x="3.0" y="1.0" z="6.0"/>
            </Position>
          </TrileInstance>
        </OverlappedTriles>
      </TrileInstance>
    </Entry>
    <Entry>
      <TrileEmplacement x="4" y="1" z="6"/>
      <TrileInstance trileId="111" orientation="2">
        <Position>
          <Vector3 x="4.0" y="1.0" z="6.0"/>
        </Position>
      </TrileInstance>
    </Entry>
    <Entry>
      <TrileEmplacement x="5" y="1" z="9"/>
      <TrileInstance trileId="111" orientation="2">
        <Position>
          <Vector3 x="5.0" y="1.0" z="9.0"/>
        </Position>
      </TrileInstance>
    </Entry>
    <Entry>
      <TrileEmplacement x="6" y="1" z="9"/>
      <TrileInstance trileId="111" orientation="2">
        <Position>
          <Vector3 x="6.0" y="1.0" z="9.0"/>
        </Position>
      </TrileInstance>
    </Entry>
    <Entry>
      <TrileEmplacement x="2" y="9" z="2"/>
      <TrileInstance trileId="404" orientation="2">
        <Position>
          <Vector3 x="2.0" y="9.0" z="2.0"/>
        </Position>
      </TrileInstance>
    </Entry>
    <Entry>
      <TrileEmplacement x="2" y="8" z="2"/>
      <TrileInstance trileId="404" orientation="2">
        <Position>
          <Vector3 x="2.0" y="8.0" z="2.0"/>
        </Position>
      </TrileInstance>
    </Entry>
    <Entry>
      <TrileEmplacement x="2" y="7" z="13"/>
      <TrileInstance trileId="404" orientation="3">
        <Position>
          <Vector3 x="2.0" y="7.0" z="13.0"/>
        </Position>
      </TrileInstance>
    </Entry>
    <Entry>
      <TrileEmplacement x="2" y="6" z="13"/>
      <TrileInstance trileId="404" orientation="3">
        <Position>
          <Vector3 x="2.0" y="6.0" z="13.0"/>
        </Position>
      </TrileInstance>
    </Entry>
    <Entry>
      <TrileEmplacement x="9" y="1" z="5"/>
      <TrileInstance trileId="111" orientation="2">
        <Position>
          <Vector3 x="9.0" y="1.0" z="5.0"/>
        </Position>
      </TrileInstance>
    </Entry>
    <Entry>
      <TrileEmplacement x="10" y="1" z="5"/>
      <TrileInstance trileId="111" orientation="2">
        <Position>
          <Vector3 x="10.0" y="1.0" z="5.0"/>
        </Position>
      </TrileInstance>
    </Entry>
    <Entry>
      <TrileEmplacement x="4" y="1" z="10"/>
      <TrileInstance trileId="111" orientation="2">
        <Position>
          <Vector3 x="4.0" y="1.0" z="10.0"/>
        </Position>
      </TrileInstance>
    </Entry>
    <Entry>
      <TrileEmplacement x="3" y="1" z="10"/>
      <TrileInstance trileId="409" orientation="2">
        <Position>
          <Vector3 x="2.5" y="1.0" z="10.0"/>
        </Position>
        <OverlappedTriles>
          <TrileInstance trileId="111" orientation="2">
            <Position>
              <Vector3 x="3.0" y="1.0" z="10.0"/>
            </Position>
          </TrileInstance>
        </OverlappedTriles>
      </TrileInstance>
    </Entry>
    <Entry>
      <TrileEmplacement x="3" y="1" z="9"/>
      <TrileInstance trileId="410" orientation="2">
        <Position>
          <Vector3 x="2.5" y="1.0" z="9.0"/>
        </Position>
        <OverlappedTriles>
          <TrileInstance trileId="111" orientation="2">
            <Position>
              <Vector3 x="3.0" y="1.0" z="9.0"/>
            </Position>
          </TrileInstance>
        </OverlappedTriles>
      </TrileInstance>
    </Entry>
    <Entry>
      <TrileEmplacement x="4" y="1" z="9"/>
      <TrileInstance trileId="111" orientation="2">
        <Position>
          <Vector3 x="4.0" y="1.0" z="9.0"/>
        </Position>
      </TrileInstance>
    </Entry>
    <Entry>
      <TrileEmplacement x="2" y="11" z="2"/>
      <TrileInstance trileId="404" orientation="2">
        <Position>
          <Vector3 x="2.0" y="11.0" z="2.0"/>
        </Position>
      </TrileInstance>
    </Entry>
    <Entry>
      <TrileEmplacement x="2" y="10" z="2"/>
      <TrileInstance trileId="404" orientation="2">
        <Position>
          <Vector3 x="2.0" y="10.0" z="2.0"/>
        </Position>
      </TrileInstance>
    </Entry>
    <Entry>
      <TrileEmplacement x="2" y="9" z="13"/>
      <TrileInstance trileId="404" orientation="3">
        <Position>
          <Vector3 x="2.0" y="9.0" z="13.0"/>
        </Position>
      </TrileInstance>
    </Entry>
    <Entry>
      <TrileEmplacement x="2" y="8" z="13"/>
      <TrileInstance trileId="404" orientation="3">
        <Position>
          <Vector3 x="2.0" y="8.0" z="13.0"/>
        </Position>
      </TrileInstance>
    </Entry>
    <Entry>
      <TrileEmplacement x="7" y="1" z="5"/>
      <TrileInstance trileId="111" orientation="2">
        <Position>
          <Vector3 x="7.0" y="1.0" z="5.0"/>
        </Position>
      </TrileInstance>
    </Entry>
    <Entry>
      <TrileEmplacement x="8" y="1" z="5"/>
      <TrileInstance trileId="111" orientation="2">
        <Position>
          <Vector3 x="8.0" y="1.0" z="5.0"/>
        </Position>
      </TrileInstance>
    </Entry>
    <Entry>
      <TrileEmplacement x="6" y="1" z="10"/>
      <TrileInstance trileId="111" orientation="2">
        <Position>
          <Vector3 x="6.0" y="1.0" z="10.0"/>
        </Position>
      </TrileInstance>
    </Entry>
    <Entry>
      <TrileEmplacement x="5" y="1" z="10"/>
      <TrileInstance trileId="111" orientation="2">
        <Position>
          <Vector3 x="5.0" y="1.0" z="10.0"/>
        </Position>
      </TrileInstance>
    </Entry>
    <Entry>
      <TrileEmplacement x="11" y="1" z="8"/>
      <TrileInstance trileId="111" orientation="2">
        <Position>
          <Vector3 x="11.0" y="1.0" z="8.0"/>
        </Position>
      </TrileInstance>
    </Entry>
    <Entry>
      <TrileEmplacement x="12" y="1" z="8"/>
      <TrileInstance trileId="111" orientation="2">
        <Position>
          <Vector3 x="12.0" y="1.0" z="8.0"/>
        </Position>
      </TrileInstance>
    </Entry>
    <Entry>
      <TrileEmplacement x="2" y="11" z="13"/>
      <TrileInstance trileId="404" orientation="3">
        <Position>
          <Vector3 x="2.0" y="11.0" z="13.0"/>
        </Position>
      </TrileInstance>
    </Entry>
    <Entry>
      <TrileEmplacement x="2" y="10" z="13"/>
      <TrileInstance trileId="404" orientation="3">
        <Position>
          <Vector3 x="2.0" y="10.0" z="13.0"/>
        </Position>
      </TrileInstance>
    </Entry>
    <Entry>
      <TrileEmplacement x="5" y="1" z="5"/>
      <TrileInstance trileId="111" orientation="2">
        <Position>
          <Vector3 x="5.0" y="1.0" z="5.0"/>
        </Position>
      </TrileInstance>
    </Entry>
    <Entry>
      <TrileEmplacement x="6" y="1" z="5"/>
      <TrileInstance trileId="111" orientation="2">
        <Position>
          <Vector3 x="6.0" y="1.0" z="5.0"/>
        </Position>
      </TrileInstance>
    </Entry>
    <Entry>
      <TrileEmplacement x="8" y="1" z="10"/>
      <TrileInstance trileId="111" orientation="2">
        <Position>
          <Vector3 x="8.0" y="1.0" z="10.0"/>
        </Position>
      </TrileInstance>
    </Entry>
    <Entry>
      <TrileEmplacement x="7" y="1" z="10"/>
      <TrileInstance trileId="111" orientation="2">
        <Position>
          <Vector3 x="7.0" y="1.0" z="10.0"/>
        </Position>
      </TrileInstance>
    </Entry>
    <Entry>
      <TrileEmplacement x="9" y="1" z="8"/>
      <TrileInstance trileId="111" orientation="2">
        <Position>
          <Vector3 x="9.0" y="1.0" z="8.0"/>
        </Position>
      </TrileInstance>
    </Entry>
    <Entry>
      <TrileEmplacement x="10" y="1" z="8"/>
      <TrileInstance trileId="111" orientation="2">
        <Position>
          <Vector3 x="10.0" y="1.0" z="8.0"/>
        </Position>
      </TrileInstance>
    </Entry>
    <Entry>
      <TrileEmplacement x="13" y="11" z="13"/>
      <TrileInstance trileId="404" orientation="0">
        <Position>
          <Vector3 x="13.0" y="11.0" z="13.0"/>
        </Position>
      </TrileInstance>
    </Entry>
    <Entry>
      <TrileEmplacement x="13" y="2" z="2"/>
      <TrileInstance trileId="404" orientation="1">
        <Position>
          <Vector3 x="13.0" y="2.0" z="2.0"/>
        </Position>
      </TrileInstance>
    </Entry>
    <Entry>
      <TrileEmplacement x="3" y="1" z="5"/>
      <TrileInstance trileId="409" orientation="2">
        <Position>
          <Vector3 x="2.5" y="1.0" z="5.0"/>
        </Position>
        <OverlappedTriles>
          <TrileInstance trileId="111" orientation="2">
            <Position>
              <Vector3 x="3.0" y="1.0" z="5.0"/>
            </Position>
          </TrileInstance>
        </OverlappedTriles>
      </TrileInstance>
    </Entry>
    <Entry>
      <TrileEmplacement x="4" y="1" z="5"/>
      <TrileInstance trileId="111" orientation="2">
        <Position>
          <Vector3 x="4.0" y="1.0" z="5.0"/>
        </Position>
      </TrileInstance>
    </Entry>
    <Entry>
      <TrileEmplacement x="10" y="1" z="10"/>
      <TrileInstance trileId="111" orientation="2">
        <Position>
          <Vector3 x="10.0" y="1.0" z="10.0"/>
        </Position>
      </TrileInstance>
    </Entry>
    <Entry>
      <TrileEmplacement x="9" y="1" z="10"/>
      <TrileInstance trileId="111" orientation="2">
        <Position>
          <Vector3 x="9.0" y="1.0" z="10.0"/>
        </Position>
      </TrileInstance>
    </Entry>
    <Entry>
      <TrileEmplacement x="7" y="1" z="8"/>
      <TrileInstance trileId="111" orientation="2">
        <Position>
          <Vector3 x="7.0" y="1.0" z="8.0"/>
        </Position>
      </TrileInstance>
    </Entry>
    <Entry>
      <TrileEmplacement x="8" y="1" z="8"/>
      <TrileInstance trileId="111" orientation="2">
        <Position>
          <Vector3 x="8.0" y="1.0" z="8.0"/>
        </Position>
      </TrileInstance>
    </Entry>
    <Entry>
      <TrileEmplacement x="13" y="9" z="13"/>
      <TrileInstance trileId="404" orientation="0">
        <Position>
          <Vector3 x="13.0" y="9.0" z="13.0"/>
        </Position>
      </TrileInstance>
    </Entry>
    <Entry>
      <TrileEmplacement x="13" y="10" z="13"/>
      <TrileInstance trileId="404" orientation="0">
        <Position>
          <Vector3 x="13.0" y="10.0" z="13.0"/>
        </Position>
      </TrileInstance>
    </Entry>
    <Entry>
      <TrileEmplacement x="11" y="1" z="4"/>
      <TrileInstance trileId="111" orientation="2">
        <Position>
          <Vector3 x="11.0" y="1.0" z="4.0"/>
        </Position>
      </TrileInstance>
    </Entry>
    <Entry>
      <TrileEmplacement x="12" y="1" z="4"/>
      <TrileInstance trileId="111" orientation="2">
        <Position>
          <Vector3 x="12.0" y="1.0" z="4.0"/>
        </Position>
      </TrileInstance>
    </Entry>
    <Entry>
      <TrileEmplacement x="12" y="1" z="10"/>
      <TrileInstance trileId="111" orientation="2">
        <Position>
          <Vector3 x="12.0" y="1.0" z="10.0"/>
        </Position>
      </TrileInstance>
    </Entry>
    <Entry>
      <TrileEmplacement x="11" y="1" z="10"/>
      <TrileInstance trileId="111" orientation="2">
        <Position>
          <Vector3 x="11.0" y="1.0" z="10.0"/>
        </Position>
      </TrileInstance>
    </Entry>
    <Entry>
      <TrileEmplacement x="5" y="1" z="8"/>
      <TrileInstance trileId="111" orientation="2">
        <Position>
          <Vector3 x="5.0" y="1.0" z="8.0"/>
        </Position>
      </TrileInstance>
    </Entry>
    <Entry>
      <TrileEmplacement x="6" y="1" z="8"/>
      <TrileInstance trileId="111" orientation="2">
        <Position>
          <Vector3 x="6.0" y="1.0" z="8.0"/>
        </Position>
      </TrileInstance>
    </Entry>
    <Entry>
      <TrileEmplacement x="13" y="7" z="13"/>
      <TrileInstance trileId="404" orientation="0">
        <Position>
          <Vector3 x="13.0" y="7.0" z="13.0"/>
        </Position>
      </TrileInstance>
    </Entry>
    <Entry>
      <TrileEmplacement x="13" y="8" z="13"/>
      <TrileInstance trileId="404" orientation="0">
        <Position>
          <Vector3 x="13.0" y="8.0" z="13.0"/>
        </Position>
      </TrileInstance>
    </Entry>
    <Entry>
      <TrileEmplacement x="9" y="1" z="4"/>
      <TrileInstance trileId="111" orientation="2">
        <Position>
          <Vector3 x="9.0" y="1.0" z="4.0"/>
        </Position>
      </TrileInstance>
    </Entry>
    <Entry>
      <TrileEmplacement x="10" y="1" z="4"/>
      <TrileInstance trileId="111" orientation="2">
        <Position>
          <Vector3 x="10.0" y="1.0" z="4.0"/>
        </Position>
      </TrileInstance>
    </Entry>
    <Entry>
      <TrileEmplacement x="4" y="1" z="11"/>
      <TrileInstance trileId="111" orientation="2">
        <Position>
          <Vector3 x="4.0" y="1.0" z="11.0"/>
        </Position>
      </TrileInstance>
    </Entry>
    <Entry>
      <TrileEmplacement x="3" y="1" z="11"/>
      <TrileInstance trileId="409" orientation="2">
        <Position>
          <Vector3 x="2.5" y="1.0" z="11.0"/>
        </Position>
        <OverlappedTriles>
          <TrileInstance trileId="111" orientation="2">
            <Position>
              <Vector3 x="3.0" y="1.0" z="11.0"/>
            </Position>
          </TrileInstance>
        </OverlappedTriles>
      </TrileInstance>
    </Entry>
    <Entry>
      <TrileEmplacement x="3" y="1" z="8"/>
      <TrileInstance trileId="409" orientation="2">
        <Position>
          <Vector3 x="2.5" y="1.0" z="8.0"/>
        </Position>
        <OverlappedTriles>
          <TrileInstance trileId="111" orientation="2">
            <Position>
              <Vector3 x="3.0" y="1.0" z="8.0"/>
            </Position>
          </TrileInstance>
        </OverlappedTriles>
      </TrileInstance>
    </Entry>
    <Entry>
      <TrileEmplacement x="4" y="1" z="8"/>
      <TrileInstance trileId="111" orientation="2">
        <Position>
          <Vector3 x="4.0" y="1.0" z="8.0"/>
        </Position>
      </TrileInstance>
    </Entry>
    <Entry>
      <TrileEmplacement x="13" y="5" z="13"/>
      <TrileInstance trileId="404" orientation="0">
        <Position>
          <Vector3 x="13.0" y="5.0" z="13.0"/>
        </Position>
      </TrileInstance>
    </Entry>
    <Entry>
      <TrileEmplacement x="13" y="6" z="13"/>
      <TrileInstance trileId="404" orientation="0">
        <Position>
          <Vector3 x="13.0" y="6.0" z="13.0"/>
        </Position>
      </TrileInstance>
    </Entry>
    <Entry>
      <TrileEmplacement x="7" y="1" z="4"/>
      <TrileInstance trileId="111" orientation="2">
        <Position>
          <Vector3 x="7.0" y="1.0" z="4.0"/>
        </Position>
      </TrileInstance>
    </Entry>
    <Entry>
      <TrileEmplacement x="8" y="1" z="4"/>
      <TrileInstance trileId="111" orientation="2">
        <Position>
          <Vector3 x="8.0" y="1.0" z="4.0"/>
        </Position>
      </TrileInstance>
    </Entry>
    <Entry>
      <TrileEmplacement x="6" y="1" z="11"/>
      <TrileInstance trileId="111" orientation="2">
        <Position>
          <Vector3 x="6.0" y="1.0" z="11.0"/>
        </Position>
      </TrileInstance>
    </Entry>
    <Entry>
      <TrileEmplacement x="5" y="1" z="11"/>
      <TrileInstance trileId="111" orientation="2">
        <Position>
          <Vector3 x="5.0" y="1.0" z="11.0"/>
        </Position>
      </TrileInstance>
    </Entry>
    <Entry>
      <TrileEmplacement x="11" y="1" z="7"/>
      <TrileInstance trileId="111" orientation="2">
        <Position>
          <Vector3 x="11.0" y="1.0" z="7.0"/>
        </Position>
      </TrileInstance>
    </Entry>
    <Entry>
      <TrileEmplacement x="12" y="1" z="7"/>
      <TrileInstance trileId="111" orientation="2">
        <Position>
          <Vector3 x="12.0" y="1.0" z="7.0"/>
        </Position>
      </TrileInstance>
    </Entry>
    <Entry>
      <TrileEmplacement x="13" y="3" z="13"/>
      <TrileInstance trileId="404" orientation="0">
        <Position>
          <Vector3 x="13.0" y="3.0" z="13.0"/>
        </Position>
      </TrileInstance>
    </Entry>
    <Entry>
      <TrileEmplacement x="13" y="4" z="13"/>
      <TrileInstance trileId="404" orientation="0">
        <Position>
          <Vector3 x="13.0" y="4.0" z="13.0"/>
        </Position>
      </TrileInstance>
    </Entry>
    <Entry>
      <TrileEmplacement x="5" y="1" z="4"/>
      <TrileInstance trileId="111" orientation="2">
        <Position>
          <Vector3 x="5.0" y="1.0" z="4.0"/>
        </Position>
      </TrileInstance>
    </Entry>
    <Entry>
      <TrileEmplacement x="6" y="1" z="4"/>
      <TrileInstance trileId="111" orientation="2">
        <Position>
          <Vector3 x="6.0" y="1.0" z="4.0"/>
        </Position>
      </TrileInstance>
    </Entry>
    <Entry>
      <TrileEmplacement x="8" y="1" z="11"/>
      <TrileInstance trileId="111" orientation="2">
        <Position>
          <Vector3 x="8.0" y="1.0" z="11.0"/>
        </Position>
      </TrileInstance>
    </Entry>
    <Entry>
      <TrileEmplacement x="7" y="1" z="11"/>
      <TrileInstance trileId="111" orientation="2">
        <Position>
          <Vector3 x="7.0" y="1.0" z="11.0"/>
        </Position>
      </TrileInstance>
    </Entry>
    <Entry>
      <TrileEmplacement x="9" y="1" z="7"/>
      <TrileInstance trileId="111" orientation="2">
        <Position>
          <Vector3 x="9.0" y="1.0" z="7.0"/>
        </Position>
      </TrileInstance>
    </Entry>
    <Entry>
      <TrileEmplacement x="10" y="1" z="7"/>
      <TrileInstance trileId="111" orientation="2">
        <Position>
          <Vector3 x="10.0" y="1.0" z="7.0"/>
        </Position>
      </TrileInstance>
    </Entry>
    <Entry>
      <TrileEmplacement x="13" y="3" z="2"/>
      <TrileInstance trileId="404" orientation="1">
        <Position>
          <Vector3 x="13.0" y="3.0" z="2.0"/>
        </Position>
      </TrileInstance>
    </Entry>
    <Entry>
      <TrileEmplacement x="13" y="2" z="13"/>
      <TrileInstance trileId="404" orientation="0">
        <Position>
          <Vector3 x="13.0" y="2.0" z="13.0"/>
        </Position>
      </TrileInstance>
    </Entry>
    <Entry>
      <TrileEmplacement x="3" y="1" z="4"/>
      <TrileInstance trileId="410" orientation="2">
        <Position>
          <Vector3 x="2.5" y="1.0" z="4.0"/>
        </Position>
        <OverlappedTriles>
          <TrileInstance trileId="111" orientation="2">
            <Position>
              <Vector3 x="3.0" y="1.0" z="4.0"/>
            </Position>
          </TrileInstance>
        </OverlappedTriles>
      </TrileInstance>
    </Entry>
    <Entry>
      <TrileEmplacement x="4" y="1" z="4"/>
      <TrileInstance trileId="111" orientation="2">
        <Position>
          <Vector3 x="4.0" y="1.0" z="4.0"/>
        </Position>
      </TrileInstance>
    </Entry>
    <Entry>
      <TrileEmplacement x="10" y="1" z="11"/>
      <TrileInstance trileId="111" orientation="2">
        <Position>
          <Vector3 x="10.0" y="1.0" z="11.0"/>
        </Position>
      </TrileInstance>
    </Entry>
    <Entry>
      <TrileEmplacement x="9" y="1" z="11"/>
      <TrileInstance trileId="111" orientation="2">
        <Position>
          <Vector3 x="9.0" y="1.0" z="11.0"/>
        </Position>
      </TrileInstance>
    </Entry>
    <Entry>
      <TrileEmplacement x="7" y="1" z="7"/>
      <TrileInstance trileId="111" orientation="2">
        <Position>
          <Vector3 x="7.0" y="1.0" z="7.0"/>
        </Position>
      </TrileInstance>
    </Entry>
    <Entry>
      <TrileEmplacement x="8" y="1" z="7"/>
      <TrileInstance trileId="111" orientation="2">
        <Position>
          <Vector3 x="8.0" y="1.0" z="7.0"/>
        </Position>
      </TrileInstance>
    </Entry>
    <Entry>
      <TrileEmplacement x="13" y="5" z="2"/>
      <TrileInstance trileId="404" orientation="1">
        <Position>
          <Vector3 x="13.0" y="5.0" z="2.0"/>
        </Position>
      </TrileInstance>
    </Entry>
    <Entry>
      <TrileEmplacement x="13" y="4" z="2"/>
      <TrileInstance trileId="404" orientation="1">
        <Position>
          <Vector3 x="13.0" y="4.0" z="2.0"/>
        </Position>
      </TrileInstance>
    </Entry>
    <Entry>
      <TrileEmplacement x="11" y="1" z="3"/>
      <TrileInstance trileId="409" orientation="1">
        <Position>
          <Vector3 x="11.0" y="1.0" z="2.5"/>
        </Position>
        <OverlappedTriles>
          <TrileInstance trileId="111" orientation="2">
            <Position>
              <Vector3 x="11.0" y="1.0" z="3.0"/>
            </Position>
          </TrileInstance>
        </OverlappedTriles>
      </TrileInstance>
    </Entry>
    <Entry>
      <TrileEmplacement x="12" y="1" z="3"/>
      <TrileInstance trileId="111" orientation="2">
        <Position>
          <Vector3 x="12.0" y="1.0" z="3.0"/>
        </Position>
        <OverlappedTriles>
          <TrileInstance trileId="409" orientation="1">
            <Position>
              <Vector3 x="12.0" y="1.0" z="2.5"/>
            </Position>
          </TrileInstance>
        </OverlappedTriles>
      </TrileInstance>
    </Entry>
    <Entry>
      <TrileEmplacement x="12" y="1" z="11"/>
      <TrileInstance trileId="111" orientation="2">
        <Position>
          <Vector3 x="12.0" y="1.0" z="11.0"/>
        </Position>
      </TrileInstance>
    </Entry>
    <Entry>
      <TrileEmplacement x="11" y="1" z="11"/>
      <TrileInstance trileId="111" orientation="2">
        <Position>
          <Vector3 x="11.0" y="1.0" z="11.0"/>
        </Position>
      </TrileInstance>
    </Entry>
    <Entry>
      <TrileEmplacement x="5" y="1" z="7"/>
      <TrileInstance trileId="111" orientation="2">
        <Position>
          <Vector3 x="5.0" y="1.0" z="7.0"/>
        </Position>
      </TrileInstance>
    </Entry>
    <Entry>
      <TrileEmplacement x="6" y="1" z="7"/>
      <TrileInstance trileId="111" orientation="2">
        <Position>
          <Vector3 x="6.0" y="1.0" z="7.0"/>
        </Position>
      </TrileInstance>
    </Entry>
    <Entry>
      <TrileEmplacement x="13" y="7" z="2"/>
      <TrileInstance trileId="404" orientation="1">
        <Position>
          <Vector3 x="13.0" y="7.0" z="2.0"/>
        </Position>
      </TrileInstance>
    </Entry>
    <Entry>
      <TrileEmplacement x="13" y="6" z="2"/>
      <TrileInstance trileId="404" orientation="1">
        <Position>
          <Vector3 x="13.0" y="6.0" z="2.0"/>
        </Position>
      </TrileInstance>
    </Entry>
    <Entry>
      <TrileEmplacement x="9" y="1" z="3"/>
      <TrileInstance trileId="409" orientation="1">
        <Position>
          <Vector3 x="9.0" y="1.0" z="2.5"/>
        </Position>
        <OverlappedTriles>
          <TrileInstance trileId="111" orientation="2">
            <Position>
              <Vector3 x="9.0" y="1.0" z="3.0"/>
            </Position>
          </TrileInstance>
        </OverlappedTriles>
      </TrileInstance>
    </Entry>
    <Entry>
      <TrileEmplacement x="10" y="1" z="3"/>
      <TrileInstance trileId="410" orientation="1">
        <Position>
          <Vector3 x="10.0" y="1.0" z="2.5"/>
        </Position>
        <OverlappedTriles>
          <TrileInstance trileId="111" orientation="2">
            <Position>
              <Vector3 x="10.0" y="1.0" z="3.0"/>
            </Position>
          </TrileInstance>
        </OverlappedTriles>
      </TrileInstance>
    </Entry>
    <Entry>
      <TrileEmplacement x="4" y="1" z="12"/>
      <TrileInstance trileId="111" orientation="2">
        <Position>
          <Vector3 x="4.0" y="1.0" z="12.0"/>
        </Position>
      </TrileInstance>
    </Entry>
    <Entry>
      <TrileEmplacement x="3" y="1" z="12"/>
      <TrileInstance trileId="111" orientation="2">
        <Position>
          <Vector3 x="3.0" y="1.0" z="12.0"/>
        </Position>
        <OverlappedTriles>
          <TrileInstance trileId="409" orientation="2">
            <Position>
              <Vector3 x="2.5" y="1.0" z="12.0"/>
            </Position>
          </TrileInstance>
        </OverlappedTriles>
      </TrileInstance>
    </Entry>
    <Entry>
      <TrileEmplacement x="3" y="1" z="7"/>
      <TrileInstance trileId="410" orientation="2">
        <Position>
          <Vector3 x="2.5" y="1.0" z="7.0"/>
        </Position>
        <OverlappedTriles>
          <TrileInstance trileId="111" orientation="2">
            <Position>
              <Vector3 x="3.0" y="1.0" z="7.0"/>
            </Position>
          </TrileInstance>
        </OverlappedTriles>
      </TrileInstance>
    </Entry>
    <Entry>
      <TrileEmplacement x="4" y="1" z="7"/>
      <TrileInstance trileId="111" orientation="2">
        <Position>
          <Vector3 x="4.0" y="1.0" z="7.0"/>
        </Position>
      </TrileInstance>
    </Entry>
    <Entry>
      <TrileEmplacement x="13" y="9" z="2"/>
      <TrileInstance trileId="404" orientation="1">
        <Position>
          <Vector3 x="13.0" y="9.0" z="2.0"/>
        </Position>
      </TrileInstance>
    </Entry>
    <Entry>
      <TrileEmplacement x="13" y="8" z="2"/>
      <TrileInstance trileId="404" orientation="1">
        <Position>
          <Vector3 x="13.0" y="8.0" z="2.0"/>
        </Position>
      </TrileInstance>
    </Entry>
    <Entry>
      <TrileEmplacement x="7" y="1" z="3"/>
      <TrileInstance trileId="409" orientation="1">
        <Position>
          <Vector3 x="7.0" y="1.0" z="2.5"/>
        </Position>
        <OverlappedTriles>
          <TrileInstance trileId="111" orientation="2">
            <Position>
              <Vector3 x="7.0" y="1.0" z="3.0"/>
            </Position>
          </TrileInstance>
        </OverlappedTriles>
      </TrileInstance>
    </Entry>
    <Entry>
      <TrileEmplacement x="8" y="1" z="3"/>
      <TrileInstance trileId="409" orientation="1">
        <Position>
          <Vector3 x="8.0" y="1.0" z="2.5"/>
        </Position>
        <OverlappedTriles>
          <TrileInstance trileId="111" orientation="2">
            <Position>
              <Vector3 x="8.0" y="1.0" z="3.0"/>
            </Position>
          </TrileInstance>
        </OverlappedTriles>
      </TrileInstance>
    </Entry>
    <Entry>
      <TrileEmplacement x="6" y="1" z="12"/>
      <TrileInstance trileId="111" orientation="2">
        <Position>
          <Vector3 x="6.0" y="1.0" z="12.0"/>
        </Position>
      </TrileInstance>
    </Entry>
    <Entry>
      <TrileEmplacement x="5" y="1" z="12"/>
      <TrileInstance trileId="111" orientation="2">
        <Position>
          <Vector3 x="5.0" y="1.0" z="12.0"/>
        </Position>
      </TrileInstance>
    </Entry>
    <Entry>
      <TrileEmplacement x="11" y="1" z="6"/>
      <TrileInstance trileId="111" orientation="2">
        <Position>
          <Vector3 x="11.0" y="1.0" z="6.0"/>
        </Position>
      </TrileInstance>
    </Entry>
    <Entry>
      <TrileEmplacement x="12" y="1" z="6"/>
      <TrileInstance trileId="111" orientation="2">
        <Position>
          <Vector3 x="12.0" y="1.0" z="6.0"/>
        </Position>
      </TrileInstance>
    </Entry>
    <Entry>
      <TrileEmplacement x="9" y="2" z="9"/>
      <TrileInstance trileId="113" orientation="2">
        <Position>
          <Vector3 x="9.0" y="1.5" z="9.0"/>
        </Position>
      </TrileInstance>
    </Entry>
    <Entry>
      <TrileEmplacement x="9" y="2" z="8"/>
      <TrileInstance trileId="113" orientation="2">
        <Position>
          <Vector3 x="9.0" y="1.5" z="8.0"/>
        </Position>
      </TrileInstance>
    </Entry>
    <Entry>
      <TrileEmplacement x="9" y="2" z="7"/>
      <TrileInstance trileId="113" orientation="2">
        <Position>
          <Vector3 x="9.0" y="1.5" z="7.0"/>
        </Position>
      </TrileInstance>
    </Entry>
    <Entry>
      <TrileEmplacement x="9" y="2" z="6"/>
      <TrileInstance trileId="113" orientation="2">
        <Position>
          <Vector3 x="9.0" y="1.5" z="6.0"/>
        </Position>
      </TrileInstance>
    </Entry>
    <Entry>
      <TrileEmplacement x="8" y="2" z="9"/>
      <TrileInstance trileId="113" orientation="2">
        <Position>
          <Vector3 x="8.0" y="1.5" z="9.0"/>
        </Position>
      </TrileInstance>
    </Entry>
    <Entry>
      <TrileEmplacement x="8" y="2" z="8"/>
      <TrileInstance trileId="113" orientation="2">
        <Position>
          <Vector3 x="8.0" y="1.5" z="8.0"/>
        </Position>
      </TrileInstance>
    </Entry>
    <Entry>
      <TrileEmplacement x="8" y="2" z="7"/>
      <TrileInstance trileId="113" orientation="2">
        <Position>
          <Vector3 x="8.0" y="1.5" z="7.0"/>
        </Position>
      </TrileInstance>
    </Entry>
    <Entry>
      <TrileEmplacement x="8" y="2" z="6"/>
      <TrileInstance trileId="113" orientation="2">
        <Position>
          <Vector3 x="8.0" y="1.5" z="6.0"/>
        </Position>
      </TrileInstance>
    </Entry>
    <Entry>
      <TrileEmplacement x="7" y="2" z="9"/>
      <TrileInstance trileId="113" orientation="2">
        <Position>
          <Vector3 x="7.0" y="1.5" z="9.0"/>
        </Position>
      </TrileInstance>
    </Entry>
    <Entry>
      <TrileEmplacement x="7" y="2" z="8"/>
      <TrileInstance trileId="113" orientation="2">
        <Position>
          <Vector3 x="7.0" y="1.5" z="8.0"/>
        </Position>
      </TrileInstance>
    </Entry>
    <Entry>
      <TrileEmplacement x="7" y="2" z="7"/>
      <TrileInstance trileId="113" orientation="2">
        <Position>
          <Vector3 x="7.0" y="1.5" z="7.0"/>
        </Position>
      </TrileInstance>
    </Entry>
    <Entry>
      <TrileEmplacement x="7" y="2" z="6"/>
      <TrileInstance trileId="113" orientation="2">
        <Position>
          <Vector3 x="7.0" y="1.5" z="6.0"/>
        </Position>
      </TrileInstance>
    </Entry>
    <Entry>
      <TrileEmplacement x="6" y="2" z="9"/>
      <TrileInstance trileId="113" orientation="2">
        <Position>
          <Vector3 x="6.0" y="1.5" z="9.0"/>
        </Position>
      </TrileInstance>
    </Entry>
    <Entry>
      <TrileEmplacement x="6" y="2" z="8"/>
      <TrileInstance trileId="113" orientation="2">
        <Position>
          <Vector3 x="6.0" y="1.5" z="8.0"/>
        </Position>
      </TrileInstance>
    </Entry>
    <Entry>
      <TrileEmplacement x="6" y="2" z="7"/>
      <TrileInstance trileId="113" orientation="2">
        <Position>
          <Vector3 x="6.0" y="1.5" z="7.0"/>
        </Position>
      </TrileInstance>
    </Entry>
    <Entry>
      <TrileEmplacement x="6" y="2" z="6"/>
      <TrileInstance trileId="113" orientation="2">
        <Position>
          <Vector3 x="6.0" y="1.5" z="6.0"/>
        </Position>
      </TrileInstance>
    </Entry>
    <Entry>
      <TrileEmplacement x="13" y="1" z="2"/>
      <TrileInstance trileId="406" orientation="1">
        <Position>
          <Vector3 x="13.0" y="1.0" z="2.0"/>
        </Position>
      </TrileInstance>
    </Entry>
    <Entry>
      <TrileEmplacement x="2" y="1" z="2"/>
      <TrileInstance trileId="406" orientation="2">
        <Position>
          <Vector3 x="2.0" y="1.0" z="2.0"/>
        </Position>
      </TrileInstance>
    </Entry>
    <Entry>
      <TrileEmplacement x="2" y="1" z="13"/>
      <TrileInstance trileId="406" orientation="3">
        <Position>
          <Vector3 x="2.0" y="1.0" z="13.0"/>
        </Position>
      </TrileInstance>
    </Entry>
    <Entry>
      <TrileEmplacement x="13" y="1" z="13"/>
      <TrileInstance trileId="406" orientation="0">
        <Position>
          <Vector3 x="13.0" y="1.0" z="13.0"/>
        </Position>
      </TrileInstance>
    </Entry>
    <Entry>
      <TrileEmplacement x="8" y="1" z="13"/>
      <TrileInstance trileId="409" orientation="3">
        <Position>
          <Vector3 x="8.0" y="1.0" z="12.5"/>
        </Position>
      </TrileInstance>
    </Entry>
    <Entry>
      <TrileEmplacement x="10" y="1" z="13"/>
      <TrileInstance trileId="409" orientation="3">
        <Position>
          <Vector3 x="10.0" y="1.0" z="12.5"/>
        </Position>
      </TrileInstance>
    </Entry>
    <Entry>
      <TrileEmplacement x="13" y="12" z="3"/>
      <TrileInstance trileId="403" orientation="1">
        <Position>
          <Vector3 x="12.5" y="12.0" z="3.0"/>
        </Position>
      </TrileInstance>
    </Entry>
    <Entry>
      <TrileEmplacement x="9" y="1" z="13"/>
      <TrileInstance trileId="410" orientation="3">
        <Position>
          <Vector3 x="9.0" y="1.0" z="12.5"/>
        </Position>
      </TrileInstance>
    </Entry>
    <Entry>
      <TrileEmplacement x="11" y="1" z="13"/>
      <TrileInstance trileId="409" orientation="3">
        <Position>
          <Vector3 x="11.0" y="1.0" z="12.5"/>
        </Position>
      </TrileInstance>
    </Entry>
    <Entry>
      <TrileEmplacement x="7" y="1" z="13"/>
      <TrileInstance trileId="409" orientation="3">
        <Position>
          <Vector3 x="7.0" y="1.0" z="12.5"/>
        </Position>
      </TrileInstance>
    </Entry>
    <Entry>
      <TrileEmplacement x="5" y="1" z="13"/>
      <TrileInstance trileId="409" orientation="3">
        <Position>
          <Vector3 x="5.0" y="1.0" z="12.5"/>
        </Position>
      </TrileInstance>
    </Entry>
    <Entry>
      <TrileEmplacement x="6" y="1" z="13"/>
      <TrileInstance trileId="409" orientation="3">
        <Position>
          <Vector3 x="6.0" y="1.0" z="12.5"/>
        </Position>
      </TrileInstance>
    </Entry>
    <Entry>
      <TrileEmplacement x="4" y="1" z="13"/>
      <TrileInstance trileId="410" orientation="3">
        <Position>
          <Vector3 x="4.0" y="1.0" z="12.5"/>
        </Position>
      </TrileInstance>
    </Entry>
    <Entry>
      <TrileEmplacement x="3" y="1" z="13"/>
      <TrileInstance trileId="409" orientation="3">
        <Position>
          <Vector3 x="3.0" y="1.0" z="12.5"/>
        </Position>
      </TrileInstance>
    </Entry>
    <Entry>
      <TrileEmplacement x="13" y="1" z="9"/>
      <TrileInstance trileId="409" orientation="0">
        <Position>
          <Vector3 x="12.5" y="1.0" z="9.0"/>
        </Position>
      </TrileInstance>
    </Entry>
    <Entry>
      <TrileEmplacement x="13" y="1" z="8"/>
      <TrileInstance trileId="409" orientation="0">
        <Position>
          <Vector3 x="12.5" y="1.0" z="8.0"/>
        </Position>
      </TrileInstance>
    </Entry>
    <Entry>
      <TrileEmplacement x="13" y="1" z="10"/>
      <TrileInstance trileId="410" orientation="0">
        <Position>
          <Vector3 x="12.5" y="1.0" z="10.0"/>
        </Position>
      </TrileInstance>
    </Entry>
    <Entry>
      <TrileEmplacement x="13" y="1" z="12"/>
      <TrileInstance trileId="410" orientation="0">
        <Position>
          <Vector3 x="12.5" y="1.0" z="12.0"/>
        </Position>
      </TrileInstance>
    </Entry>
    <Entry>
      <TrileEmplacement x="13" y="1" z="11"/>
      <TrileInstance trileId="409" orientation="0">
        <Position>
          <Vector3 x="12.5" y="1.0" z="11.0"/>
        </Position>
      </TrileInstance>
    </Entry>
    <Entry>
      <TrileEmplacement x="13" y="1" z="4"/>
      <TrileInstance trileId="409" orientation="0">
        <Position>
          <Vector3 x="12.5" y="1.0" z="4.0"/>
        </Position>
      </TrileInstance>
    </Entry>
    <Entry>
      <TrileEmplacement x="13" y="1" z="3"/>
      <TrileInstance trileId="409" orientation="0">
        <Position>
          <Vector3 x="12.5" y="1.0" z="3.0"/>
        </Position>
      </TrileInstance>
    </Entry>
    <Entry>
      <TrileEmplacement x="13" y="1" z="5"/>
      <TrileInstance trileId="409" orientation="0">
        <Position>
          <Vector3 x="12.5" y="1.0" z="5.0"/>
        </Position>
      </TrileInstance>
    </Entry>
    <Entry>
      <TrileEmplacement x="13" y="1" z="7"/>
      <TrileInstance trileId="409" orientation="0">
        <Position>
          <Vector3 x="12.5" y="1.0" z="7.0"/>
        </Position>
      </TrileInstance>
    </Entry>
    <Entry>
      <TrileEmplacement x="13" y="1" z="6"/>
      <TrileInstance trileId="410" orientation="0">
        <Position>
          <Vector3 x="12.5" y="1.0" z="6.0"/>
        </Position>
      </TrileInstance>
    </Entry>
    <Entry>
      <TrileEmplacement x="2" y="12" z="13"/>
      <TrileInstance trileId="407" orientation="3">
        <Position>
          <Vector3 x="2.0" y="11.5" z="13.0"/>
        </Position>
      </TrileInstance>
    </Entry>
    <Entry>
      <TrileEmplacement x="13" y="12" z="13"/>
      <TrileInstance trileId="407" orientation="0">
        <Position>
          <Vector3 x="13.0" y="11.5" z="13.0"/>
        </Position>
      </TrileInstance>
    </Entry>
    <Entry>
      <TrileEmplacement x="2" y="12" z="2"/>
      <TrileInstance trileId="407" orientation="2">
        <Position>
          <Vector3 x="2.0" y="11.5" z="2.0"/>
        </Position>
      </TrileInstance>
    </Entry>
    <Entry>
      <TrileEmplacement x="13" y="12" z="2"/>
      <TrileInstance trileId="407" orientation="1">
        <Position>
          <Vector3 x="13.0" y="11.5" z="2.0"/>
        </Position>
      </TrileInstance>
    </Entry>
    <Entry>
      <TrileEmplacement x="3" y="12" z="13"/>
      <TrileInstance trileId="408" orientation="3">
        <Position>
          <Vector3 x="3.0" y="12.0" z="12.5"/>
        </Position>
      </TrileInstance>
    </Entry>
    <Entry>
      <TrileEmplacement x="4" y="12" z="13"/>
      <TrileInstance trileId="408" orientation="3">
        <Position>
          <Vector3 x="4.0" y="12.0" z="12.5"/>
        </Position>
      </TrileInstance>
    </Entry>
    <Entry>
      <TrileEmplacement x="5" y="12" z="13"/>
      <TrileInstance trileId="403" orientation="3">
        <Position>
          <Vector3 x="5.0" y="12.0" z="12.5"/>
        </Position>
      </TrileInstance>
    </Entry>
    <Entry>
      <TrileEmplacement x="6" y="12" z="13"/>
      <TrileInstance trileId="408" orientation="3">
        <Position>
          <Vector3 x="6.0" y="12.0" z="12.5"/>
        </Position>
      </TrileInstance>
    </Entry>
    <Entry>
      <TrileEmplacement x="7" y="12" z="13"/>
      <TrileInstance trileId="403" orientation="3">
        <Position>
          <Vector3 x="7.0" y="12.0" z="12.5"/>
        </Position>
      </TrileInstance>
    </Entry>
    <Entry>
      <TrileEmplacement x="8" y="12" z="13"/>
      <TrileInstance trileId="408" orientation="3">
        <Position>
          <Vector3 x="8.0" y="12.0" z="12.5"/>
        </Position>
      </TrileInstance>
    </Entry>
    <Entry>
      <TrileEmplacement x="9" y="12" z="13"/>
      <TrileInstance trileId="408" orientation="3">
        <Position>
          <Vector3 x="9.0" y="12.0" z="12.5"/>
        </Position>
      </TrileInstance>
    </Entry>
    <Entry>
      <TrileEmplacement x="10" y="12" z="13"/>
      <TrileInstance trileId="408" orientation="3">
        <Position>
          <Vector3 x="10.0" y="12.0" z="12.5"/>
        </Position>
      </TrileInstance>
    </Entry>
    <Entry>
      <TrileEmplacement x="11" y="12" z="13"/>
      <TrileInstance trileId="403" orientation="3">
        <Position>
          <Vector3 x="11.0" y="12.0" z="12.5"/>
        </Position>
      </TrileInstance>
    </Entry>
    <Entry>
      <TrileEmplacement x="12" y="12" z="13"/>
      <TrileInstance trileId="408" orientation="3">
        <Position>
          <Vector3 x="12.0" y="12.0" z="12.5"/>
        </Position>
      </TrileInstance>
    </Entry>
    <Entry>
      <TrileEmplacement x="13" y="12" z="4"/>
      <TrileInstance trileId="403" orientation="1">
        <Position>
          <Vector3 x="12.5" y="12.0" z="4.0"/>
        </Position>
      </TrileInstance>
    </Entry>
    <Entry>
      <TrileEmplacement x="13" y="12" z="5"/>
      <TrileInstance trileId="408" orientation="1">
        <Position>
          <Vector3 x="12.5" y="12.0" z="5.0"/>
        </Position>
      </TrileInstance>
    </Entry>
    <Entry>
      <TrileEmplacement x="13" y="12" z="6"/>
      <TrileInstance trileId="408" orientation="1">
        <Position>
          <Vector3 x="12.5" y="12.0" z="6.0"/>
        </Position>
      </TrileInstance>
    </Entry>
    <Entry>
      <TrileEmplacement x="13" y="12" z="7"/>
      <TrileInstance trileId="408" orientation="1">
        <Position>
          <Vector3 x="12.5" y="12.0" z="7.0"/>
        </Position>
      </TrileInstance>
    </Entry>
    <Entry>
      <TrileEmplacement x="13" y="12" z="8"/>
      <TrileInstance trileId="403" orientation="1">
        <Position>
          <Vector3 x="12.5" y="12.0" z="8.0"/>
        </Position>
      </TrileInstance>
    </Entry>
    <Entry>
      <TrileEmplacement x="13" y="12" z="9"/>
      <TrileInstance trileId="403" orientation="1">
        <Position>
          <Vector3 x="12.5" y="12.0" z="9.0"/>
        </Position>
      </TrileInstance>
    </Entry>
    <Entry>
      <TrileEmplacement x="13" y="12" z="10"/>
      <TrileInstance trileId="403" orientation="1">
        <Position>
          <Vector3 x="12.5" y="12.0" z="10.0"/>
        </Position>
      </TrileInstance>
    </Entry>
    <Entry>
      <TrileEmplacement x="13" y="12" z="11"/>
      <TrileInstance trileId="408" orientation="1">
        <Position>
          <Vector3 x="12.5" y="12.0" z="11.0"/>
        </Position>
      </TrileInstance>
    </Entry>
    <Entry>
      <TrileEmplacement x="13" y="12" z="12"/>
      <TrileInstance trileId="403" orientation="1">
        <Position>
          <Vector3 x="12.5" y="12.0" z="12.0"/>
        </Position>
      </TrileInstance>
    </Entry>
    <Entry>
      <TrileEmplacement x="12" y="12" z="3"/>
      <TrileInstance trileId="408" orientation="1">
        <Position>
          <Vector3 x="12.0" y="12.0" z="2.5"/>
        </Position>
      </TrileInstance>
    </Entry>
    <Entry>
      <TrileEmplacement x="11" y="12" z="3"/>
      <TrileInstance trileId="403" orientation="1">
        <Position>
          <Vector3 x="11.0" y="12.0" z="2.5"/>
        </Position>
      </TrileInstance>
    </Entry>
    <Entry>
      <TrileEmplacement x="10" y="12" z="3"/>
      <TrileInstance trileId="403" orientation="1">
        <Position>
          <Vector3 x="10.0" y="12.0" z="2.5"/>
        </Position>
      </TrileInstance>
    </Entry>
    <Entry>
      <TrileEmplacement x="9" y="12" z="3"/>
      <TrileInstance trileId="408" orientation="1">
        <Position>
          <Vector3 x="9.0" y="12.0" z="2.5"/>
        </Position>
      </TrileInstance>
    </Entry>
    <Entry>
      <TrileEmplacement x="8" y="12" z="3"/>
      <TrileInstance trileId="408" orientation="1">
        <Position>
          <Vector3 x="8.0" y="12.0" z="2.5"/>
        </Position>
      </TrileInstance>
    </Entry>
    <Entry>
      <TrileEmplacement x="7" y="12" z="3"/>
      <TrileInstance trileId="408" orientation="1">
        <Position>
          <Vector3 x="7.0" y="12.0" z="2.5"/>
        </Position>
      </TrileInstance>
    </Entry>
    <Entry>
      <TrileEmplacement x="6" y="12" z="3"/>
      <TrileInstance trileId="408" orientation="1">
        <Position>
          <Vector3 x="6.0" y="12.0" z="2.5"/>
        </Position>
      </TrileInstance>
    </Entry>
    <Entry>
      <TrileEmplacement x="5" y="12" z="3"/>
      <TrileInstance trileId="403" orientation="1">
        <Position>
          <Vector3 x="5.0" y="12.0" z="2.5"/>
        </Position>
      </TrileInstance>
    </Entry>
    <Entry>
      <TrileEmplacement x="4" y="12" z="3"/>
      <TrileInstance trileId="408" orientation="1">
        <Position>
          <Vector3 x="4.0" y="12.0" z="2.5"/>
        </Position>
      </TrileInstance>
    </Entry>
    <Entry>
      <TrileEmplacement x="3" y="12" z="3"/>
      <TrileInstance trileId="408" orientation="2">
        <Position>
          <Vector3 x="2.5" y="12.0" z="3.0"/>
        </Position>
        <OverlappedTriles>
          <TrileInstance trileId="408" orientation="1">
            <Position>
              <Vector3 x="3.0" y="12.0" z="2.5"/>
            </Position>
          </TrileInstance>
        </OverlappedTriles>
      </TrileInstance>
    </Entry>
    <Entry>
      <TrileEmplacement x="12" y="1" z="12"/>
      <TrileInstance trileId="111" orientation="2">
        <Position>
          <Vector3 x="12.0" y="1.0" z="12.0"/>
        </Position>
      </TrileInstance>
    </Entry>
    <Entry>
      <TrileEmplacement x="3" y="12" z="4"/>
      <TrileInstance trileId="408" orientation="2">
        <Position>
          <Vector3 x="2.5" y="12.0" z="4.0"/>
        </Position>
      </TrileInstance>
    </Entry>
    <Entry>
      <TrileEmplacement x="3" y="12" z="5"/>
      <TrileInstance trileId="403" orientation="2">
        <Position>
          <Vector3 x="2.5" y="12.0" z="5.0"/>
        </Position>
      </TrileInstance>
    </Entry>
    <Entry>
      <TrileEmplacement x="3" y="12" z="6"/>
      <TrileInstance trileId="408" orientation="2">
        <Position>
          <Vector3 x="2.5" y="12.0" z="6.0"/>
        </Position>
      </TrileInstance>
    </Entry>
    <Entry>
      <TrileEmplacement x="3" y="12" z="7"/>
      <TrileInstance trileId="403" orientation="2">
        <Position>
          <Vector3 x="2.5" y="12.0" z="7.0"/>
        </Position>
      </TrileInstance>
    </Entry>
    <Entry>
      <TrileEmplacement x="3" y="12" z="8"/>
      <TrileInstance trileId="403" orientation="2">
        <Position>
          <Vector3 x="2.5" y="12.0" z="8.0"/>
        </Position>
      </TrileInstance>
    </Entry>
    <Entry>
      <TrileEmplacement x="3" y="12" z="9"/>
      <TrileInstance trileId="408" orientation="2">
        <Position>
          <Vector3 x="2.5" y="12.0" z="9.0"/>
        </Position>
      </TrileInstance>
    </Entry>
    <Entry>
      <TrileEmplacement x="3" y="12" z="10"/>
      <TrileInstance trileId="408" orientation="2">
        <Position>
          <Vector3 x="2.5" y="12.0" z="10.0"/>
        </Position>
      </TrileInstance>
    </Entry>
    <Entry>
      <TrileEmplacement x="3" y="12" z="11"/>
      <TrileInstance trileId="403" orientation="2">
        <Position>
          <Vector3 x="2.5" y="12.0" z="11.0"/>
        </Position>
      </TrileInstance>
    </Entry>
    <Entry>
      <TrileEmplacement x="3" y="12" z="12"/>
      <TrileInstance trileId="408" orientation="2">
        <Position>
          <Vector3 x="2.5" y="12.0" z="12.0"/>
        </Position>
      </TrileInstance>
    </Entry>
    <Entry>
      <TrileEmplacement x="6" y="3" z="9"/>
      <TrileInstance trileId="112" orientation="2">
        <Position>
          <Vector3 x="6.375" y="2.5" z="8.625"/>
        </Position>
      </TrileInstance>
    </Entry>
    <Entry>
      <TrileEmplacement x="6" y="3" z="8"/>
      <TrileInstance trileId="112" orientation="2">
        <Position>
          <Vector3 x="6.375" y="2.5" z="7.5"/>
        </Position>
      </TrileInstance>
    </Entry>
    <Entry>
      <TrileEmplacement x="6" y="3" z="6"/>
      <TrileInstance trileId="112" orientation="2">
        <Position>
          <Vector3 x="6.375" y="2.5" z="6.375"/>
        </Position>
      </TrileInstance>
    </Entry>
    <Entry>
      <TrileEmplacement x="8" y="3" z="6"/>
      <TrileInstance trileId="112" orientation="2">
        <Position>
          <Vector3 x="7.5" y="2.5" z="6.375"/>
        </Position>
      </TrileInstance>
    </Entry>
    <Entry>
      <TrileEmplacement x="9" y="3" z="6"/>
      <TrileInstance trileId="112" orientation="2">
        <Position>
          <Vector3 x="8.625" y="2.5" z="6.375"/>
        </Position>
      </TrileInstance>
    </Entry>
    <Entry>
      <TrileEmplacement x="9" y="3" z="8"/>
      <TrileInstance trileId="112" orientation="2">
        <Position>
          <Vector3 x="8.625" y="2.5" z="7.5"/>
        </Position>
      </TrileInstance>
    </Entry>
    <Entry>
      <TrileEmplacement x="9" y="3" z="9"/>
      <TrileInstance trileId="112" orientation="2">
        <Position>
          <Vector3 x="8.625" y="2.5" z="8.625"/>
        </Position>
      </TrileInstance>
    </Entry>
    <Entry>
      <TrileEmplacement x="9" y="4" z="9"/>
      <TrileInstance trileId="112" orientation="2">
        <Position>
          <Vector3 x="8.5" y="3.5" z="8.625"/>
        </Position>
      </TrileInstance>
    </Entry>
    <Entry>
      <TrileEmplacement x="9" y="4" z="8"/>
      <TrileInstance trileId="112" orientation="2">
        <Position>
          <Vector3 x="8.5" y="3.5" z="7.5"/>
        </Position>
      </TrileInstance>
    </Entry>
    <Entry>
      <TrileEmplacement x="9" y="4" z="7"/>
      <TrileInstance trileId="112" orientation="2">
        <Position>
          <Vector3 x="8.5" y="3.5" z="6.5"/>
        </Position>
      </TrileInstance>
    </Entry>
    <Entry>
      <TrileEmplacement x="8" y="4" z="7"/>
      <TrileInstance trileId="112" orientation="2">
        <Position>
          <Vector3 x="7.5" y="3.5" z="6.5"/>
        </Position>
      </TrileInstance>
    </Entry>
    <Entry>
      <TrileEmplacement x="7" y="4" z="9"/>
      <TrileInstance trileId="112" orientation="2">
        <Position>
          <Vector3 x="6.5" y="3.5" z="8.625"/>
        </Position>
      </TrileInstance>
    </Entry>
    <Entry>
      <TrileEmplacement x="7" y="4" z="8"/>
      <TrileInstance trileId="112" orientation="2">
        <Position>
          <Vector3 x="6.5" y="3.5" z="7.5"/>
        </Position>
      </TrileInstance>
    </Entry>
    <Entry>
      <TrileEmplacement x="7" y="4" z="7"/>
      <TrileInstance trileId="112" orientation="2">
        <Position>
          <Vector3 x="6.5" y="3.5" z="6.5"/>
        </Position>
      </TrileInstance>
    </Entry>
    <Entry>
      <TrileEmplacement x="9" y="5" z="9"/>
      <TrileInstance trileId="112" orientation="2">
        <Position>
          <Vector3 x="8.5" y="4.5" z="8.625"/>
        </Position>
      </TrileInstance>
    </Entry>
    <Entry>
      <TrileEmplacement x="9" y="5" z="8"/>
      <TrileInstance trileId="112" orientation="2">
        <Position>
          <Vector3 x="8.5" y="4.5" z="7.5"/>
        </Position>
      </TrileInstance>
    </Entry>
    <Entry>
      <TrileEmplacement x="9" y="5" z="7"/>
      <TrileInstance trileId="112" orientation="2">
        <Position>
          <Vector3 x="8.5" y="4.5" z="6.5"/>
        </Position>
      </TrileInstance>
    </Entry>
    <Entry>
      <TrileEmplacement x="8" y="5" z="7"/>
      <TrileInstance trileId="112" orientation="2">
        <Position>
          <Vector3 x="7.5" y="4.5" z="6.5"/>
        </Position>
      </TrileInstance>
    </Entry>
    <Entry>
      <TrileEmplacement x="7" y="5" z="9"/>
      <TrileInstance trileId="112" orientation="2">
        <Position>
          <Vector3 x="6.5" y="4.5" z="8.625"/>
        </Position>
      </TrileInstance>
    </Entry>
    <Entry>
      <TrileEmplacement x="7" y="5" z="8"/>
      <TrileInstance trileId="112" orientation="2">
        <Position>
          <Vector3 x="6.5" y="4.5" z="7.5"/>
        </Position>
      </TrileInstance>
    </Entry>
    <Entry>
      <TrileEmplacement x="7" y="5" z="7"/>
      <TrileInstance trileId="112" orientation="2">
        <Position>
          <Vector3 x="6.5" y="4.5" z="6.5"/>
        </Position>
      </TrileInstance>
    </Entry>
    <Entry>
      <TrileEmplacement x="8" y="5" z="9"/>
      <TrileInstance trileId="112" orientation="2">
        <Position>
          <Vector3 x="7.5" y="4.5" z="8.5"/>
        </Position>
      </TrileInstance>
    </Entry>
    <Entry>
      <TrileEmplacement x="8" y="5" z="8"/>
      <TrileInstance trileId="112" orientation="2">
        <Position>
          <Vector3 x="7.5" y="4.5" z="7.5"/>
        </Position>
      </TrileInstance>
    </Entry>
    <Entry>
      <TrileEmplacement x="6" y="5" z="10"/>
      <TrileInstance trileId="112" orientation="2">
        <Position>
          <Vector3 x="5.75" y="5.25" z="9.5"/>
        </Position>
      </TrileInstance>
    </Entry>
    <Entry>
      <TrileEmplacement x="6" y="5" z="9"/>
      <TrileInstance trileId="112" orientation="2">
        <Position>
          <Vector3 x="5.75" y="5.25" z="8.5"/>
        </Position>
      </TrileInstance>
    </Entry>
    <Entry>
      <TrileEmplacement x="6" y="5" z="8"/>
      <TrileInstance trileId="112" orientation="2">
        <Position>
          <Vector3 x="5.75" y="5.25" z="7.5"/>
        </Position>
      </TrileInstance>
    </Entry>
    <Entry>
      <TrileEmplacement x="6" y="5" z="7"/>
      <TrileInstance trileId="112" orientation="2">
        <Position>
          <Vector3 x="5.75" y="5.25" z="6.5"/>
        </Position>
      </TrileInstance>
    </Entry>
    <Entry>
      <TrileEmplacement x="6" y="5" z="6"/>
      <TrileInstance trileId="112" orientation="2">
        <Position>
          <Vector3 x="5.75" y="5.25" z="5.5"/>
        </Position>
      </TrileInstance>
    </Entry>
    <Entry>
      <TrileEmplacement x="7" y="5" z="6"/>
      <TrileInstance trileId="112" orientation="2">
        <Position>
          <Vector3 x="6.75" y="5.25" z="5.5"/>
        </Position>
      </TrileInstance>
    </Entry>
    <Entry>
      <TrileEmplacement x="8" y="5" z="6"/>
      <TrileInstance trileId="112" orientation="2">
        <Position>
          <Vector3 x="7.75" y="5.25" z="5.5"/>
        </Position>
      </TrileInstance>
    </Entry>
    <Entry>
      <TrileEmplacement x="9" y="5" z="6"/>
      <TrileInstance trileId="112" orientation="2">
        <Position>
          <Vector3 x="8.75" y="5.25" z="5.5"/>
        </Position>
      </TrileInstance>
    </Entry>
    <Entry>
      <TrileEmplacement x="10" y="5" z="6"/>
      <TrileInstance trileId="112" orientation="2">
        <Position>
          <Vector3 x="9.75" y="5.25" z="5.5"/>
        </Position>
      </TrileInstance>
    </Entry>
    <Entry>
      <TrileEmplacement x="10" y="5" z="7"/>
      <TrileInstance trileId="112" orientation="2">
        <Position>
          <Vector3 x="9.75" y="5.25" z="6.5"/>
        </Position>
      </TrileInstance>
    </Entry>
    <Entry>
      <TrileEmplacement x="10" y="5" z="8"/>
      <TrileInstance trileId="112" orientation="2">
        <Position>
          <Vector3 x="9.75" y="5.25" z="7.5"/>
        </Position>
      </TrileInstance>
    </Entry>
    <Entry>
      <TrileEmplacement x="10" y="5" z="9"/>
      <TrileInstance trileId="112" orientation="2">
        <Position>
          <Vector3 x="9.75" y="5.25" z="8.5"/>
        </Position>
      </TrileInstance>
    </Entry>
    <Entry>
      <TrileEmplacement x="10" y="5" z="10"/>
      <TrileInstance trileId="112" orientation="2">
        <Position>
          <Vector3 x="9.75" y="5.25" z="9.5"/>
        </Position>
      </TrileInstance>
    </Entry>
    <Entry>
      <TrileEmplacement x="9" y="5" z="10"/>
      <TrileInstance trileId="112" orientation="2">
        <Position>
          <Vector3 x="8.75" y="5.25" z="9.5"/>
        </Position>
      </TrileInstance>
    </Entry>
    <Entry>
      <TrileEmplacement x="8" y="5" z="10"/>
      <TrileInstance trileId="112" orientation="2">
        <Position>
          <Vector3 x="7.75" y="5.25" z="9.5"/>
        </Position>
      </TrileInstance>
    </Entry>
    <Entry>
      <TrileEmplacement x="7" y="5" z="10"/>
      <TrileInstance trileId="112" orientation="2">
        <Position>
          <Vector3 x="6.75" y="5.25" z="9.5"/>
        </Position>
      </TrileInstance>
    </Entry>
  </Triles>
  <ArtObjects>
    <Entry key="0">
      <ArtObjectInstance name="WINDMILL_INT_AAO">
        <Position>
          <Vector3 x="8.0" y="9.375" z="8.0"/>
        </Position>
        <Rotation>
          <Quaternion x="0.0" y="0.0" z="0.0" w="1.0"/>
        </Rotation>
        <Scale>
          <Vector3 x="1.0" y="1.4375" z="1.0"/>
        </Scale>
        <ArtObjectActorSettings inactive="False" spinEvery="0.0" spinOffset="0.0" offCenter="False" timeswitchWindBackSpeed="0.0" containedTrile="None" attachedGroup="0" spinView="None">
          <RotationCenter>
            <Vector3 x="0.0" y="0.0" z="0.0"/>
          </RotationCenter>
        </ArtObjectActorSettings>
      </ArtObjectInstance>
    </Entry>
    <Entry key="1">
      <ArtObjectInstance name="WINDMILL_INT_BAO">
        <Position>
          <Vector3 x="8.0" y="4.5" z="8.0"/>
        </Position>
        <Rotation>
          <Quaternion x="0.0" y="0.0" z="0.0" w="1.0"/>
        </Rotation>
        <Scale>
          <Vector3 x="1.0" y="1.0" z="1.0"/>
        </Scale>
        <ArtObjectActorSettings inactive="False" spinEvery="0.0" spinOffset="0.0" offCenter="False" timeswitchWindBackSpeed="0.0" containedTrile="None" spinView="None">
          <RotationCenter>
            <Vector3 x="0.0" y="0.0" z="0.0"/>
          </RotationCenter>
        </ArtObjectActorSettings>
      </ArtObjectInstance>
    </Entry>
    <Entry key="2">
      <ArtObjectInstance name="WINDMILL_INT_CAO">
        <Position>
          <Vector3 x="8.0" y="4.0" z="8.0"/>
        </Position>
        <Rotation>
          <Quaternion x="0.0" y="0.707107007504" z="0.0" w="-0.707107007504"/>
        </Rotation>
        <Scale>
          <Vector3 x="1.0" y="1.0" z="1.0"/>
        </Scale>
        <ArtObjectActorSettings inactive="False" spinEvery="0.0" spinOffset="0.0" offCenter="False" timeswitchWindBackSpeed="0.0" containedTrile="None" attachedGroup="0" spinView="None">
          <RotationCenter>
            <Vector3 x="0.0" y="0.0" z="0.0"/>
          </RotationCenter>
        </ArtObjectActorSettings>
      </ArtObjectInstance>
    </Entry>
    <Entry key="3">
      <ArtObjectInstance name="WINDMILL_INT_DAO">
        <Position>
          <Vector3 x="8.0" y="4.0" z="8.0"/>
        </Position>
        <Rotation>
          <Quaternion x="0.0" y="0.0" z="0.0" w="1.0"/>
        </Rotation>
        <Scale>
          <Vector3 x="1.0" y="1.0" z="1.0"/>
        </Scale>
        <ArtObjectActorSettings inactive="False" spinEvery="0.0" spinOffset="0.0" offCenter="False" timeswitchWindBackSpeed="0.0" containedTrile="None" spinView="None">
          <RotationCenter>
            <Vector3 x="0.0" y="0.0" z="0.0"/>
          </RotationCenter>
        </ArtObjectActorSettings>
      </ArtObjectInstance>
    </Entry>
  </ArtObjects>
  <BackgroundPlanes>
    <Entry key="0">
      <BackgroundPlane textureName="WINDMILL_INT_WALL_A" lightMap="False" allowOverbrightness="False" animated="False" doubleSided="False" opacity="1.0" billboard="False" syncWithSamples="False" crosshatch="False" unknown="False" alwaysOnTop="False" fullbright="False" pixelatedLightmap="False" xTextureRepeat="False" yTextureRepeat="False" clampTexture="False" parallaxFactor="0.0" filter="#FFFFFFFF" actorType="None">
        <Position>
          <Vector3 x="8.0" y="7.0" z="13.0"/>
        </Position>
        <Rotation>
          <Quaternion x="0.0" y="1.0" z="0.0" w="0.0"/>
        </Rotation>
        <Scale>
          <Vector3 x="1.0" y="1.0" z="1.0"/>
        </Scale>
      </BackgroundPlane>
    </Entry>
    <Entry key="4">
      <BackgroundPlane textureName="WINDMILL_INT_WALL_B" lightMap="False" allowOverbrightness="False" animated="False" doubleSided="False" opacity="1.0" billboard="False" syncWithSamples="False" crosshatch="False" unknown="False" alwaysOnTop="False" fullbright="False" pixelatedLightmap="False" xTextureRepeat="False" yTextureRepeat="False" clampTexture="False" parallaxFactor="0.0" filter="#FFFFFFFF" actorType="None">
        <Position>
          <Vector3 x="3.0" y="7.0" z="8.0"/>
        </Position>
        <Rotation>
          <Quaternion x="0.0" y="0.707107007504" z="0.0" w="0.707107007504"/>
        </Rotation>
        <Scale>
          <Vector3 x="1.0" y="1.0" z="1.0"/>
        </Scale>
      </BackgroundPlane>
    </Entry>
    <Entry key="2">
      <BackgroundPlane textureName="WINDMILL_INT_WALL_A" lightMap="False" allowOverbrightness="False" animated="False" doubleSided="False" opacity="1.0" billboard="False" syncWithSamples="False" crosshatch="False" unknown="False" alwaysOnTop="False" fullbright="False" pixelatedLightmap="False" xTextureRepeat="False" yTextureRepeat="False" clampTexture="False" parallaxFactor="0.0" filter="#FFFFFFFF" actorType="None">
        <Position>
          <Vector3 x="8.0" y="7.0" z="3.0"/>
        </Position>
        <Rotation>
          <Quaternion x="0.0" y="0.0" z="0.0" w="-1.0"/>
        </Rotation>
        <Scale>
          <Vector3 x="1.0" y="1.0" z="1.0"/>
        </Scale>
      </BackgroundPlane>
    </Entry>
    <Entry key="3">
      <BackgroundPlane textureName="WINDMILL_INT_WALL_A" lightMap="False" allowOverbrightness="False" animated="False" doubleSided="False" opacity="1.0" billboard="False" syncWithSamples="False" crosshatch="False" unknown="False" alwaysOnTop="False" fullbright="False" pixelatedLightmap="False" xTextureRepeat="False" yTextureRepeat="False" clampTexture="False" parallaxFactor="0.0" filter="#FFFFFFFF" actorType="None">
        <Position>
          <Vector3 x="13.0" y="7.0" z="8.0"/>
        </Position>
        <Rotation>
          <Quaternion x="0.0" y="-0.707107007504" z="0.0" w="0.707107007504"/>
        </Rotation>
        <Scale>
          <Vector3 x="1.0" y="1.0" z="1.0"/>
        </Scale>
      </BackgroundPlane>
    </Entry>
    <Entry key="5">
      <BackgroundPlane textureName="COBWEB_A" lightMap="False" allowOverbrightness="False" animated="False" doubleSided="False" opacity="1.0" billboard="False" syncWithSamples="False" crosshatch="False" unknown="False" alwaysOnTop="False" fullbright="False" pixelatedLightmap="False" xTextureRepeat="False" yTextureRepeat="False" clampTexture="False" parallaxFactor="0.0" filter="#FFFFFFFF" actorType="None">
        <Position>
          <Vector3 x="4.0" y="11.0" z="3.0625"/>
        </Position>
        <Rotation>
          <Quaternion x="0.0" y="0.0" z="0.0" w="1.0"/>
        </Rotation>
        <Scale>
          <Vector3 x="1.0" y="1.0" z="1.0"/>
        </Scale>
      </BackgroundPlane>
    </Entry>
    <Entry key="6">
      <BackgroundPlane textureName="COBWEB_B" lightMap="False" allowOverbrightness="False" animated="False" doubleSided="False" opacity="1.0" billboard="False" syncWithSamples="False" crosshatch="False" unknown="False" alwaysOnTop="False" fullbright="False" pixelatedLightmap="False" xTextureRepeat="False" yTextureRepeat="False" clampTexture="False" parallaxFactor="0.0" filter="#FFFFFFFF" actorType="None">
        <Position>
          <Vector3 x="3.0625" y="11.0" z="4.0"/>
        </Position>
        <Rotation>
          <Quaternion x="0.0" y="0.707107007504" z="0.0" w="0.707107007504"/>
        </Rotation>
        <Scale>
          <Vector3 x="1.0" y="1.0" z="1.0"/>
        </Scale>
      </BackgroundPlane>
    </Entry>
  </BackgroundPlanes>
  <Groups>
    <Entry key="0">
      <TrileGroup heavy="False" geyserOffset="0.0" geyserPauseFor="0.0" geyserLiftFor="0.0" geyserApexHeight="0.0" spinClockwise="False" spinFrequency="2.0" spinNeedsTriggering="False" spin180Degrees="False" fallOnRotate="False" spinOffset="0.0" actorType="RotatingGroup" associatedSound="RotateRock">
        <Triles>
          <TrileInstance trileId="112" orientation="2">
            <Position>
              <Vector3 x="6.375" y="2.5" z="8.625"/>
            </Position>
          </TrileInstance>
          <TrileInstance trileId="112" orientation="2">
            <Position>
              <Vector3 x="6.375" y="2.5" z="7.5"/>
            </Position>
          </TrileInstance>
          <TrileInstance trileId="112" orientation="2">
            <Position>
              <Vector3 x="6.375" y="2.5" z="6.375"/>
            </Position>
          </TrileInstance>
          <TrileInstance trileId="112" orientation="2">
            <Position>
              <Vector3 x="7.5" y="2.5" z="6.375"/>
            </Position>
          </TrileInstance>
          <TrileInstance trileId="112" orientation="2">
            <Position>
              <Vector3 x="8.625" y="2.5" z="6.375"/>
            </Position>
          </TrileInstance>
          <TrileInstance trileId="112" orientation="2">
            <Position>
              <Vector3 x="8.625" y="2.5" z="7.5"/>
            </Position>
          </TrileInstance>
          <TrileInstance trileId="112" orientation="2">
            <Position>
              <Vector3 x="8.625" y="2.5" z="8.625"/>
            </Position>
          </TrileInstance>
          <TrileInstance trileId="112" orientation="2">
            <Position>
              <Vector3 x="8.5" y="3.5" z="8.625"/>
            </Position>
          </TrileInstance>
          <TrileInstance trileId="112" orientation="2">
            <Position>
              <Vector3 x="8.5" y="3.5" z="7.5"/>
            </Position>
          </TrileInstance>
          <TrileInstance trileId="112" orientation="2">
            <Position>
              <Vector3 x="8.5" y="3.5" z="6.5"/>
            </Position>
          </TrileInstance>
          <TrileInstance trileId="112" orientation="2">
            <Position>
              <Vector3 x="7.5" y="3.5" z="6.5"/>
            </Position>
          </TrileInstance>
          <TrileInstance trileId="112" orientation="2">
            <Position>
              <Vector3 x="6.5" y="3.5" z="8.625"/>
            </Position>
          </TrileInstance>
          <TrileInstance trileId="112" orientation="2">
            <Position>
              <Vector3 x="6.5" y="3.5" z="7.5"/>
            </Position>
          </TrileInstance>
          <TrileInstance trileId="112" orientation="2">
            <Position>
              <Vector3 x="6.5" y="3.5" z="6.5"/>
            </Position>
          </TrileInstance>
          <TrileInstance trileId="112" orientation="2">
            <Position>
              <Vector3 x="8.5" y="4.5" z="8.625"/>
            </Position>
          </TrileInstance>
          <TrileInstance trileId="112" orientation="2">
            <Position>
              <Vector3 x="8.5" y="4.5" z="7.5"/>
            </Position>
          </TrileInstance>
          <TrileInstance trileId="112" orientation="2">
            <Position>
              <Vector3 x="8.5" y="4.5" z="6.5"/>
            </Position>
          </TrileInstance>
          <TrileInstance trileId="112" orientation="2">
            <Position>
              <Vector3 x="7.5" y="4.5" z="6.5"/>
            </Position>
          </TrileInstance>
          <TrileInstance trileId="112" orientation="2">
            <Position>
              <Vector3 x="6.5" y="4.5" z="8.625"/>
            </Position>
          </TrileInstance>
          <TrileInstance trileId="112" orientation="2">
            <Position>
              <Vector3 x="6.5" y="4.5" z="7.5"/>
            </Position>
          </TrileInstance>
          <TrileInstance trileId="112" orientation="2">
            <Position>
              <Vector3 x="6.5" y="4.5" z="6.5"/>
            </Position>
          </TrileInstance>
          <TrileInstance trileId="112" orientation="2">
            <Position>
              <Vector3 x="7.5" y="4.5" z="8.5"/>
            </Position>
          </TrileInstance>
          <TrileInstance trileId="112" orientation="2">
            <Position>
              <Vector3 x="7.5" y="4.5" z="7.5"/>
            </Position>
          </TrileInstance>
        </Triles>
        <SpinCenter>
          <Vector3 x="8.0" y="5.0" z="8.0"/>
        </SpinCenter>
      </TrileGroup>
    </Entry>
  </Groups>
  <NonplayerCharacters>
    <Entry key="0">
      <NpcInstance name="Mouse" walkSpeed="2.0" randomizeSpeech="False" sayFirstSpeechLineOnce="False" avoidsGomez="True" actorType="None">
        <Position>
          <Vector3 x="3.5" y="2.0" z="7.9375"/>
        </Position>
        <DestinationOffset>
          <Vector3 x="4.125" y="0.0" z="4.6875"/>
        </DestinationOffset>
        <Speech/>
        <Actions>
          <Action key="Idle">
            <NpcActionContent animationName="Idle"/>
          </Action>
          <Action key="Turn">
            <NpcActionContent animationName="Turn"/>
          </Action>
          <Action key="Walk">
            <NpcActionContent animationName="Walk"/>
          </Action>
        </Actions>
      </NpcInstance>
    </Entry>
    <Entry key="1">
      <NpcInstance name="Mouse" walkSpeed="2.0" randomizeSpeech="False" sayFirstSpeechLineOnce="False" avoidsGomez="True" actorType="None">
        <Position>
          <Vector3 x="8.4375" y="2.0625" z="3.5"/>
        </Position>
        <DestinationOffset>
          <Vector3 x="3.8125" y="0.0" z="3.75"/>
        </DestinationOffset>
        <Speech/>
        <Actions>
          <Action key="Idle">
            <NpcActionContent animationName="Idle"/>
          </Action>
          <Action key="Turn">
            <NpcActionContent animationName="Turn"/>
          </Action>
          <Action key="Walk">
            <NpcActionContent animationName="Walk"/>
          </Action>
        </Actions>
      </NpcInstance>
    </Entry>
  </NonplayerCharacters>
  <Paths/>
  <MutedLoops>
    <Entry>Industrial ^ caves</Entry>
    <Entry>Industrial ^ hub_dawn</Entry>
    <Entry>Industrial ^ pivot2_dawn</Entry>
    <Entry>Industrial ^ pivot3_dawn</Entry>
    <Entry>Industrial ^ plates_dawn</Entry>
    <Entry>Industrial ^ rails_dawn</Entry>
    <Entry>Industrial ^ hub_dusk</Entry>
    <Entry>Industrial ^ pivot2_dusk</Entry>
    <Entry>Industrial ^ pivot3_dusk</Entry>
    <Entry>Industrial ^ plates_dusk</Entry>
    <Entry>Industrial ^ rails_dusk</Entry>
    <Entry>Industrial ^ hub_night</Entry>
    <Entry>Industrial ^ pivot2_night</Entry>
    <Entry>Industrial ^ pivot3_night</Entry>
    <Entry>Industrial ^ rails_night</Entry>
  </MutedLoops>
  <AmbienceTracks>
    <AmbienceTrack dawn="True" day="True" dusk="True" night="True" name="Ambience ^ wind_03"/>
    <AmbienceTrack dawn="True" day="True" dusk="True" night="True" name="Ambience ^ industry_outdoors"/>
  </AmbienceTracks>
</Level>
