<?xml version='1.0' encoding='UTF-8'?>
<AnimatedTexturePC width="32" height="32" actualWidth="10" actualHeight="5">
  <Frames>
    <FramePC duration="800000">
      <Rectangle x="0" y="0" w="10" h="5"/>
    </FramePC>
    <FramePC duration="800000">
      <Rectangle x="0" y="6" w="10" h="5"/>
    </FramePC>
    <FramePC duration="800000">
      <Rectangle x="11" y="0" w="10" h="5"/>
    </FramePC>
    <FramePC duration="800000">
      <Rectangle x="11" y="6" w="10" h="5"/>
    </FramePC>
    <FramePC duration="800000">
      <Rectangle x="0" y="12" w="10" h="5"/>
    </FramePC>
    <FramePC duration="800000">
      <Rectangle x="0" y="18" w="10" h="5"/>
    </FramePC>
  </Frames>
</AnimatedTexturePC>
