<?xml version='1.0' encoding='UTF-8'?>
<AnimatedTexturePC width="64" height="64" actualWidth="18" actualHeight="8">
  <Frames>
    <FramePC duration="700000">
      <Rectangle x="0" y="0" w="18" h="8"/>
    </FramePC>
    <FramePC duration="700000">
      <Rectangle x="0" y="9" w="18" h="8"/>
    </FramePC>
    <FramePC duration="700000">
      <Rectangle x="0" y="18" w="18" h="8"/>
    </FramePC>
    <FramePC duration="700000">
      <Rectangle x="19" y="0" w="18" h="8"/>
    </FramePC>
    <FramePC duration="700000">
      <Rectangle x="19" y="9" w="18" h="8"/>
    </FramePC>
    <FramePC duration="700000">
      <Rectangle x="19" y="18" w="18" h="8"/>
    </FramePC>
    <FramePC duration="700000">
      <Rectangle x="38" y="0" w="18" h="8"/>
    </FramePC>
    <FramePC duration="700000">
      <Rectangle x="38" y="9" w="18" h="8"/>
    </FramePC>
    <FramePC duration="700000">
      <Rectangle x="38" y="18" w="18" h="8"/>
    </FramePC>
    <FramePC duration="700000">
      <Rectangle x="0" y="27" w="18" h="8"/>
    </FramePC>
    <FramePC duration="700000">
      <Rectangle x="0" y="36" w="18" h="8"/>
    </FramePC>
    <FramePC duration="700000">
      <Rectangle x="0" y="45" w="18" h="8"/>
    </FramePC>
    <FramePC duration="700000">
      <Rectangle x="19" y="27" w="18" h="8"/>
    </FramePC>
    <FramePC duration="700000">
      <Rectangle x="0" y="54" w="18" h="8"/>
    </FramePC>
  </Frames>
</AnimatedTexturePC>
