<?xml version='1.0' encoding='UTF-8'?>
<AnimatedTexturePC width="64" height="32" actualWidth="18" actualHeight="7">
  <Frames>
    <FramePC duration="1500000">
      <Rectangle x="0" y="0" w="18" h="7"/>
    </FramePC>
    <FramePC duration="600000">
      <Rectangle x="0" y="8" w="18" h="7"/>
    </FramePC>
    <FramePC duration="600000">
      <Rectangle x="0" y="16" w="18" h="7"/>
    </FramePC>
    <FramePC duration="600000">
      <Rectangle x="19" y="0" w="18" h="7"/>
    </FramePC>
    <FramePC duration="600000">
      <Rectangle x="19" y="8" w="18" h="7"/>
    </FramePC>
    <FramePC duration="600000">
      <Rectangle x="19" y="16" w="18" h="7"/>
    </FramePC>
  </Frames>
</AnimatedTexturePC>
