<?xml version='1.0' encoding='UTF-8'?>
<AnimatedTexturePC width="64" height="32" actualWidth="16" actualHeight="11">
  <Frames>
    <FramePC duration="800000">
      <Rectangle x="0" y="0" w="16" h="11"/>
    </FramePC>
    <FramePC duration="800000">
      <Rectangle x="0" y="12" w="16" h="11"/>
    </FramePC>
    <FramePC duration="800000">
      <Rectangle x="17" y="0" w="16" h="11"/>
    </FramePC>
    <FramePC duration="800000">
      <Rectangle x="17" y="12" w="16" h="11"/>
    </FramePC>
    <FramePC duration="800000">
      <Rectangle x="34" y="0" w="16" h="11"/>
    </FramePC>
    <FramePC duration="800000">
      <Rectangle x="34" y="12" w="16" h="11"/>
    </FramePC>
  </Frames>
</AnimatedTexturePC>
