<?xml version='1.0' encoding='UTF-8'?>
<AnimatedTexturePC width="64" height="64" actualWidth="14" actualHeight="13">
  <Frames>
    <FramePC duration="1300000">
      <Rectangle x="0" y="0" w="14" h="13"/>
    </FramePC>
    <FramePC duration="1300000">
      <Rectangle x="15" y="0" w="14" h="13"/>
    </FramePC>
    <FramePC duration="1300000">
      <Rectangle x="0" y="14" w="14" h="13"/>
    </FramePC>
    <FramePC duration="1300000">
      <Rectangle x="15" y="14" w="14" h="13"/>
    </FramePC>
    <FramePC duration="1300000">
      <Rectangle x="30" y="0" w="14" h="13"/>
    </FramePC>
    <FramePC duration="1300000">
      <Rectangle x="30" y="14" w="14" h="13"/>
    </FramePC>
    <FramePC duration="1300000">
      <Rectangle x="45" y="0" w="14" h="13"/>
    </FramePC>
    <FramePC duration="1300000">
      <Rectangle x="45" y="14" w="14" h="13"/>
    </FramePC>
    <FramePC duration="1300000">
      <Rectangle x="0" y="28" w="14" h="13"/>
    </FramePC>
    <FramePC duration="1300000">
      <Rectangle x="0" y="42" w="14" h="13"/>
    </FramePC>
    <FramePC duration="1300000">
      <Rectangle x="15" y="28" w="14" h="13"/>
    </FramePC>
  </Frames>
</AnimatedTexturePC>
