<?xml version='1.0' encoding='UTF-8'?>
<AnimatedTexturePC width="64" height="64" actualWidth="12" actualHeight="22">
  <Frames>
    <FramePC duration="1500000">
      <Rectangle x="0" y="0" w="12" h="22"/>
    </FramePC>
    <FramePC duration="1500000">
      <Rectangle x="13" y="0" w="12" h="22"/>
    </FramePC>
    <FramePC duration="1500000">
      <Rectangle x="26" y="0" w="12" h="22"/>
    </FramePC>
    <FramePC duration="1500000">
      <Rectangle x="39" y="0" w="12" h="22"/>
    </FramePC>
    <FramePC duration="1500000">
      <Rectangle x="0" y="23" w="12" h="22"/>
    </FramePC>
    <FramePC duration="1500000">
      <Rectangle x="13" y="23" w="12" h="22"/>
    </FramePC>
  </Frames>
</AnimatedTexturePC>
