<?xml version='1.0' encoding='UTF-8'?>
<AnimatedTexturePC width="128" height="64" actualWidth="23" actualHeight="24">
  <Frames>
    <FramePC duration="1000000">
      <Rectangle x="0" y="0" w="23" h="24"/>
    </FramePC>
    <FramePC duration="1000000">
      <Rectangle x="24" y="0" w="23" h="24"/>
    </FramePC>
    <FramePC duration="1000000">
      <Rectangle x="0" y="25" w="23" h="24"/>
    </FramePC>
    <FramePC duration="1000000">
      <Rectangle x="24" y="25" w="23" h="24"/>
    </FramePC>
    <FramePC duration="1000000">
      <Rectangle x="48" y="0" w="23" h="24"/>
    </FramePC>
    <FramePC duration="1000000">
      <Rectangle x="72" y="0" w="23" h="24"/>
    </FramePC>
    <FramePC duration="1000000">
      <Rectangle x="48" y="25" w="23" h="24"/>
    </FramePC>
  </Frames>
</AnimatedTexturePC>
