<?xml version='1.0' encoding='UTF-8'?>
<AnimatedTexturePC width="64" height="64" actualWidth="16" actualHeight="19">
  <Frames>
    <FramePC duration="1000000">
      <Rectangle x="0" y="0" w="16" h="19"/>
    </FramePC>
    <FramePC duration="1000000">
      <Rectangle x="17" y="0" w="16" h="19"/>
    </FramePC>
    <FramePC duration="1000000">
      <Rectangle x="34" y="0" w="16" h="19"/>
    </FramePC>
    <FramePC duration="1000000">
      <Rectangle x="0" y="20" w="16" h="19"/>
    </FramePC>
    <FramePC duration="1000000">
      <Rectangle x="17" y="20" w="16" h="19"/>
    </FramePC>
    <FramePC duration="1000000">
      <Rectangle x="0" y="40" w="16" h="19"/>
    </FramePC>
  </Frames>
</AnimatedTexturePC>
