<?xml version='1.0' encoding='UTF-8'?>
<AnimatedTexturePC width="128" height="64" actualWidth="21" actualHeight="30">
  <Frames>
    <FramePC duration="1500000">
      <Rectangle x="0" y="0" w="21" h="30"/>
    </FramePC>
    <FramePC duration="1500000">
      <Rectangle x="22" y="0" w="21" h="30"/>
    </FramePC>
    <FramePC duration="600000">
      <Rectangle x="0" y="31" w="21" h="30"/>
    </FramePC>
    <FramePC duration="1100000">
      <Rectangle x="22" y="31" w="21" h="30"/>
    </FramePC>
    <FramePC duration="1100000">
      <Rectangle x="44" y="0" w="21" h="30"/>
    </FramePC>
    <FramePC duration="1100000">
      <Rectangle x="66" y="0" w="21" h="30"/>
    </FramePC>
    <FramePC duration="800000">
      <Rectangle x="44" y="31" w="21" h="30"/>
    </FramePC>
    <FramePC duration="800000">
      <Rectangle x="88" y="0" w="21" h="30"/>
    </FramePC>
  </Frames>
</AnimatedTexturePC>
