<?xml version='1.0' encoding='UTF-8'?>
<AnimatedTexturePC width="64" height="64" actualWidth="20" actualHeight="23">
  <Frames>
    <FramePC duration="1000000">
      <Rectangle x="0" y="0" w="20" h="23"/>
    </FramePC>
    <FramePC duration="800000">
      <Rectangle x="21" y="0" w="20" h="23"/>
    </FramePC>
    <FramePC duration="1600000">
      <Rectangle x="42" y="0" w="20" h="23"/>
    </FramePC>
    <FramePC duration="2300000">
      <Rectangle x="0" y="24" w="20" h="23"/>
    </FramePC>
  </Frames>
</AnimatedTexturePC>
