<?xml version='1.0' encoding='UTF-8'?>
<AnimatedTexturePC width="128" height="128" actualWidth="13" actualHeight="40">
  <Frames>
    <FramePC duration="1000000">
      <Rectangle x="0" y="0" w="13" h="40"/>
    </FramePC>
    <FramePC duration="1000000">
      <Rectangle x="14" y="0" w="13" h="40"/>
    </FramePC>
    <FramePC duration="1000000">
      <Rectangle x="28" y="0" w="13" h="40"/>
    </FramePC>
    <FramePC duration="1000000">
      <Rectangle x="42" y="0" w="13" h="40"/>
    </FramePC>
    <FramePC duration="1000000">
      <Rectangle x="56" y="0" w="13" h="40"/>
    </FramePC>
    <FramePC duration="1000000">
      <Rectangle x="70" y="0" w="13" h="40"/>
    </FramePC>
    <FramePC duration="1000000">
      <Rectangle x="84" y="0" w="13" h="40"/>
    </FramePC>
    <FramePC duration="1000000">
      <Rectangle x="98" y="0" w="13" h="40"/>
    </FramePC>
    <FramePC duration="1000000">
      <Rectangle x="112" y="0" w="13" h="40"/>
    </FramePC>
    <FramePC duration="1000000">
      <Rectangle x="0" y="41" w="13" h="40"/>
    </FramePC>
    <FramePC duration="1000000">
      <Rectangle x="14" y="41" w="13" h="40"/>
    </FramePC>
    <FramePC duration="1000000">
      <Rectangle x="28" y="41" w="13" h="40"/>
    </FramePC>
    <FramePC duration="1000000">
      <Rectangle x="0" y="82" w="13" h="40"/>
    </FramePC>
    <FramePC duration="1000000">
      <Rectangle x="42" y="41" w="13" h="40"/>
    </FramePC>
    <FramePC duration="1000000">
      <Rectangle x="14" y="82" w="13" h="40"/>
    </FramePC>
    <FramePC duration="1000000">
      <Rectangle x="56" y="41" w="13" h="40"/>
    </FramePC>
    <FramePC duration="1000000">
      <Rectangle x="28" y="82" w="13" h="40"/>
    </FramePC>
    <FramePC duration="1000000">
      <Rectangle x="70" y="41" w="13" h="40"/>
    </FramePC>
    <FramePC duration="1000000">
      <Rectangle x="42" y="82" w="13" h="40"/>
    </FramePC>
    <FramePC duration="1000000">
      <Rectangle x="84" y="41" w="13" h="40"/>
    </FramePC>
    <FramePC duration="1000000">
      <Rectangle x="56" y="82" w="13" h="40"/>
    </FramePC>
    <FramePC duration="1000000">
      <Rectangle x="98" y="41" w="13" h="40"/>
    </FramePC>
    <FramePC duration="1000000">
      <Rectangle x="70" y="82" w="13" h="40"/>
    </FramePC>
    <FramePC duration="1000000">
      <Rectangle x="112" y="41" w="13" h="40"/>
    </FramePC>
    <FramePC duration="1000000">
      <Rectangle x="84" y="82" w="13" h="40"/>
    </FramePC>
    <FramePC duration="1000000">
      <Rectangle x="98" y="82" w="13" h="40"/>
    </FramePC>
  </Frames>
</AnimatedTexturePC>
