<?xml version='1.0' encoding='UTF-8'?>
<AnimatedTexturePC width="64" height="64" actualWidth="21" actualHeight="20">
  <Frames>
    <FramePC duration="1000000">
      <Rectangle x="0" y="0" w="21" h="20"/>
    </FramePC>
    <FramePC duration="1000000">
      <Rectangle x="22" y="0" w="21" h="20"/>
    </FramePC>
    <FramePC duration="1000000">
      <Rectangle x="0" y="21" w="21" h="20"/>
    </FramePC>
    <FramePC duration="1000000">
      <Rectangle x="0" y="42" w="21" h="20"/>
    </FramePC>
    <FramePC duration="1000000">
      <Rectangle x="22" y="21" w="21" h="20"/>
    </FramePC>
    <FramePC duration="1000000">
      <Rectangle x="22" y="42" w="21" h="20"/>
    </FramePC>
  </Frames>
</AnimatedTexturePC>
