<?xml version='1.0' encoding='UTF-8'?>
<AnimatedTexturePC width="128" height="128" actualWidth="16" actualHeight="23">
  <Frames>
    <FramePC duration="900000">
      <Rectangle x="0" y="0" w="16" h="23"/>
    </FramePC>
    <FramePC duration="900000">
      <Rectangle x="17" y="0" w="16" h="23"/>
    </FramePC>
    <FramePC duration="900000">
      <Rectangle x="34" y="0" w="16" h="23"/>
    </FramePC>
    <FramePC duration="900000">
      <Rectangle x="0" y="24" w="16" h="23"/>
    </FramePC>
    <FramePC duration="900000">
      <Rectangle x="17" y="24" w="16" h="23"/>
    </FramePC>
    <FramePC duration="900000">
      <Rectangle x="34" y="24" w="16" h="23"/>
    </FramePC>
    <FramePC duration="900000">
      <Rectangle x="51" y="0" w="16" h="23"/>
    </FramePC>
    <FramePC duration="900000">
      <Rectangle x="68" y="0" w="16" h="23"/>
    </FramePC>
    <FramePC duration="900000">
      <Rectangle x="51" y="24" w="16" h="23"/>
    </FramePC>
    <FramePC duration="900000">
      <Rectangle x="85" y="0" w="16" h="23"/>
    </FramePC>
    <FramePC duration="900000">
      <Rectangle x="68" y="24" w="16" h="23"/>
    </FramePC>
    <FramePC duration="900000">
      <Rectangle x="102" y="0" w="16" h="23"/>
    </FramePC>
    <FramePC duration="900000">
      <Rectangle x="85" y="24" w="16" h="23"/>
    </FramePC>
    <FramePC duration="900000">
      <Rectangle x="102" y="24" w="16" h="23"/>
    </FramePC>
    <FramePC duration="900000">
      <Rectangle x="0" y="48" w="16" h="23"/>
    </FramePC>
    <FramePC duration="900000">
      <Rectangle x="17" y="48" w="16" h="23"/>
    </FramePC>
    <FramePC duration="900000">
      <Rectangle x="0" y="72" w="16" h="23"/>
    </FramePC>
    <FramePC duration="900000">
      <Rectangle x="34" y="48" w="16" h="23"/>
    </FramePC>
    <FramePC duration="900000">
      <Rectangle x="17" y="72" w="16" h="23"/>
    </FramePC>
    <FramePC duration="900000">
      <Rectangle x="0" y="96" w="16" h="23"/>
    </FramePC>
    <FramePC duration="900000">
      <Rectangle x="51" y="48" w="16" h="23"/>
    </FramePC>
    <FramePC duration="900000">
      <Rectangle x="34" y="72" w="16" h="23"/>
    </FramePC>
    <FramePC duration="900000">
      <Rectangle x="17" y="96" w="16" h="23"/>
    </FramePC>
    <FramePC duration="900000">
      <Rectangle x="68" y="48" w="16" h="23"/>
    </FramePC>
    <FramePC duration="900000">
      <Rectangle x="51" y="72" w="16" h="23"/>
    </FramePC>
    <FramePC duration="900000">
      <Rectangle x="34" y="96" w="16" h="23"/>
    </FramePC>
    <FramePC duration="900000">
      <Rectangle x="85" y="48" w="16" h="23"/>
    </FramePC>
    <FramePC duration="900000">
      <Rectangle x="68" y="72" w="16" h="23"/>
    </FramePC>
    <FramePC duration="900000">
      <Rectangle x="51" y="96" w="16" h="23"/>
    </FramePC>
    <FramePC duration="900000">
      <Rectangle x="102" y="48" w="16" h="23"/>
    </FramePC>
    <FramePC duration="900000">
      <Rectangle x="85" y="72" w="16" h="23"/>
    </FramePC>
    <FramePC duration="900000">
      <Rectangle x="68" y="96" w="16" h="23"/>
    </FramePC>
    <FramePC duration="900000">
      <Rectangle x="102" y="72" w="16" h="23"/>
    </FramePC>
    <FramePC duration="900000">
      <Rectangle x="85" y="96" w="16" h="23"/>
    </FramePC>
    <FramePC duration="900000">
      <Rectangle x="102" y="96" w="16" h="23"/>
    </FramePC>
  </Frames>
</AnimatedTexturePC>
