<?xml version='1.0' encoding='UTF-8'?>
<AnimatedTexturePC width="256" height="128" actualWidth="19" actualHeight="20">
  <Frames>
    <FramePC duration="1200000">
      <Rectangle x="0" y="0" w="19" h="20"/>
    </FramePC>
    <FramePC duration="1200000">
      <Rectangle x="20" y="0" w="19" h="20"/>
    </FramePC>
    <FramePC duration="1200000">
      <Rectangle x="40" y="0" w="19" h="20"/>
    </FramePC>
    <FramePC duration="1200000">
      <Rectangle x="0" y="21" w="19" h="20"/>
    </FramePC>
    <FramePC duration="1200000">
      <Rectangle x="20" y="21" w="19" h="20"/>
    </FramePC>
    <FramePC duration="1200000">
      <Rectangle x="0" y="42" w="19" h="20"/>
    </FramePC>
    <FramePC duration="1200000">
      <Rectangle x="40" y="21" w="19" h="20"/>
    </FramePC>
    <FramePC duration="1200000">
      <Rectangle x="20" y="42" w="19" h="20"/>
    </FramePC>
    <FramePC duration="1200000">
      <Rectangle x="40" y="42" w="19" h="20"/>
    </FramePC>
    <FramePC duration="1600000">
      <Rectangle x="60" y="0" w="19" h="20"/>
    </FramePC>
    <FramePC duration="1600000">
      <Rectangle x="80" y="0" w="19" h="20"/>
    </FramePC>
    <FramePC duration="1600000">
      <Rectangle x="60" y="21" w="19" h="20"/>
    </FramePC>
    <FramePC duration="1600000">
      <Rectangle x="100" y="0" w="19" h="20"/>
    </FramePC>
    <FramePC duration="1600000">
      <Rectangle x="80" y="21" w="19" h="20"/>
    </FramePC>
    <FramePC duration="1600000">
      <Rectangle x="60" y="42" w="19" h="20"/>
    </FramePC>
    <FramePC duration="1600000">
      <Rectangle x="100" y="21" w="19" h="20"/>
    </FramePC>
    <FramePC duration="1600000">
      <Rectangle x="80" y="42" w="19" h="20"/>
    </FramePC>
    <FramePC duration="1600000">
      <Rectangle x="100" y="42" w="19" h="20"/>
    </FramePC>
    <FramePC duration="1600000">
      <Rectangle x="0" y="63" w="19" h="20"/>
    </FramePC>
    <FramePC duration="1600000">
      <Rectangle x="20" y="63" w="19" h="20"/>
    </FramePC>
    <FramePC duration="1600000">
      <Rectangle x="0" y="84" w="19" h="20"/>
    </FramePC>
    <FramePC duration="1600000">
      <Rectangle x="40" y="63" w="19" h="20"/>
    </FramePC>
    <FramePC duration="1600000">
      <Rectangle x="20" y="84" w="19" h="20"/>
    </FramePC>
    <FramePC duration="1600000">
      <Rectangle x="0" y="105" w="19" h="20"/>
    </FramePC>
    <FramePC duration="1600000">
      <Rectangle x="60" y="63" w="19" h="20"/>
    </FramePC>
    <FramePC duration="1600000">
      <Rectangle x="40" y="84" w="19" h="20"/>
    </FramePC>
    <FramePC duration="1600000">
      <Rectangle x="20" y="105" w="19" h="20"/>
    </FramePC>
    <FramePC duration="1600000">
      <Rectangle x="80" y="63" w="19" h="20"/>
    </FramePC>
    <FramePC duration="1600000">
      <Rectangle x="60" y="84" w="19" h="20"/>
    </FramePC>
    <FramePC duration="1600000">
      <Rectangle x="40" y="105" w="19" h="20"/>
    </FramePC>
    <FramePC duration="1600000">
      <Rectangle x="100" y="63" w="19" h="20"/>
    </FramePC>
    <FramePC duration="1600000">
      <Rectangle x="80" y="84" w="19" h="20"/>
    </FramePC>
    <FramePC duration="1600000">
      <Rectangle x="60" y="105" w="19" h="20"/>
    </FramePC>
    <FramePC duration="1600000">
      <Rectangle x="100" y="84" w="19" h="20"/>
    </FramePC>
    <FramePC duration="1600000">
      <Rectangle x="80" y="105" w="19" h="20"/>
    </FramePC>
    <FramePC duration="1600000">
      <Rectangle x="100" y="105" w="19" h="20"/>
    </FramePC>
    <FramePC duration="1600000">
      <Rectangle x="120" y="0" w="19" h="20"/>
    </FramePC>
    <FramePC duration="1600000">
      <Rectangle x="140" y="0" w="19" h="20"/>
    </FramePC>
    <FramePC duration="1600000">
      <Rectangle x="120" y="21" w="19" h="20"/>
    </FramePC>
    <FramePC duration="1600000">
      <Rectangle x="160" y="0" w="19" h="20"/>
    </FramePC>
    <FramePC duration="1600000">
      <Rectangle x="140" y="21" w="19" h="20"/>
    </FramePC>
    <FramePC duration="1600000">
      <Rectangle x="120" y="42" w="19" h="20"/>
    </FramePC>
    <FramePC duration="1600000">
      <Rectangle x="180" y="0" w="19" h="20"/>
    </FramePC>
    <FramePC duration="1600000">
      <Rectangle x="160" y="21" w="19" h="20"/>
    </FramePC>
    <FramePC duration="1600000">
      <Rectangle x="140" y="42" w="19" h="20"/>
    </FramePC>
    <FramePC duration="1600000">
      <Rectangle x="120" y="63" w="19" h="20"/>
    </FramePC>
    <FramePC duration="1600000">
      <Rectangle x="200" y="0" w="19" h="20"/>
    </FramePC>
    <FramePC duration="1600000">
      <Rectangle x="180" y="21" w="19" h="20"/>
    </FramePC>
    <FramePC duration="1600000">
      <Rectangle x="160" y="42" w="19" h="20"/>
    </FramePC>
    <FramePC duration="1600000">
      <Rectangle x="140" y="63" w="19" h="20"/>
    </FramePC>
    <FramePC duration="1600000">
      <Rectangle x="120" y="84" w="19" h="20"/>
    </FramePC>
    <FramePC duration="1600000">
      <Rectangle x="220" y="0" w="19" h="20"/>
    </FramePC>
    <FramePC duration="1200000">
      <Rectangle x="200" y="21" w="19" h="20"/>
    </FramePC>
    <FramePC duration="1200000">
      <Rectangle x="180" y="42" w="19" h="20"/>
    </FramePC>
    <FramePC duration="1200000">
      <Rectangle x="160" y="63" w="19" h="20"/>
    </FramePC>
    <FramePC duration="1200000">
      <Rectangle x="140" y="84" w="19" h="20"/>
    </FramePC>
    <FramePC duration="1200000">
      <Rectangle x="120" y="105" w="19" h="20"/>
    </FramePC>
    <FramePC duration="1200000">
      <Rectangle x="220" y="21" w="19" h="20"/>
    </FramePC>
    <FramePC duration="1200000">
      <Rectangle x="200" y="42" w="19" h="20"/>
    </FramePC>
    <FramePC duration="1200000">
      <Rectangle x="180" y="63" w="19" h="20"/>
    </FramePC>
  </Frames>
</AnimatedTexturePC>
