<?xml version='1.0' encoding='UTF-8'?>
<AnimatedTexturePC width="64" height="64" actualWidth="15" actualHeight="22">
  <Frames>
    <FramePC duration="800000">
      <Rectangle x="0" y="0" w="15" h="22"/>
    </FramePC>
    <FramePC duration="800000">
      <Rectangle x="16" y="0" w="15" h="22"/>
    </FramePC>
    <FramePC duration="800000">
      <Rectangle x="32" y="0" w="15" h="22"/>
    </FramePC>
    <FramePC duration="800000">
      <Rectangle x="48" y="0" w="15" h="22"/>
    </FramePC>
    <FramePC duration="800000">
      <Rectangle x="0" y="23" w="15" h="22"/>
    </FramePC>
  </Frames>
</AnimatedTexturePC>
