<?xml version='1.0' encoding='UTF-8'?>
<AnimatedTexturePC width="64" height="32" actualWidth="14" actualHeight="22">
  <Frames>
    <FramePC duration="800000">
      <Rectangle x="0" y="0" w="14" h="22"/>
    </FramePC>
    <FramePC duration="800000">
      <Rectangle x="15" y="0" w="14" h="22"/>
    </FramePC>
    <FramePC duration="800000">
      <Rectangle x="30" y="0" w="14" h="22"/>
    </FramePC>
    <FramePC duration="800000">
      <Rectangle x="45" y="0" w="14" h="22"/>
    </FramePC>
  </Frames>
</AnimatedTexturePC>
