<?xml version='1.0' encoding='UTF-8'?>
<AnimatedTexturePC width="64" height="64" actualWidth="14" actualHeight="28">
  <Frames>
    <FramePC duration="600000">
      <Rectangle x="0" y="0" w="14" h="28"/>
    </FramePC>
    <FramePC duration="1000000">
      <Rectangle x="15" y="0" w="14" h="28"/>
    </FramePC>
    <FramePC duration="1000000">
      <Rectangle x="30" y="0" w="14" h="28"/>
    </FramePC>
    <FramePC duration="1000000">
      <Rectangle x="45" y="0" w="14" h="28"/>
    </FramePC>
    <FramePC duration="1000000">
      <Rectangle x="0" y="29" w="14" h="28"/>
    </FramePC>
    <FramePC duration="1000000">
      <Rectangle x="15" y="29" w="14" h="28"/>
    </FramePC>
    <FramePC duration="1000000">
      <Rectangle x="30" y="29" w="14" h="28"/>
    </FramePC>
  </Frames>
</AnimatedTexturePC>
