<?xml version='1.0' encoding='UTF-8'?>
<AnimatedTexturePC width="64" height="64" actualWidth="15" actualHeight="25">
  <Frames>
    <FramePC duration="1000000">
      <Rectangle x="0" y="0" w="15" h="25"/>
    </FramePC>
    <FramePC duration="1000000">
      <Rectangle x="16" y="0" w="15" h="25"/>
    </FramePC>
    <FramePC duration="1000000">
      <Rectangle x="32" y="0" w="15" h="25"/>
    </FramePC>
    <FramePC duration="1000000">
      <Rectangle x="48" y="0" w="15" h="25"/>
    </FramePC>
    <FramePC duration="1000000">
      <Rectangle x="0" y="26" w="15" h="25"/>
    </FramePC>
    <FramePC duration="1000000">
      <Rectangle x="16" y="26" w="15" h="25"/>
    </FramePC>
    <FramePC duration="600000">
      <Rectangle x="32" y="26" w="15" h="25"/>
    </FramePC>
  </Frames>
</AnimatedTexturePC>
