<?xml version='1.0' encoding='UTF-8'?>
<AnimatedTexturePC width="64" height="32" actualWidth="15" actualHeight="26">
  <Frames>
    <FramePC duration="1000000">
      <Rectangle x="0" y="0" w="15" h="26"/>
    </FramePC>
    <FramePC duration="1000000">
      <Rectangle x="16" y="0" w="15" h="26"/>
    </FramePC>
    <FramePC duration="1000000">
      <Rectangle x="32" y="0" w="15" h="26"/>
    </FramePC>
    <FramePC duration="1000000">
      <Rectangle x="48" y="0" w="15" h="26"/>
    </FramePC>
  </Frames>
</AnimatedTexturePC>
