<?xml version='1.0' encoding='UTF-8'?>
<AnimatedTexturePC width="128" height="32" actualWidth="15" actualHeight="32">
  <Frames>
    <FramePC duration="800000">
      <Rectangle x="0" y="0" w="15" h="32"/>
    </FramePC>
    <FramePC duration="800000">
      <Rectangle x="16" y="0" w="15" h="32"/>
    </FramePC>
    <FramePC duration="800000">
      <Rectangle x="32" y="0" w="15" h="32"/>
    </FramePC>
    <FramePC duration="800000">
      <Rectangle x="48" y="0" w="15" h="32"/>
    </FramePC>
    <FramePC duration="800000">
      <Rectangle x="64" y="0" w="15" h="32"/>
    </FramePC>
    <FramePC duration="800000">
      <Rectangle x="80" y="0" w="15" h="32"/>
    </FramePC>
    <FramePC duration="800000">
      <Rectangle x="96" y="0" w="15" h="32"/>
    </FramePC>
  </Frames>
</AnimatedTexturePC>
