<?xml version='1.0' encoding='UTF-8'?>
<AnimatedTexturePC width="128" height="64" actualWidth="22" actualHeight="20">
  <Frames>
    <FramePC duration="1000000">
      <Rectangle x="0" y="0" w="22" h="20"/>
    </FramePC>
    <FramePC duration="1000000">
      <Rectangle x="23" y="0" w="22" h="20"/>
    </FramePC>
    <FramePC duration="1000000">
      <Rectangle x="0" y="21" w="22" h="20"/>
    </FramePC>
    <FramePC duration="1000000">
      <Rectangle x="0" y="42" w="22" h="20"/>
    </FramePC>
    <FramePC duration="1000000">
      <Rectangle x="23" y="21" w="22" h="20"/>
    </FramePC>
    <FramePC duration="1000000">
      <Rectangle x="23" y="42" w="22" h="20"/>
    </FramePC>
    <FramePC duration="1000000">
      <Rectangle x="46" y="0" w="22" h="20"/>
    </FramePC>
    <FramePC duration="1000000">
      <Rectangle x="46" y="21" w="22" h="20"/>
    </FramePC>
    <FramePC duration="1000000">
      <Rectangle x="69" y="0" w="22" h="20"/>
    </FramePC>
    <FramePC duration="1000000">
      <Rectangle x="46" y="42" w="22" h="20"/>
    </FramePC>
    <FramePC duration="1000000">
      <Rectangle x="69" y="21" w="22" h="20"/>
    </FramePC>
    <FramePC duration="1000000">
      <Rectangle x="92" y="0" w="22" h="20"/>
    </FramePC>
  </Frames>
</AnimatedTexturePC>
