<?xml version='1.0' encoding='UTF-8'?>
<AnimatedTexturePC width="128" height="128" actualWidth="15" actualHeight="20">
  <Frames>
    <FramePC duration="1000000">
      <Rectangle x="0" y="0" w="15" h="20"/>
    </FramePC>
    <FramePC duration="1000000">
      <Rectangle x="16" y="0" w="15" h="20"/>
    </FramePC>
    <FramePC duration="1000000">
      <Rectangle x="32" y="0" w="15" h="20"/>
    </FramePC>
    <FramePC duration="1000000">
      <Rectangle x="48" y="0" w="15" h="20"/>
    </FramePC>
    <FramePC duration="1000000">
      <Rectangle x="0" y="21" w="15" h="20"/>
    </FramePC>
    <FramePC duration="1000000">
      <Rectangle x="16" y="21" w="15" h="20"/>
    </FramePC>
    <FramePC duration="1000000">
      <Rectangle x="0" y="42" w="15" h="20"/>
    </FramePC>
    <FramePC duration="1000000">
      <Rectangle x="32" y="21" w="15" h="20"/>
    </FramePC>
    <FramePC duration="1000000">
      <Rectangle x="16" y="42" w="15" h="20"/>
    </FramePC>
    <FramePC duration="1000000">
      <Rectangle x="48" y="21" w="15" h="20"/>
    </FramePC>
    <FramePC duration="1000000">
      <Rectangle x="32" y="42" w="15" h="20"/>
    </FramePC>
    <FramePC duration="1000000">
      <Rectangle x="48" y="42" w="15" h="20"/>
    </FramePC>
    <FramePC duration="1000000">
      <Rectangle x="64" y="0" w="15" h="20"/>
    </FramePC>
    <FramePC duration="1000000">
      <Rectangle x="80" y="0" w="15" h="20"/>
    </FramePC>
    <FramePC duration="1000000">
      <Rectangle x="64" y="21" w="15" h="20"/>
    </FramePC>
    <FramePC duration="1000000">
      <Rectangle x="96" y="0" w="15" h="20"/>
    </FramePC>
    <FramePC duration="1000000">
      <Rectangle x="80" y="21" w="15" h="20"/>
    </FramePC>
    <FramePC duration="1000000">
      <Rectangle x="64" y="42" w="15" h="20"/>
    </FramePC>
    <FramePC duration="1000000">
      <Rectangle x="112" y="0" w="15" h="20"/>
    </FramePC>
    <FramePC duration="1000000">
      <Rectangle x="96" y="21" w="15" h="20"/>
    </FramePC>
    <FramePC duration="1000000">
      <Rectangle x="80" y="42" w="15" h="20"/>
    </FramePC>
    <FramePC duration="1000000">
      <Rectangle x="112" y="21" w="15" h="20"/>
    </FramePC>
    <FramePC duration="1000000">
      <Rectangle x="96" y="42" w="15" h="20"/>
    </FramePC>
    <FramePC duration="1000000">
      <Rectangle x="112" y="42" w="15" h="20"/>
    </FramePC>
    <FramePC duration="1000000">
      <Rectangle x="0" y="63" w="15" h="20"/>
    </FramePC>
    <FramePC duration="800000">
      <Rectangle x="16" y="63" w="15" h="20"/>
    </FramePC>
    <FramePC duration="1000000">
      <Rectangle x="0" y="84" w="15" h="20"/>
    </FramePC>
  </Frames>
</AnimatedTexturePC>
