<?xml version='1.0' encoding='UTF-8'?>
<AnimatedTexturePC width="64" height="64" actualWidth="13" actualHeight="20">
  <Frames>
    <FramePC duration="1100000">
      <Rectangle x="0" y="0" w="13" h="20"/>
    </FramePC>
    <FramePC duration="1600000">
      <Rectangle x="14" y="0" w="13" h="20"/>
    </FramePC>
    <FramePC duration="1600000">
      <Rectangle x="28" y="0" w="13" h="20"/>
    </FramePC>
    <FramePC duration="1100000">
      <Rectangle x="42" y="0" w="13" h="20"/>
    </FramePC>
    <FramePC duration="1600000">
      <Rectangle x="0" y="21" w="13" h="20"/>
    </FramePC>
    <FramePC duration="1600000">
      <Rectangle x="14" y="21" w="13" h="20"/>
    </FramePC>
  </Frames>
</AnimatedTexturePC>
