<?xml version='1.0' encoding='UTF-8'?>
<AnimatedTexturePC width="64" height="64" actualWidth="15" actualHeight="23">
  <Frames>
    <FramePC duration="1100000">
      <Rectangle x="0" y="0" w="15" h="23"/>
    </FramePC>
    <FramePC duration="1600000">
      <Rectangle x="16" y="0" w="15" h="23"/>
    </FramePC>
    <FramePC duration="1600000">
      <Rectangle x="32" y="0" w="15" h="23"/>
    </FramePC>
    <FramePC duration="1100000">
      <Rectangle x="48" y="0" w="15" h="23"/>
    </FramePC>
    <FramePC duration="1600000">
      <Rectangle x="0" y="24" w="15" h="23"/>
    </FramePC>
    <FramePC duration="1600000">
      <Rectangle x="16" y="24" w="15" h="23"/>
    </FramePC>
  </Frames>
</AnimatedTexturePC>
