<?xml version='1.0' encoding='UTF-8'?>
<AnimatedTexturePC width="128" height="128" actualWidth="32" actualHeight="32">
  <Frames>
    <FramePC duration="1400000">
      <Rectangle x="0" y="0" w="32" h="32"/>
    </FramePC>
    <FramePC duration="1400000">
      <Rectangle x="33" y="0" w="32" h="32"/>
    </FramePC>
    <FramePC duration="1400000">
      <Rectangle x="66" y="0" w="32" h="32"/>
    </FramePC>
    <FramePC duration="1400000">
      <Rectangle x="0" y="33" w="32" h="32"/>
    </FramePC>
    <FramePC duration="1400000">
      <Rectangle x="33" y="33" w="32" h="32"/>
    </FramePC>
    <FramePC duration="1400000">
      <Rectangle x="0" y="66" w="32" h="32"/>
    </FramePC>
  </Frames>
</AnimatedTexturePC>
