<?xml version='1.0' encoding='UTF-8'?>
<AnimatedTexturePC width="32" height="512" actualWidth="32" actualHeight="32">
  <Frames>
    <FramePC duration="800000">
      <Rectangle x="0" y="0" w="32" h="32"/>
    </FramePC>
    <FramePC duration="800000">
      <Rectangle x="0" y="32" w="32" h="32"/>
    </FramePC>
    <FramePC duration="800000">
      <Rectangle x="0" y="64" w="32" h="32"/>
    </FramePC>
    <FramePC duration="800000">
      <Rectangle x="0" y="96" w="32" h="32"/>
    </FramePC>
    <FramePC duration="800000">
      <Rectangle x="0" y="128" w="32" h="32"/>
    </FramePC>
    <FramePC duration="800000">
      <Rectangle x="0" y="160" w="32" h="32"/>
    </FramePC>
    <FramePC duration="800000">
      <Rectangle x="0" y="192" w="32" h="32"/>
    </FramePC>
    <FramePC duration="800000">
      <Rectangle x="0" y="224" w="32" h="32"/>
    </FramePC>
    <FramePC duration="800000">
      <Rectangle x="0" y="256" w="32" h="32"/>
    </FramePC>
    <FramePC duration="800000">
      <Rectangle x="0" y="288" w="32" h="32"/>
    </FramePC>
    <FramePC duration="800000">
      <Rectangle x="0" y="320" w="32" h="32"/>
    </FramePC>
    <FramePC duration="800000">
      <Rectangle x="0" y="352" w="32" h="32"/>
    </FramePC>
  </Frames>
</AnimatedTexturePC>
