<?xml version='1.0' encoding='UTF-8'?>
<AnimatedTexturePC width="32" height="32" actualWidth="10" actualHeight="9">
  <Frames>
    <FramePC duration="1000000">
      <Rectangle x="0" y="0" w="10" h="9"/>
    </FramePC>
    <FramePC duration="1000000">
      <Rectangle x="11" y="0" w="10" h="9"/>
    </FramePC>
    <FramePC duration="1000000">
      <Rectangle x="0" y="10" w="10" h="9"/>
    </FramePC>
    <FramePC duration="1000000">
      <Rectangle x="11" y="10" w="10" h="9"/>
    </FramePC>
  </Frames>
</AnimatedTexturePC>
