<?xml version='1.0' encoding='UTF-8'?>
<SpriteFont width="2048" height="588" hSpace="1.0" vSpace="54">
  <Glyphs>
    <Rectangle x="2044" y="1" w="1" h="1"/>
    <Rectangle x="2044" y="4" w="1" h="1"/>
    <Rectangle x="2044" y="7" w="1" h="1"/>
    <Rectangle x="1178" y="349" w="8" h="36"/>
    <Rectangle x="1191" y="491" w="13" h="15"/>
    <Rectangle x="1643" y="529" w="27" h="36"/>
    <Rectangle x="2019" y="151" w="24" h="47"/>
    <Rectangle x="772" y="491" w="33" h="38"/>
    <Rectangle x="2011" y="480" w="35" h="38"/>
    <Rectangle x="2038" y="460" w="6" h="15"/>
    <Rectangle x="2025" y="200" w="14" h="47"/>
    <Rectangle x="2032" y="101" w="15" h="47"/>
    <Rectangle x="1186" y="563" w="19" h="18"/>
    <Rectangle x="2002" y="558" w="27" h="26"/>
    <Rectangle x="1191" y="508" w="8" h="13"/>
    <Rectangle x="15" y="93" w="14" h="5"/>
    <Rectangle x="1178" y="387" w="7" h="7"/>
    <Rectangle x="15" y="54" w="19" h="37"/>
    <Rectangle x="1208" y="445" w="24" h="38"/>
    <Rectangle x="2025" y="520" w="19" h="36"/>
    <Rectangle x="1234" y="491" w="24" h="37"/>
    <Rectangle x="1208" y="485" w="24" h="38"/>
    <Rectangle x="1759" y="529" w="26" h="36"/>
    <Rectangle x="1286" y="491" w="23" h="37"/>
    <Rectangle x="807" y="491" w="24" h="38"/>
    <Rectangle x="1787" y="529" w="25" h="36"/>
    <Rectangle x="833" y="491" w="24" h="38"/>
    <Rectangle x="859" y="491" w="24" h="38"/>
    <Rectangle x="2038" y="432" w="8" h="26"/>
    <Rectangle x="2037" y="397" w="8" h="33"/>
    <Rectangle x="2028" y="51" w="17" h="48"/>
    <Rectangle x="471" y="566" w="27" h="12"/>
    <Rectangle x="2024" y="1" w="18" h="48"/>
    <Rectangle x="1311" y="491" w="22" h="37"/>
    <Rectangle x="732" y="491" w="38" h="38"/>
    <Rectangle x="1797" y="491" w="37" h="36"/>
    <Rectangle x="1456" y="529" w="30" h="36"/>
    <Rectangle x="1037" y="491" w="31" h="37"/>
    <Rectangle x="1990" y="520" w="33" h="36"/>
    <Rectangle x="1488" y="529" w="30" h="36"/>
    <Rectangle x="1583" y="529" w="28" h="36"/>
    <Rectangle x="924" y="491" w="36" h="37"/>
    <Rectangle x="1836" y="491" w="37" h="36"/>
    <Rectangle x="1814" y="529" w="16" h="36"/>
    <Rectangle x="1260" y="491" w="24" h="37"/>
    <Rectangle x="1355" y="529" w="32" h="36"/>
    <Rectangle x="1613" y="529" w="28" h="36"/>
    <Rectangle x="1406" y="491" w="45" h="36"/>
    <Rectangle x="1875" y="491" w="37" h="36"/>
    <Rectangle x="1000" y="491" w="35" h="37"/>
    <Rectangle x="1552" y="529" w="29" h="36"/>
    <Rectangle x="885" y="491" w="37" h="37"/>
    <Rectangle x="1389" y="529" w="32" h="36"/>
    <Rectangle x="1164" y="491" w="25" h="37"/>
    <Rectangle x="1423" y="529" w="31" h="36"/>
    <Rectangle x="962" y="491" w="36" h="37"/>
    <Rectangle x="1914" y="491" w="36" h="36"/>
    <Rectangle x="1355" y="491" w="49" h="36"/>
    <Rectangle x="1952" y="491" w="36" h="36"/>
    <Rectangle x="1191" y="525" w="33" h="36"/>
    <Rectangle x="1672" y="529" w="27" h="36"/>
    <Rectangle x="810" y="349" w="10" h="47"/>
    <Rectangle x="237" y="537" w="44" h="32"/>
    <Rectangle x="822" y="349" w="10" h="47"/>
    <Rectangle x="446" y="566" w="23" h="16"/>
    <Rectangle x="531" y="566" w="26" h="5"/>
    <Rectangle x="628" y="537" w="14" h="8"/>
    <Rectangle x="314" y="537" w="26" h="28"/>
    <Rectangle x="1102" y="491" w="29" h="37"/>
    <Rectangle x="397" y="537" w="24" h="28"/>
    <Rectangle x="1133" y="491" w="29" h="37"/>
    <Rectangle x="370" y="537" w="25" h="28"/>
    <Rectangle x="1335" y="491" w="18" h="37"/>
    <Rectangle x="1070" y="491" w="30" h="37"/>
    <Rectangle x="1520" y="529" w="30" h="36"/>
    <Rectangle x="1832" y="529" w="15" h="36"/>
    <Rectangle x="1" y="54" w="12" h="45"/>
    <Rectangle x="1701" y="529" w="27" h="36"/>
    <Rectangle x="818" y="398" w="14" h="36"/>
    <Rectangle x="492" y="537" w="43" h="27"/>
    <Rectangle x="537" y="537" w="30" h="27"/>
    <Rectangle x="342" y="537" w="26" h="28"/>
    <Rectangle x="818" y="531" w="29" h="35"/>
    <Rectangle x="849" y="531" w="29" h="35"/>
    <Rectangle x="1990" y="491" w="19" h="27"/>
    <Rectangle x="423" y="537" w="21" h="28"/>
    <Rectangle x="173" y="537" w="19" h="34"/>
    <Rectangle x="283" y="537" w="29" h="28"/>
    <Rectangle x="569" y="537" w="28" h="27"/>
    <Rectangle x="446" y="537" w="44" h="27"/>
    <Rectangle x="599" y="537" w="27" h="27"/>
    <Rectangle x="1730" y="529" w="27" h="36"/>
    <Rectangle x="1978" y="558" w="22" h="27"/>
    <Rectangle x="1221" y="397" w="14" h="46"/>
    <Rectangle x="2041" y="200" w="5" h="37"/>
    <Rectangle x="795" y="349" w="13" h="47"/>
    <Rectangle x="500" y="566" w="29" h="8"/>
    <Rectangle x="2044" y="10" w="1" h="1"/>
    <Rectangle x="1" y="1" w="34" h="51"/>
    <Rectangle x="2016" y="348" w="29" h="47"/>
    <Rectangle x="2011" y="397" w="24" h="40"/>
    <Rectangle x="2011" y="439" w="25" h="39"/>
    <Rectangle x="695" y="1" w="44" h="48"/>
    <Rectangle x="1799" y="1" w="43" h="48"/>
    <Rectangle x="1473" y="201" w="44" h="47"/>
    <Rectangle x="1605" y="250" w="43" h="47"/>
    <Rectangle x="1650" y="250" w="43" h="47"/>
    <Rectangle x="1695" y="250" w="43" h="47"/>
    <Rectangle x="741" y="1" w="44" h="48"/>
    <Rectangle x="1844" y="1" w="43" h="48"/>
    <Rectangle x="1519" y="201" w="44" h="47"/>
    <Rectangle x="1684" y="51" w="41" h="48"/>
    <Rectangle x="1859" y="151" w="38" h="48"/>
    <Rectangle x="474" y="300" w="40" h="47"/>
    <Rectangle x="2008" y="299" w="39" h="47"/>
    <Rectangle x="83" y="349" w="38" h="47"/>
    <Rectangle x="892" y="51" w="42" h="48"/>
    <Rectangle x="646" y="101" w="40" h="48"/>
    <Rectangle x="496" y="251" w="42" h="47"/>
    <Rectangle x="787" y="1" w="44" h="48"/>
    <Rectangle x="1899" y="151" w="38" h="48"/>
    <Rectangle x="1524" y="348" w="39" h="47"/>
    <Rectangle x="936" y="51" w="42" h="48"/>
    <Rectangle x="1939" y="151" w="38" h="48"/>
    <Rectangle x="688" y="101" w="40" h="48"/>
    <Rectangle x="646" y="532" w="41" h="34"/>
    <Rectangle x="90" y="445" w="41" h="44"/>
    <Rectangle x="133" y="445" w="41" h="44"/>
    <Rectangle x="1237" y="397" w="41" h="45"/>
    <Rectangle x="1280" y="397" w="41" h="45"/>
    <Rectangle x="833" y="1" w="44" h="48"/>
    <Rectangle x="1740" y="250" w="43" h="47"/>
    <Rectangle x="804" y="251" w="41" h="47"/>
    <Rectangle x="1979" y="151" w="38" h="48"/>
    <Rectangle x="176" y="445" w="41" h="44"/>
    <Rectangle x="1323" y="397" w="41" h="45"/>
    <Rectangle x="219" y="445" w="41" h="44"/>
    <Rectangle x="1366" y="397" w="41" h="45"/>
    <Rectangle x="1565" y="348" w="39" h="47"/>
    <Rectangle x="1" y="445" w="43" h="44"/>
    <Rectangle x="194" y="537" w="41" h="33"/>
    <Rectangle x="262" y="445" w="41" h="44"/>
    <Rectangle x="1409" y="397" w="41" h="45"/>
    <Rectangle x="305" y="445" w="41" h="44"/>
    <Rectangle x="801" y="201" w="37" h="48"/>
    <Rectangle x="1606" y="348" w="39" h="47"/>
    <Rectangle x="1647" y="348" w="39" h="47"/>
    <Rectangle x="879" y="1" w="44" h="48"/>
    <Rectangle x="1785" y="250" w="43" h="47"/>
    <Rectangle x="1830" y="250" w="43" h="47"/>
    <Rectangle x="547" y="151" w="39" h="48"/>
    <Rectangle x="730" y="101" w="40" h="48"/>
    <Rectangle x="1" y="201" w="38" h="48"/>
    <Rectangle x="1452" y="397" w="41" h="45"/>
    <Rectangle x="348" y="445" w="41" h="44"/>
    <Rectangle x="391" y="445" w="41" h="44"/>
    <Rectangle x="434" y="445" w="41" h="44"/>
    <Rectangle x="477" y="445" w="41" h="44"/>
    <Rectangle x="520" y="445" w="41" h="44"/>
    <Rectangle x="41" y="201" w="38" h="48"/>
    <Rectangle x="1889" y="1" w="43" h="48"/>
    <Rectangle x="1875" y="250" w="43" h="47"/>
    <Rectangle x="1920" y="250" w="43" h="47"/>
    <Rectangle x="1965" y="250" w="43" h="47"/>
    <Rectangle x="1934" y="1" w="43" h="48"/>
    <Rectangle x="588" y="151" w="39" h="48"/>
    <Rectangle x="847" y="251" w="41" h="47"/>
    <Rectangle x="980" y="51" w="42" h="48"/>
    <Rectangle x="1024" y="51" w="42" h="48"/>
    <Rectangle x="81" y="201" w="38" h="48"/>
    <Rectangle x="1688" y="348" w="39" h="47"/>
    <Rectangle x="772" y="101" w="40" h="48"/>
    <Rectangle x="1979" y="1" w="43" h="48"/>
    <Rectangle x="840" y="201" w="37" h="48"/>
    <Rectangle x="814" y="101" w="40" h="48"/>
    <Rectangle x="1453" y="491" w="41" h="36"/>
    <Rectangle x="563" y="445" w="41" h="44"/>
    <Rectangle x="606" y="445" w="41" h="44"/>
    <Rectangle x="1495" y="397" w="41" h="45"/>
    <Rectangle x="1538" y="397" w="41" h="45"/>
    <Rectangle x="1581" y="397" w="41" h="45"/>
    <Rectangle x="46" y="445" w="42" h="44"/>
    <Rectangle x="649" y="445" w="41" h="44"/>
    <Rectangle x="856" y="101" w="40" h="48"/>
    <Rectangle x="890" y="251" w="41" h="47"/>
    <Rectangle x="1849" y="529" w="41" h="35"/>
    <Rectangle x="692" y="445" w="41" h="44"/>
    <Rectangle x="735" y="445" w="41" h="44"/>
    <Rectangle x="879" y="201" w="37" h="48"/>
    <Rectangle x="1729" y="348" w="39" h="47"/>
    <Rectangle x="757" y="349" w="36" h="47"/>
    <Rectangle x="2010" y="250" w="37" h="47"/>
    <Rectangle x="37" y="51" w="43" h="48"/>
    <Rectangle x="1565" y="201" w="44" h="47"/>
    <Rectangle x="1611" y="201" w="44" h="47"/>
    <Rectangle x="1657" y="201" w="44" h="47"/>
    <Rectangle x="1703" y="201" w="44" h="47"/>
    <Rectangle x="925" y="1" w="44" h="48"/>
    <Rectangle x="898" y="101" w="40" h="48"/>
    <Rectangle x="629" y="151" w="39" h="48"/>
    <Rectangle x="933" y="251" w="41" h="47"/>
    <Rectangle x="121" y="201" w="38" h="48"/>
    <Rectangle x="976" y="251" w="41" h="47"/>
    <Rectangle x="670" y="151" w="39" h="48"/>
    <Rectangle x="1892" y="529" w="41" h="35"/>
    <Rectangle x="1624" y="397" w="41" h="45"/>
    <Rectangle x="778" y="445" w="41" h="44"/>
    <Rectangle x="1667" y="397" w="41" h="45"/>
    <Rectangle x="940" y="101" w="40" h="48"/>
    <Rectangle x="82" y="51" w="43" h="48"/>
    <Rectangle x="982" y="101" w="40" h="48"/>
    <Rectangle x="516" y="300" w="40" h="47"/>
    <Rectangle x="558" y="300" w="40" h="47"/>
    <Rectangle x="1770" y="348" w="39" h="47"/>
    <Rectangle x="523" y="349" w="37" h="47"/>
    <Rectangle x="821" y="445" w="41" h="44"/>
    <Rectangle x="864" y="445" w="41" h="44"/>
    <Rectangle x="711" y="151" w="39" h="48"/>
    <Rectangle x="1" y="537" w="41" h="34"/>
    <Rectangle x="907" y="445" w="41" h="44"/>
    <Rectangle x="950" y="445" w="41" h="44"/>
    <Rectangle x="1710" y="397" w="41" h="45"/>
    <Rectangle x="918" y="201" w="37" h="48"/>
    <Rectangle x="1019" y="251" w="41" h="47"/>
    <Rectangle x="752" y="151" w="39" h="48"/>
    <Rectangle x="127" y="51" w="43" h="48"/>
    <Rectangle x="1024" y="101" w="40" h="48"/>
    <Rectangle x="161" y="201" w="38" h="48"/>
    <Rectangle x="1062" y="251" w="41" h="47"/>
    <Rectangle x="1105" y="251" w="41" h="47"/>
    <Rectangle x="1066" y="101" w="40" h="48"/>
    <Rectangle x="1935" y="529" w="41" h="35"/>
    <Rectangle x="1753" y="397" w="41" h="45"/>
    <Rectangle x="1108" y="101" w="40" h="48"/>
    <Rectangle x="1811" y="348" w="39" h="47"/>
    <Rectangle x="885" y="530" w="41" h="35"/>
    <Rectangle x="1796" y="397" w="41" h="45"/>
    <Rectangle x="172" y="51" w="43" h="48"/>
    <Rectangle x="217" y="51" w="43" h="48"/>
    <Rectangle x="1749" y="201" w="44" h="47"/>
    <Rectangle x="1795" y="201" w="44" h="47"/>
    <Rectangle x="1841" y="201" w="44" h="47"/>
    <Rectangle x="971" y="1" w="44" h="48"/>
    <Rectangle x="1150" y="101" w="40" h="48"/>
    <Rectangle x="1192" y="101" w="40" h="48"/>
    <Rectangle x="1148" y="251" w="41" h="47"/>
    <Rectangle x="201" y="201" w="38" h="48"/>
    <Rectangle x="600" y="300" w="40" h="47"/>
    <Rectangle x="642" y="300" w="40" h="47"/>
    <Rectangle x="123" y="349" w="38" h="47"/>
    <Rectangle x="163" y="349" w="38" h="47"/>
    <Rectangle x="1068" y="51" w="42" h="48"/>
    <Rectangle x="793" y="151" w="39" h="48"/>
    <Rectangle x="1234" y="101" w="40" h="48"/>
    <Rectangle x="1191" y="299" w="41" h="47"/>
    <Rectangle x="834" y="151" w="39" h="48"/>
    <Rectangle x="241" y="201" w="38" h="48"/>
    <Rectangle x="1112" y="51" w="42" h="48"/>
    <Rectangle x="1727" y="51" w="41" h="48"/>
    <Rectangle x="1496" y="491" w="41" h="36"/>
    <Rectangle x="834" y="349" w="41" h="46"/>
    <Rectangle x="1839" y="397" w="41" h="45"/>
    <Rectangle x="1882" y="397" w="41" h="45"/>
    <Rectangle x="877" y="349" w="41" h="46"/>
    <Rectangle x="1539" y="491" w="41" h="36"/>
    <Rectangle x="1925" y="397" w="41" h="45"/>
    <Rectangle x="1968" y="397" w="41" h="45"/>
    <Rectangle x="1582" y="491" w="41" h="36"/>
    <Rectangle x="1" y="398" w="41" h="45"/>
    <Rectangle x="44" y="398" w="41" h="45"/>
    <Rectangle x="87" y="398" w="41" h="45"/>
    <Rectangle x="957" y="201" w="37" h="48"/>
    <Rectangle x="684" y="300" w="40" h="47"/>
    <Rectangle x="726" y="300" w="40" h="47"/>
    <Rectangle x="203" y="349" w="38" h="47"/>
    <Rectangle x="562" y="349" w="37" h="47"/>
    <Rectangle x="1017" y="1" w="44" h="48"/>
    <Rectangle x="1063" y="1" w="44" h="48"/>
    <Rectangle x="1887" y="201" w="44" h="47"/>
    <Rectangle x="1109" y="1" w="44" h="48"/>
    <Rectangle x="1933" y="201" w="44" h="47"/>
    <Rectangle x="1155" y="1" w="44" h="48"/>
    <Rectangle x="1201" y="1" w="44" h="48"/>
    <Rectangle x="1770" y="51" w="41" h="48"/>
    <Rectangle x="1813" y="51" w="41" h="48"/>
    <Rectangle x="875" y="151" w="39" h="48"/>
    <Rectangle x="1156" y="51" w="42" h="48"/>
    <Rectangle x="916" y="151" w="39" h="48"/>
    <Rectangle x="1276" y="101" w="40" h="48"/>
    <Rectangle x="957" y="151" w="39" h="48"/>
    <Rectangle x="1234" y="299" w="41" h="47"/>
    <Rectangle x="998" y="151" w="39" h="48"/>
    <Rectangle x="1200" y="51" w="42" h="48"/>
    <Rectangle x="928" y="530" w="41" h="35"/>
    <Rectangle x="130" y="398" w="41" h="45"/>
    <Rectangle x="993" y="445" w="41" h="44"/>
    <Rectangle x="1036" y="445" w="41" h="44"/>
    <Rectangle x="173" y="398" w="41" h="45"/>
    <Rectangle x="1079" y="445" w="41" h="44"/>
    <Rectangle x="1122" y="445" w="41" h="44"/>
    <Rectangle x="1165" y="445" w="41" h="44"/>
    <Rectangle x="1039" y="151" w="39" h="48"/>
    <Rectangle x="768" y="300" w="40" h="47"/>
    <Rectangle x="810" y="300" w="40" h="47"/>
    <Rectangle x="1080" y="151" w="39" h="48"/>
    <Rectangle x="1277" y="299" w="41" h="47"/>
    <Rectangle x="1320" y="299" w="41" h="47"/>
    <Rectangle x="1244" y="51" w="42" h="48"/>
    <Rectangle x="1247" y="1" w="44" h="48"/>
    <Rectangle x="1293" y="1" w="44" h="48"/>
    <Rectangle x="1979" y="201" w="44" h="47"/>
    <Rectangle x="1191" y="250" w="44" h="47"/>
    <Rectangle x="1237" y="250" w="44" h="47"/>
    <Rectangle x="1339" y="1" w="44" h="48"/>
    <Rectangle x="1283" y="250" w="44" h="47"/>
    <Rectangle x="1385" y="1" w="44" h="48"/>
    <Rectangle x="1318" y="101" w="40" h="48"/>
    <Rectangle x="1363" y="299" w="41" h="47"/>
    <Rectangle x="281" y="201" w="38" h="48"/>
    <Rectangle x="1406" y="299" w="41" h="47"/>
    <Rectangle x="243" y="349" w="38" h="47"/>
    <Rectangle x="283" y="349" w="38" h="47"/>
    <Rectangle x="540" y="251" w="42" h="47"/>
    <Rectangle x="1" y="251" w="43" h="47"/>
    <Rectangle x="852" y="300" w="40" h="47"/>
    <Rectangle x="894" y="300" w="40" h="47"/>
    <Rectangle x="971" y="530" w="41" h="35"/>
    <Rectangle x="920" y="349" w="41" h="46"/>
    <Rectangle x="216" y="398" w="41" h="45"/>
    <Rectangle x="259" y="398" w="41" h="45"/>
    <Rectangle x="963" y="349" w="41" h="46"/>
    <Rectangle x="1006" y="349" w="41" h="46"/>
    <Rectangle x="1431" y="1" w="44" h="48"/>
    <Rectangle x="1477" y="1" w="44" h="48"/>
    <Rectangle x="1049" y="349" w="41" h="46"/>
    <Rectangle x="302" y="398" w="41" h="45"/>
    <Rectangle x="345" y="398" w="41" h="45"/>
    <Rectangle x="1092" y="349" w="41" h="46"/>
    <Rectangle x="388" y="398" w="41" h="45"/>
    <Rectangle x="44" y="537" w="41" h="34"/>
    <Rectangle x="431" y="398" w="41" h="45"/>
    <Rectangle x="321" y="201" w="38" h="48"/>
    <Rectangle x="936" y="300" w="40" h="47"/>
    <Rectangle x="978" y="300" w="40" h="47"/>
    <Rectangle x="361" y="201" w="38" h="48"/>
    <Rectangle x="1856" y="51" w="41" h="48"/>
    <Rectangle x="1191" y="201" w="45" h="47"/>
    <Rectangle x="1288" y="51" w="42" h="48"/>
    <Rectangle x="584" y="251" w="42" h="47"/>
    <Rectangle x="474" y="398" w="41" h="45"/>
    <Rectangle x="1014" y="530" w="41" h="35"/>
    <Rectangle x="517" y="398" w="41" h="45"/>
    <Rectangle x="560" y="398" w="41" h="45"/>
    <Rectangle x="37" y="1" w="45" h="48"/>
    <Rectangle x="1329" y="250" w="44" h="47"/>
    <Rectangle x="1375" y="250" w="44" h="47"/>
    <Rectangle x="84" y="1" w="45" h="48"/>
    <Rectangle x="1899" y="51" w="41" h="48"/>
    <Rectangle x="1360" y="101" w="40" h="48"/>
    <Rectangle x="1402" y="101" w="40" h="48"/>
    <Rectangle x="1121" y="151" w="39" h="48"/>
    <Rectangle x="1162" y="151" w="39" h="48"/>
    <Rectangle x="1449" y="299" w="41" h="47"/>
    <Rectangle x="1492" y="299" w="41" h="47"/>
    <Rectangle x="1203" y="151" w="39" h="48"/>
    <Rectangle x="1942" y="51" w="41" h="48"/>
    <Rectangle x="1244" y="151" w="39" h="48"/>
    <Rectangle x="1535" y="299" w="41" h="47"/>
    <Rectangle x="1625" y="491" w="41" h="36"/>
    <Rectangle x="1135" y="349" w="41" h="46"/>
    <Rectangle x="603" y="398" w="41" h="45"/>
    <Rectangle x="646" y="398" w="41" h="45"/>
    <Rectangle x="1444" y="101" w="40" h="48"/>
    <Rectangle x="689" y="398" w="41" h="45"/>
    <Rectangle x="732" y="398" w="41" h="45"/>
    <Rectangle x="834" y="397" w="41" h="46"/>
    <Rectangle x="1668" y="491" w="41" h="36"/>
    <Rectangle x="775" y="398" w="41" h="45"/>
    <Rectangle x="1237" y="444" w="41" h="45"/>
    <Rectangle x="1280" y="444" w="41" h="45"/>
    <Rectangle x="1285" y="151" w="39" h="48"/>
    <Rectangle x="401" y="201" w="38" h="48"/>
    <Rectangle x="1020" y="300" w="40" h="47"/>
    <Rectangle x="1062" y="300" w="40" h="47"/>
    <Rectangle x="323" y="349" w="38" h="47"/>
    <Rectangle x="1852" y="348" w="39" h="47"/>
    <Rectangle x="441" y="201" w="38" h="48"/>
    <Rectangle x="1578" y="299" w="41" h="47"/>
    <Rectangle x="1057" y="530" w="41" h="35"/>
    <Rectangle x="1323" y="444" w="41" h="45"/>
    <Rectangle x="1366" y="444" w="41" h="45"/>
    <Rectangle x="1326" y="151" w="39" h="48"/>
    <Rectangle x="1367" y="151" w="39" h="48"/>
    <Rectangle x="1408" y="151" w="39" h="48"/>
    <Rectangle x="1621" y="299" w="41" h="47"/>
    <Rectangle x="1523" y="1" w="44" h="48"/>
    <Rectangle x="262" y="51" w="43" h="48"/>
    <Rectangle x="46" y="251" w="43" h="47"/>
    <Rectangle x="1332" y="51" w="42" h="48"/>
    <Rectangle x="628" y="251" w="42" h="47"/>
    <Rectangle x="307" y="51" w="43" h="48"/>
    <Rectangle x="1376" y="51" w="42" h="48"/>
    <Rectangle x="672" y="251" w="42" h="47"/>
    <Rectangle x="1664" y="299" w="41" h="47"/>
    <Rectangle x="352" y="51" w="43" h="48"/>
    <Rectangle x="1420" y="51" w="42" h="48"/>
    <Rectangle x="1464" y="51" w="42" h="48"/>
    <Rectangle x="1985" y="51" w="41" h="48"/>
    <Rectangle x="481" y="201" w="38" h="48"/>
    <Rectangle x="521" y="201" w="38" h="48"/>
    <Rectangle x="1104" y="300" w="40" h="47"/>
    <Rectangle x="363" y="349" w="38" h="47"/>
    <Rectangle x="601" y="349" w="37" h="47"/>
    <Rectangle x="1" y="101" w="41" h="48"/>
    <Rectangle x="44" y="101" w="41" h="48"/>
    <Rectangle x="87" y="101" w="41" h="48"/>
    <Rectangle x="1486" y="101" w="40" h="48"/>
    <Rectangle x="716" y="251" w="42" h="47"/>
    <Rectangle x="403" y="349" w="38" h="47"/>
    <Rectangle x="996" y="201" w="37" h="48"/>
    <Rectangle x="1893" y="348" w="39" h="47"/>
    <Rectangle x="443" y="349" w="38" h="47"/>
    <Rectangle x="1508" y="51" w="42" h="48"/>
    <Rectangle x="1035" y="201" w="37" h="48"/>
    <Rectangle x="130" y="101" w="41" h="48"/>
    <Rectangle x="1711" y="491" w="41" h="36"/>
    <Rectangle x="877" y="397" w="41" h="46"/>
    <Rectangle x="1409" y="444" w="41" h="45"/>
    <Rectangle x="920" y="397" w="41" h="46"/>
    <Rectangle x="1569" y="1" w="44" h="48"/>
    <Rectangle x="91" y="251" w="43" h="47"/>
    <Rectangle x="397" y="51" w="43" h="48"/>
    <Rectangle x="442" y="51" w="43" h="48"/>
    <Rectangle x="487" y="51" w="43" h="48"/>
    <Rectangle x="173" y="101" w="41" h="48"/>
    <Rectangle x="1707" y="299" w="41" h="47"/>
    <Rectangle x="1528" y="101" w="40" h="48"/>
    <Rectangle x="1750" y="299" w="41" h="47"/>
    <Rectangle x="1754" y="491" w="41" h="36"/>
    <Rectangle x="1793" y="299" w="41" h="47"/>
    <Rectangle x="1452" y="444" w="41" h="45"/>
    <Rectangle x="963" y="397" w="41" h="46"/>
    <Rectangle x="1495" y="444" w="41" h="45"/>
    <Rectangle x="1006" y="397" w="41" h="46"/>
    <Rectangle x="1836" y="299" w="41" h="47"/>
    <Rectangle x="1570" y="101" w="40" h="48"/>
    <Rectangle x="1934" y="348" w="39" h="47"/>
    <Rectangle x="532" y="51" w="43" h="48"/>
    <Rectangle x="1612" y="101" w="40" h="48"/>
    <Rectangle x="1538" y="444" w="41" h="45"/>
    <Rectangle x="1879" y="299" w="41" h="47"/>
    <Rectangle x="1100" y="530" w="41" h="35"/>
    <Rectangle x="1049" y="397" w="41" h="46"/>
    <Rectangle x="1581" y="444" w="41" h="45"/>
    <Rectangle x="1092" y="397" w="41" h="46"/>
    <Rectangle x="1922" y="299" w="41" h="47"/>
    <Rectangle x="1654" y="101" w="40" h="48"/>
    <Rectangle x="1074" y="201" w="37" h="48"/>
    <Rectangle x="1146" y="300" w="40" h="47"/>
    <Rectangle x="1975" y="348" w="39" h="47"/>
    <Rectangle x="1113" y="201" w="37" h="48"/>
    <Rectangle x="1152" y="201" w="37" h="48"/>
    <Rectangle x="640" y="349" w="37" h="47"/>
    <Rectangle x="679" y="349" w="37" h="47"/>
    <Rectangle x="1552" y="51" w="42" h="48"/>
    <Rectangle x="1696" y="101" w="40" h="48"/>
    <Rectangle x="131" y="1" w="45" h="48"/>
    <Rectangle x="178" y="1" w="45" h="48"/>
    <Rectangle x="1238" y="201" w="45" h="47"/>
    <Rectangle x="225" y="1" w="45" h="48"/>
    <Rectangle x="1285" y="201" w="45" h="47"/>
    <Rectangle x="1332" y="201" w="45" h="47"/>
    <Rectangle x="1379" y="201" w="45" h="47"/>
    <Rectangle x="272" y="1" w="45" h="48"/>
    <Rectangle x="1596" y="51" w="42" h="48"/>
    <Rectangle x="1738" y="101" w="40" h="48"/>
    <Rectangle x="1780" y="101" w="40" h="48"/>
    <Rectangle x="760" y="251" w="42" h="47"/>
    <Rectangle x="1965" y="299" w="41" h="47"/>
    <Rectangle x="1188" y="348" w="40" h="47"/>
    <Rectangle x="1230" y="348" w="40" h="47"/>
    <Rectangle x="1822" y="101" w="40" h="48"/>
    <Rectangle x="216" y="101" w="41" h="48"/>
    <Rectangle x="1864" y="101" w="40" h="48"/>
    <Rectangle x="1143" y="530" w="41" h="35"/>
    <Rectangle x="1" y="491" w="41" h="44"/>
    <Rectangle x="44" y="491" w="41" h="44"/>
    <Rectangle x="1624" y="444" w="41" h="45"/>
    <Rectangle x="1667" y="444" w="41" h="45"/>
    <Rectangle x="1226" y="530" w="41" h="35"/>
    <Rectangle x="87" y="491" w="41" h="44"/>
    <Rectangle x="1710" y="444" w="41" h="45"/>
    <Rectangle x="130" y="491" w="41" h="44"/>
    <Rectangle x="173" y="491" w="41" h="44"/>
    <Rectangle x="216" y="491" w="41" h="44"/>
    <Rectangle x="259" y="491" w="41" h="44"/>
    <Rectangle x="1753" y="444" w="41" h="45"/>
    <Rectangle x="1906" y="101" w="40" h="48"/>
    <Rectangle x="87" y="537" w="41" h="34"/>
    <Rectangle x="302" y="491" w="41" h="44"/>
    <Rectangle x="1948" y="101" w="40" h="48"/>
    <Rectangle x="1449" y="151" w="39" h="48"/>
    <Rectangle x="1" y="300" w="41" h="47"/>
    <Rectangle x="44" y="300" w="41" h="47"/>
    <Rectangle x="1272" y="348" w="40" h="47"/>
    <Rectangle x="1314" y="348" w="40" h="47"/>
    <Rectangle x="577" y="51" w="43" h="48"/>
    <Rectangle x="319" y="1" w="45" h="48"/>
    <Rectangle x="366" y="1" w="45" h="48"/>
    <Rectangle x="1421" y="250" w="44" h="47"/>
    <Rectangle x="259" y="101" w="41" h="48"/>
    <Rectangle x="413" y="1" w="45" h="48"/>
    <Rectangle x="1990" y="101" w="40" h="48"/>
    <Rectangle x="1796" y="444" w="41" h="45"/>
    <Rectangle x="460" y="1" w="45" h="48"/>
    <Rectangle x="507" y="1" w="45" h="48"/>
    <Rectangle x="554" y="1" w="45" h="48"/>
    <Rectangle x="1426" y="201" w="45" h="47"/>
    <Rectangle x="601" y="1" w="45" h="48"/>
    <Rectangle x="648" y="1" w="45" h="48"/>
    <Rectangle x="302" y="101" w="41" h="48"/>
    <Rectangle x="1" y="151" w="40" h="48"/>
    <Rectangle x="622" y="51" w="43" h="48"/>
    <Rectangle x="43" y="151" w="40" h="48"/>
    <Rectangle x="345" y="101" w="41" h="48"/>
    <Rectangle x="85" y="151" w="40" h="48"/>
    <Rectangle x="646" y="491" w="41" h="39"/>
    <Rectangle x="87" y="300" w="41" h="47"/>
    <Rectangle x="388" y="101" w="41" h="48"/>
    <Rectangle x="127" y="151" w="40" h="48"/>
    <Rectangle x="431" y="101" w="41" h="48"/>
    <Rectangle x="474" y="101" w="41" h="48"/>
    <Rectangle x="169" y="151" w="40" h="48"/>
    <Rectangle x="211" y="151" w="40" h="48"/>
    <Rectangle x="253" y="151" w="40" h="48"/>
    <Rectangle x="130" y="300" w="41" h="47"/>
    <Rectangle x="1490" y="151" w="39" h="48"/>
    <Rectangle x="1615" y="1" w="44" h="48"/>
    <Rectangle x="1531" y="151" w="39" h="48"/>
    <Rectangle x="173" y="300" w="41" h="47"/>
    <Rectangle x="1572" y="151" w="39" h="48"/>
    <Rectangle x="345" y="491" w="41" h="44"/>
    <Rectangle x="1839" y="444" w="41" h="45"/>
    <Rectangle x="388" y="491" w="41" h="44"/>
    <Rectangle x="130" y="537" w="41" h="34"/>
    <Rectangle x="431" y="491" w="41" h="44"/>
    <Rectangle x="474" y="491" w="41" h="44"/>
    <Rectangle x="517" y="491" w="41" h="44"/>
    <Rectangle x="1613" y="151" w="39" h="48"/>
    <Rectangle x="1356" y="348" w="40" h="47"/>
    <Rectangle x="1661" y="1" w="44" h="48"/>
    <Rectangle x="1467" y="250" w="44" h="47"/>
    <Rectangle x="1513" y="250" w="44" h="47"/>
    <Rectangle x="295" y="151" w="40" h="48"/>
    <Rectangle x="517" y="101" w="41" h="48"/>
    <Rectangle x="561" y="201" w="38" h="48"/>
    <Rectangle x="216" y="300" w="41" h="47"/>
    <Rectangle x="337" y="151" w="40" h="48"/>
    <Rectangle x="136" y="251" w="43" h="47"/>
    <Rectangle x="1398" y="348" w="40" h="47"/>
    <Rectangle x="1269" y="530" w="41" h="35"/>
    <Rectangle x="1135" y="397" w="41" h="46"/>
    <Rectangle x="1882" y="444" w="41" h="45"/>
    <Rectangle x="1312" y="530" w="41" h="35"/>
    <Rectangle x="1178" y="397" w="41" h="46"/>
    <Rectangle x="1925" y="444" w="41" h="45"/>
    <Rectangle x="1654" y="151" w="39" h="48"/>
    <Rectangle x="1707" y="1" w="44" h="48"/>
    <Rectangle x="1559" y="250" w="44" h="47"/>
    <Rectangle x="181" y="251" w="43" h="47"/>
    <Rectangle x="379" y="151" w="40" h="48"/>
    <Rectangle x="421" y="151" w="40" h="48"/>
    <Rectangle x="463" y="151" w="40" h="48"/>
    <Rectangle x="1695" y="151" w="39" h="48"/>
    <Rectangle x="1440" y="348" w="40" h="47"/>
    <Rectangle x="259" y="300" w="41" h="47"/>
    <Rectangle x="601" y="201" w="38" h="48"/>
    <Rectangle x="689" y="531" w="41" h="35"/>
    <Rectangle x="1968" y="444" w="41" h="45"/>
    <Rectangle x="732" y="531" w="41" h="35"/>
    <Rectangle x="560" y="491" w="41" h="44"/>
    <Rectangle x="775" y="531" w="41" h="35"/>
    <Rectangle x="603" y="491" w="41" h="44"/>
    <Rectangle x="641" y="201" w="38" h="48"/>
    <Rectangle x="1" y="349" w="39" h="47"/>
    <Rectangle x="667" y="51" w="43" h="48"/>
    <Rectangle x="712" y="51" w="43" h="48"/>
    <Rectangle x="226" y="251" w="43" h="47"/>
    <Rectangle x="271" y="251" w="43" h="47"/>
    <Rectangle x="316" y="251" w="43" h="47"/>
    <Rectangle x="361" y="251" w="43" h="47"/>
    <Rectangle x="757" y="51" w="43" h="48"/>
    <Rectangle x="1736" y="151" w="39" h="48"/>
    <Rectangle x="302" y="300" w="41" h="47"/>
    <Rectangle x="1640" y="51" w="42" h="48"/>
    <Rectangle x="505" y="151" w="40" h="48"/>
    <Rectangle x="802" y="51" w="43" h="48"/>
    <Rectangle x="483" y="349" w="38" h="47"/>
    <Rectangle x="681" y="201" w="38" h="48"/>
    <Rectangle x="1482" y="348" w="40" h="47"/>
    <Rectangle x="721" y="201" w="38" h="48"/>
    <Rectangle x="689" y="491" w="41" h="38"/>
    <Rectangle x="560" y="101" w="41" h="48"/>
    <Rectangle x="345" y="300" w="41" h="47"/>
    <Rectangle x="1753" y="1" w="44" h="48"/>
    <Rectangle x="847" y="51" w="43" h="48"/>
    <Rectangle x="406" y="251" w="43" h="47"/>
    <Rectangle x="451" y="251" w="43" h="47"/>
    <Rectangle x="1777" y="151" w="39" h="48"/>
    <Rectangle x="603" y="101" w="41" h="48"/>
    <Rectangle x="42" y="349" w="39" h="47"/>
    <Rectangle x="1818" y="151" w="39" h="48"/>
    <Rectangle x="388" y="300" w="41" h="47"/>
    <Rectangle x="431" y="300" w="41" h="47"/>
    <Rectangle x="761" y="201" w="38" h="48"/>
    <Rectangle x="718" y="349" w="37" h="47"/>
  </Glyphs>
  <Cropping>
    <Rectangle x="17" y="89" w="18" h="60"/>
    <Rectangle x="17" y="89" w="18" h="60"/>
    <Rectangle x="17" y="89" w="18" h="60"/>
    <Rectangle x="0" y="6" w="8" h="60"/>
    <Rectangle x="0" y="6" w="13" h="60"/>
    <Rectangle x="0" y="6" w="27" h="60"/>
    <Rectangle x="0" y="1" w="24" h="60"/>
    <Rectangle x="0" y="5" w="33" h="60"/>
    <Rectangle x="0" y="5" w="35" h="60"/>
    <Rectangle x="0" y="6" w="6" h="60"/>
    <Rectangle x="0" y="5" w="14" h="60"/>
    <Rectangle x="0" y="5" w="15" h="60"/>
    <Rectangle x="0" y="6" w="19" h="60"/>
    <Rectangle x="0" y="11" w="27" h="60"/>
    <Rectangle x="0" y="41" w="8" h="60"/>
    <Rectangle x="0" y="26" w="14" h="60"/>
    <Rectangle x="0" y="44" w="7" h="60"/>
    <Rectangle x="0" y="5" w="19" h="60"/>
    <Rectangle x="0" y="5" w="24" h="60"/>
    <Rectangle x="0" y="6" w="19" h="60"/>
    <Rectangle x="0" y="5" w="24" h="60"/>
    <Rectangle x="0" y="5" w="24" h="60"/>
    <Rectangle x="0" y="6" w="26" h="60"/>
    <Rectangle x="0" y="6" w="23" h="60"/>
    <Rectangle x="0" y="5" w="24" h="60"/>
    <Rectangle x="0" y="6" w="25" h="60"/>
    <Rectangle x="0" y="5" w="24" h="60"/>
    <Rectangle x="0" y="5" w="24" h="60"/>
    <Rectangle x="0" y="16" w="8" h="60"/>
    <Rectangle x="0" y="16" w="8" h="60"/>
    <Rectangle x="0" y="4" w="17" h="60"/>
    <Rectangle x="0" y="18" w="27" h="60"/>
    <Rectangle x="0" y="4" w="18" h="60"/>
    <Rectangle x="0" y="5" w="22" h="60"/>
    <Rectangle x="0" y="5" w="38" h="60"/>
    <Rectangle x="0" y="6" w="37" h="60"/>
    <Rectangle x="0" y="6" w="30" h="60"/>
    <Rectangle x="0" y="6" w="31" h="60"/>
    <Rectangle x="0" y="6" w="33" h="60"/>
    <Rectangle x="0" y="6" w="30" h="60"/>
    <Rectangle x="0" y="6" w="28" h="60"/>
    <Rectangle x="0" y="6" w="36" h="60"/>
    <Rectangle x="0" y="6" w="37" h="60"/>
    <Rectangle x="0" y="6" w="16" h="60"/>
    <Rectangle x="0" y="6" w="24" h="60"/>
    <Rectangle x="0" y="6" w="32" h="60"/>
    <Rectangle x="0" y="6" w="28" h="60"/>
    <Rectangle x="0" y="6" w="45" h="60"/>
    <Rectangle x="0" y="6" w="37" h="60"/>
    <Rectangle x="0" y="6" w="35" h="60"/>
    <Rectangle x="0" y="6" w="29" h="60"/>
    <Rectangle x="0" y="6" w="37" h="60"/>
    <Rectangle x="0" y="6" w="32" h="60"/>
    <Rectangle x="0" y="6" w="25" h="60"/>
    <Rectangle x="0" y="6" w="31" h="60"/>
    <Rectangle x="0" y="6" w="36" h="60"/>
    <Rectangle x="0" y="6" w="36" h="60"/>
    <Rectangle x="0" y="6" w="49" h="60"/>
    <Rectangle x="0" y="6" w="36" h="60"/>
    <Rectangle x="0" y="6" w="33" h="60"/>
    <Rectangle x="0" y="6" w="27" h="60"/>
    <Rectangle x="0" y="5" w="10" h="60"/>
    <Rectangle x="0" y="9" w="44" h="60"/>
    <Rectangle x="0" y="5" w="10" h="60"/>
    <Rectangle x="0" y="6" w="23" h="60"/>
    <Rectangle x="0" y="43" w="26" h="60"/>
    <Rectangle x="0" y="5" w="14" h="60"/>
    <Rectangle x="0" y="15" w="26" h="60"/>
    <Rectangle x="0" y="6" w="29" h="60"/>
    <Rectangle x="0" y="15" w="24" h="60"/>
    <Rectangle x="0" y="6" w="29" h="60"/>
    <Rectangle x="0" y="15" w="25" h="60"/>
    <Rectangle x="0" y="5" w="18" h="60"/>
    <Rectangle x="0" y="15" w="30" h="60"/>
    <Rectangle x="0" y="6" w="30" h="60"/>
    <Rectangle x="0" y="6" w="15" h="60"/>
    <Rectangle x="0" y="6" w="12" h="60"/>
    <Rectangle x="0" y="6" w="27" h="60"/>
    <Rectangle x="0" y="6" w="14" h="60"/>
    <Rectangle x="0" y="15" w="43" h="60"/>
    <Rectangle x="0" y="15" w="30" h="60"/>
    <Rectangle x="0" y="15" w="26" h="60"/>
    <Rectangle x="0" y="15" w="29" h="60"/>
    <Rectangle x="0" y="15" w="29" h="60"/>
    <Rectangle x="0" y="15" w="19" h="60"/>
    <Rectangle x="0" y="15" w="21" h="60"/>
    <Rectangle x="0" y="9" w="19" h="60"/>
    <Rectangle x="0" y="15" w="29" h="60"/>
    <Rectangle x="0" y="15" w="28" h="60"/>
    <Rectangle x="0" y="15" w="44" h="60"/>
    <Rectangle x="0" y="15" w="27" h="60"/>
    <Rectangle x="0" y="15" w="27" h="60"/>
    <Rectangle x="0" y="15" w="22" h="60"/>
    <Rectangle x="0" y="5" w="14" h="60"/>
    <Rectangle x="0" y="5" w="5" h="60"/>
    <Rectangle x="0" y="5" w="13" h="60"/>
    <Rectangle x="0" y="20" w="29" h="60"/>
    <Rectangle x="32" y="89" w="33" h="60"/>
    <Rectangle x="0" y="4" w="34" h="60"/>
    <Rectangle x="0" y="-4" w="29" h="60"/>
    <Rectangle x="0" y="15" w="24" h="60"/>
    <Rectangle x="0" y="5" w="25" h="60"/>
    <Rectangle x="0" y="3" w="44" h="60"/>
    <Rectangle x="0" y="3" w="43" h="60"/>
    <Rectangle x="0" y="3" w="44" h="60"/>
    <Rectangle x="0" y="3" w="43" h="60"/>
    <Rectangle x="0" y="3" w="43" h="60"/>
    <Rectangle x="0" y="3" w="43" h="60"/>
    <Rectangle x="0" y="3" w="44" h="60"/>
    <Rectangle x="0" y="3" w="43" h="60"/>
    <Rectangle x="0" y="3" w="44" h="60"/>
    <Rectangle x="0" y="3" w="41" h="60"/>
    <Rectangle x="0" y="3" w="38" h="60"/>
    <Rectangle x="0" y="3" w="40" h="60"/>
    <Rectangle x="0" y="3" w="39" h="60"/>
    <Rectangle x="0" y="3" w="38" h="60"/>
    <Rectangle x="0" y="3" w="42" h="60"/>
    <Rectangle x="0" y="3" w="40" h="60"/>
    <Rectangle x="0" y="3" w="42" h="60"/>
    <Rectangle x="0" y="3" w="44" h="60"/>
    <Rectangle x="0" y="3" w="38" h="60"/>
    <Rectangle x="0" y="3" w="39" h="60"/>
    <Rectangle x="0" y="3" w="42" h="60"/>
    <Rectangle x="0" y="3" w="38" h="60"/>
    <Rectangle x="0" y="3" w="40" h="60"/>
    <Rectangle x="0" y="8" w="41" h="60"/>
    <Rectangle x="0" y="6" w="41" h="60"/>
    <Rectangle x="0" y="6" w="41" h="60"/>
    <Rectangle x="0" y="6" w="41" h="60"/>
    <Rectangle x="0" y="6" w="41" h="60"/>
    <Rectangle x="0" y="3" w="44" h="60"/>
    <Rectangle x="0" y="3" w="43" h="60"/>
    <Rectangle x="0" y="3" w="41" h="60"/>
    <Rectangle x="0" y="3" w="38" h="60"/>
    <Rectangle x="0" y="7" w="41" h="60"/>
    <Rectangle x="0" y="6" w="41" h="60"/>
    <Rectangle x="0" y="6" w="41" h="60"/>
    <Rectangle x="0" y="5" w="41" h="60"/>
    <Rectangle x="0" y="3" w="39" h="60"/>
    <Rectangle x="0" y="6" w="43" h="60"/>
    <Rectangle x="0" y="8" w="41" h="60"/>
    <Rectangle x="0" y="6" w="41" h="60"/>
    <Rectangle x="0" y="5" w="41" h="60"/>
    <Rectangle x="0" y="6" w="41" h="60"/>
    <Rectangle x="0" y="3" w="37" h="60"/>
    <Rectangle x="0" y="3" w="39" h="60"/>
    <Rectangle x="0" y="3" w="39" h="60"/>
    <Rectangle x="0" y="3" w="44" h="60"/>
    <Rectangle x="0" y="3" w="43" h="60"/>
    <Rectangle x="0" y="3" w="43" h="60"/>
    <Rectangle x="0" y="3" w="39" h="60"/>
    <Rectangle x="0" y="3" w="40" h="60"/>
    <Rectangle x="0" y="3" w="38" h="60"/>
    <Rectangle x="0" y="6" w="41" h="60"/>
    <Rectangle x="0" y="7" w="41" h="60"/>
    <Rectangle x="0" y="6" w="41" h="60"/>
    <Rectangle x="0" y="6" w="41" h="60"/>
    <Rectangle x="0" y="6" w="41" h="60"/>
    <Rectangle x="0" y="6" w="41" h="60"/>
    <Rectangle x="0" y="3" w="38" h="60"/>
    <Rectangle x="0" y="3" w="43" h="60"/>
    <Rectangle x="0" y="3" w="43" h="60"/>
    <Rectangle x="0" y="3" w="43" h="60"/>
    <Rectangle x="0" y="3" w="43" h="60"/>
    <Rectangle x="0" y="3" w="43" h="60"/>
    <Rectangle x="0" y="3" w="39" h="60"/>
    <Rectangle x="0" y="3" w="41" h="60"/>
    <Rectangle x="0" y="3" w="42" h="60"/>
    <Rectangle x="0" y="3" w="42" h="60"/>
    <Rectangle x="0" y="3" w="38" h="60"/>
    <Rectangle x="0" y="3" w="39" h="60"/>
    <Rectangle x="0" y="3" w="40" h="60"/>
    <Rectangle x="0" y="3" w="43" h="60"/>
    <Rectangle x="0" y="3" w="37" h="60"/>
    <Rectangle x="0" y="3" w="40" h="60"/>
    <Rectangle x="0" y="6" w="41" h="60"/>
    <Rectangle x="0" y="6" w="41" h="60"/>
    <Rectangle x="0" y="6" w="41" h="60"/>
    <Rectangle x="0" y="6" w="41" h="60"/>
    <Rectangle x="0" y="6" w="41" h="60"/>
    <Rectangle x="0" y="6" w="41" h="60"/>
    <Rectangle x="0" y="6" w="42" h="60"/>
    <Rectangle x="0" y="6" w="41" h="60"/>
    <Rectangle x="0" y="3" w="40" h="60"/>
    <Rectangle x="0" y="6" w="41" h="60"/>
    <Rectangle x="0" y="6" w="41" h="60"/>
    <Rectangle x="0" y="6" w="41" h="60"/>
    <Rectangle x="0" y="6" w="41" h="60"/>
    <Rectangle x="0" y="3" w="37" h="60"/>
    <Rectangle x="0" y="3" w="39" h="60"/>
    <Rectangle x="0" y="3" w="36" h="60"/>
    <Rectangle x="0" y="3" w="37" h="60"/>
    <Rectangle x="0" y="3" w="43" h="60"/>
    <Rectangle x="0" y="3" w="44" h="60"/>
    <Rectangle x="0" y="3" w="44" h="60"/>
    <Rectangle x="0" y="3" w="44" h="60"/>
    <Rectangle x="0" y="3" w="44" h="60"/>
    <Rectangle x="0" y="3" w="44" h="60"/>
    <Rectangle x="0" y="3" w="40" h="60"/>
    <Rectangle x="0" y="3" w="39" h="60"/>
    <Rectangle x="0" y="3" w="41" h="60"/>
    <Rectangle x="0" y="3" w="38" h="60"/>
    <Rectangle x="0" y="3" w="41" h="60"/>
    <Rectangle x="0" y="3" w="39" h="60"/>
    <Rectangle x="0" y="7" w="41" h="60"/>
    <Rectangle x="0" y="6" w="41" h="60"/>
    <Rectangle x="0" y="6" w="41" h="60"/>
    <Rectangle x="0" y="6" w="41" h="60"/>
    <Rectangle x="0" y="3" w="40" h="60"/>
    <Rectangle x="0" y="3" w="43" h="60"/>
    <Rectangle x="0" y="3" w="40" h="60"/>
    <Rectangle x="0" y="3" w="40" h="60"/>
    <Rectangle x="0" y="3" w="40" h="60"/>
    <Rectangle x="0" y="3" w="39" h="60"/>
    <Rectangle x="0" y="3" w="37" h="60"/>
    <Rectangle x="0" y="7" w="41" h="60"/>
    <Rectangle x="0" y="6" w="41" h="60"/>
    <Rectangle x="0" y="3" w="39" h="60"/>
    <Rectangle x="0" y="7" w="41" h="60"/>
    <Rectangle x="0" y="6" w="41" h="60"/>
    <Rectangle x="0" y="6" w="41" h="60"/>
    <Rectangle x="0" y="6" w="41" h="60"/>
    <Rectangle x="0" y="3" w="37" h="60"/>
    <Rectangle x="0" y="3" w="41" h="60"/>
    <Rectangle x="0" y="3" w="39" h="60"/>
    <Rectangle x="0" y="3" w="43" h="60"/>
    <Rectangle x="0" y="3" w="40" h="60"/>
    <Rectangle x="0" y="3" w="38" h="60"/>
    <Rectangle x="0" y="3" w="41" h="60"/>
    <Rectangle x="0" y="3" w="41" h="60"/>
    <Rectangle x="0" y="3" w="40" h="60"/>
    <Rectangle x="0" y="7" w="41" h="60"/>
    <Rectangle x="0" y="6" w="41" h="60"/>
    <Rectangle x="0" y="3" w="40" h="60"/>
    <Rectangle x="0" y="3" w="39" h="60"/>
    <Rectangle x="0" y="7" w="41" h="60"/>
    <Rectangle x="0" y="6" w="41" h="60"/>
    <Rectangle x="0" y="3" w="43" h="60"/>
    <Rectangle x="0" y="3" w="43" h="60"/>
    <Rectangle x="0" y="3" w="44" h="60"/>
    <Rectangle x="0" y="3" w="44" h="60"/>
    <Rectangle x="0" y="3" w="44" h="60"/>
    <Rectangle x="0" y="3" w="44" h="60"/>
    <Rectangle x="0" y="3" w="40" h="60"/>
    <Rectangle x="0" y="3" w="40" h="60"/>
    <Rectangle x="0" y="3" w="41" h="60"/>
    <Rectangle x="0" y="3" w="38" h="60"/>
    <Rectangle x="0" y="3" w="40" h="60"/>
    <Rectangle x="0" y="3" w="40" h="60"/>
    <Rectangle x="0" y="3" w="38" h="60"/>
    <Rectangle x="0" y="3" w="38" h="60"/>
    <Rectangle x="0" y="3" w="42" h="60"/>
    <Rectangle x="0" y="3" w="39" h="60"/>
    <Rectangle x="0" y="3" w="40" h="60"/>
    <Rectangle x="0" y="3" w="41" h="60"/>
    <Rectangle x="0" y="3" w="39" h="60"/>
    <Rectangle x="0" y="3" w="38" h="60"/>
    <Rectangle x="0" y="3" w="42" h="60"/>
    <Rectangle x="0" y="3" w="41" h="60"/>
    <Rectangle x="0" y="6" w="41" h="60"/>
    <Rectangle x="0" y="5" w="41" h="60"/>
    <Rectangle x="0" y="5" w="41" h="60"/>
    <Rectangle x="0" y="5" w="41" h="60"/>
    <Rectangle x="0" y="5" w="41" h="60"/>
    <Rectangle x="0" y="6" w="41" h="60"/>
    <Rectangle x="0" y="6" w="41" h="60"/>
    <Rectangle x="0" y="5" w="41" h="60"/>
    <Rectangle x="0" y="6" w="41" h="60"/>
    <Rectangle x="0" y="5" w="41" h="60"/>
    <Rectangle x="0" y="5" w="41" h="60"/>
    <Rectangle x="0" y="5" w="41" h="60"/>
    <Rectangle x="0" y="3" w="37" h="60"/>
    <Rectangle x="0" y="3" w="40" h="60"/>
    <Rectangle x="0" y="3" w="40" h="60"/>
    <Rectangle x="0" y="3" w="38" h="60"/>
    <Rectangle x="0" y="3" w="37" h="60"/>
    <Rectangle x="0" y="3" w="44" h="60"/>
    <Rectangle x="0" y="3" w="44" h="60"/>
    <Rectangle x="0" y="3" w="44" h="60"/>
    <Rectangle x="0" y="3" w="44" h="60"/>
    <Rectangle x="0" y="3" w="44" h="60"/>
    <Rectangle x="0" y="3" w="44" h="60"/>
    <Rectangle x="0" y="3" w="44" h="60"/>
    <Rectangle x="0" y="3" w="41" h="60"/>
    <Rectangle x="0" y="3" w="41" h="60"/>
    <Rectangle x="0" y="3" w="39" h="60"/>
    <Rectangle x="0" y="3" w="42" h="60"/>
    <Rectangle x="0" y="3" w="39" h="60"/>
    <Rectangle x="0" y="3" w="40" h="60"/>
    <Rectangle x="0" y="3" w="39" h="60"/>
    <Rectangle x="0" y="3" w="41" h="60"/>
    <Rectangle x="0" y="3" w="39" h="60"/>
    <Rectangle x="0" y="3" w="42" h="60"/>
    <Rectangle x="0" y="7" w="41" h="60"/>
    <Rectangle x="0" y="6" w="41" h="60"/>
    <Rectangle x="0" y="6" w="41" h="60"/>
    <Rectangle x="0" y="6" w="41" h="60"/>
    <Rectangle x="0" y="6" w="41" h="60"/>
    <Rectangle x="0" y="7" w="41" h="60"/>
    <Rectangle x="0" y="6" w="41" h="60"/>
    <Rectangle x="0" y="6" w="41" h="60"/>
    <Rectangle x="0" y="3" w="39" h="60"/>
    <Rectangle x="0" y="3" w="40" h="60"/>
    <Rectangle x="0" y="3" w="40" h="60"/>
    <Rectangle x="0" y="3" w="39" h="60"/>
    <Rectangle x="0" y="3" w="41" h="60"/>
    <Rectangle x="0" y="3" w="41" h="60"/>
    <Rectangle x="0" y="3" w="42" h="60"/>
    <Rectangle x="0" y="3" w="44" h="60"/>
    <Rectangle x="0" y="3" w="44" h="60"/>
    <Rectangle x="0" y="3" w="44" h="60"/>
    <Rectangle x="0" y="3" w="44" h="60"/>
    <Rectangle x="0" y="3" w="44" h="60"/>
    <Rectangle x="0" y="3" w="44" h="60"/>
    <Rectangle x="0" y="3" w="44" h="60"/>
    <Rectangle x="0" y="3" w="44" h="60"/>
    <Rectangle x="0" y="3" w="40" h="60"/>
    <Rectangle x="0" y="3" w="41" h="60"/>
    <Rectangle x="0" y="3" w="38" h="60"/>
    <Rectangle x="0" y="3" w="41" h="60"/>
    <Rectangle x="0" y="3" w="38" h="60"/>
    <Rectangle x="0" y="3" w="38" h="60"/>
    <Rectangle x="0" y="3" w="42" h="60"/>
    <Rectangle x="0" y="3" w="43" h="60"/>
    <Rectangle x="0" y="3" w="40" h="60"/>
    <Rectangle x="0" y="3" w="40" h="60"/>
    <Rectangle x="0" y="7" w="41" h="60"/>
    <Rectangle x="0" y="5" w="41" h="60"/>
    <Rectangle x="0" y="5" w="41" h="60"/>
    <Rectangle x="0" y="5" w="41" h="60"/>
    <Rectangle x="0" y="5" w="41" h="60"/>
    <Rectangle x="0" y="5" w="41" h="60"/>
    <Rectangle x="0" y="3" w="44" h="60"/>
    <Rectangle x="0" y="3" w="44" h="60"/>
    <Rectangle x="0" y="5" w="41" h="60"/>
    <Rectangle x="0" y="5" w="41" h="60"/>
    <Rectangle x="0" y="5" w="41" h="60"/>
    <Rectangle x="0" y="5" w="41" h="60"/>
    <Rectangle x="0" y="5" w="41" h="60"/>
    <Rectangle x="0" y="7" w="41" h="60"/>
    <Rectangle x="0" y="5" w="41" h="60"/>
    <Rectangle x="0" y="3" w="38" h="60"/>
    <Rectangle x="0" y="3" w="40" h="60"/>
    <Rectangle x="0" y="3" w="40" h="60"/>
    <Rectangle x="0" y="3" w="38" h="60"/>
    <Rectangle x="0" y="3" w="41" h="60"/>
    <Rectangle x="0" y="3" w="45" h="60"/>
    <Rectangle x="0" y="3" w="42" h="60"/>
    <Rectangle x="0" y="3" w="42" h="60"/>
    <Rectangle x="0" y="5" w="41" h="60"/>
    <Rectangle x="0" y="7" w="41" h="60"/>
    <Rectangle x="0" y="5" w="41" h="60"/>
    <Rectangle x="0" y="5" w="41" h="60"/>
    <Rectangle x="0" y="3" w="45" h="60"/>
    <Rectangle x="0" y="3" w="44" h="60"/>
    <Rectangle x="0" y="3" w="44" h="60"/>
    <Rectangle x="0" y="3" w="45" h="60"/>
    <Rectangle x="0" y="3" w="41" h="60"/>
    <Rectangle x="0" y="3" w="40" h="60"/>
    <Rectangle x="0" y="3" w="40" h="60"/>
    <Rectangle x="0" y="3" w="39" h="60"/>
    <Rectangle x="0" y="3" w="39" h="60"/>
    <Rectangle x="0" y="3" w="41" h="60"/>
    <Rectangle x="0" y="3" w="41" h="60"/>
    <Rectangle x="0" y="3" w="39" h="60"/>
    <Rectangle x="0" y="3" w="41" h="60"/>
    <Rectangle x="0" y="3" w="39" h="60"/>
    <Rectangle x="0" y="3" w="41" h="60"/>
    <Rectangle x="0" y="6" w="41" h="60"/>
    <Rectangle x="0" y="5" w="41" h="60"/>
    <Rectangle x="0" y="5" w="41" h="60"/>
    <Rectangle x="0" y="5" w="41" h="60"/>
    <Rectangle x="0" y="3" w="40" h="60"/>
    <Rectangle x="0" y="6" w="41" h="60"/>
    <Rectangle x="0" y="5" w="41" h="60"/>
    <Rectangle x="0" y="5" w="41" h="60"/>
    <Rectangle x="0" y="6" w="41" h="60"/>
    <Rectangle x="0" y="5" w="41" h="60"/>
    <Rectangle x="0" y="5" w="41" h="60"/>
    <Rectangle x="0" y="5" w="41" h="60"/>
    <Rectangle x="0" y="3" w="39" h="60"/>
    <Rectangle x="0" y="3" w="38" h="60"/>
    <Rectangle x="0" y="3" w="40" h="60"/>
    <Rectangle x="0" y="3" w="40" h="60"/>
    <Rectangle x="0" y="3" w="38" h="60"/>
    <Rectangle x="0" y="3" w="39" h="60"/>
    <Rectangle x="0" y="3" w="38" h="60"/>
    <Rectangle x="0" y="3" w="41" h="60"/>
    <Rectangle x="0" y="7" w="41" h="60"/>
    <Rectangle x="0" y="5" w="41" h="60"/>
    <Rectangle x="0" y="5" w="41" h="60"/>
    <Rectangle x="0" y="3" w="39" h="60"/>
    <Rectangle x="0" y="3" w="39" h="60"/>
    <Rectangle x="0" y="3" w="39" h="60"/>
    <Rectangle x="0" y="3" w="41" h="60"/>
    <Rectangle x="0" y="3" w="44" h="60"/>
    <Rectangle x="0" y="3" w="43" h="60"/>
    <Rectangle x="0" y="3" w="43" h="60"/>
    <Rectangle x="0" y="3" w="42" h="60"/>
    <Rectangle x="0" y="3" w="42" h="60"/>
    <Rectangle x="0" y="3" w="43" h="60"/>
    <Rectangle x="0" y="3" w="42" h="60"/>
    <Rectangle x="0" y="3" w="42" h="60"/>
    <Rectangle x="0" y="3" w="41" h="60"/>
    <Rectangle x="0" y="3" w="43" h="60"/>
    <Rectangle x="0" y="3" w="42" h="60"/>
    <Rectangle x="0" y="3" w="42" h="60"/>
    <Rectangle x="0" y="3" w="41" h="60"/>
    <Rectangle x="0" y="3" w="38" h="60"/>
    <Rectangle x="0" y="3" w="38" h="60"/>
    <Rectangle x="0" y="3" w="40" h="60"/>
    <Rectangle x="0" y="3" w="38" h="60"/>
    <Rectangle x="0" y="3" w="37" h="60"/>
    <Rectangle x="0" y="3" w="41" h="60"/>
    <Rectangle x="0" y="3" w="41" h="60"/>
    <Rectangle x="0" y="3" w="41" h="60"/>
    <Rectangle x="0" y="3" w="40" h="60"/>
    <Rectangle x="0" y="3" w="42" h="60"/>
    <Rectangle x="0" y="4" w="38" h="60"/>
    <Rectangle x="0" y="3" w="37" h="60"/>
    <Rectangle x="0" y="3" w="39" h="60"/>
    <Rectangle x="0" y="3" w="38" h="60"/>
    <Rectangle x="0" y="3" w="42" h="60"/>
    <Rectangle x="0" y="3" w="37" h="60"/>
    <Rectangle x="0" y="3" w="41" h="60"/>
    <Rectangle x="0" y="6" w="41" h="60"/>
    <Rectangle x="0" y="4" w="41" h="60"/>
    <Rectangle x="0" y="5" w="41" h="60"/>
    <Rectangle x="0" y="4" w="41" h="60"/>
    <Rectangle x="0" y="3" w="44" h="60"/>
    <Rectangle x="0" y="3" w="43" h="60"/>
    <Rectangle x="0" y="3" w="43" h="60"/>
    <Rectangle x="0" y="3" w="43" h="60"/>
    <Rectangle x="0" y="3" w="43" h="60"/>
    <Rectangle x="0" y="3" w="41" h="60"/>
    <Rectangle x="0" y="3" w="41" h="60"/>
    <Rectangle x="0" y="3" w="40" h="60"/>
    <Rectangle x="0" y="3" w="41" h="60"/>
    <Rectangle x="0" y="6" w="41" h="60"/>
    <Rectangle x="0" y="4" w="41" h="60"/>
    <Rectangle x="0" y="6" w="41" h="60"/>
    <Rectangle x="0" y="4" w="41" h="60"/>
    <Rectangle x="0" y="5" w="41" h="60"/>
    <Rectangle x="0" y="4" w="41" h="60"/>
    <Rectangle x="0" y="4" w="41" h="60"/>
    <Rectangle x="0" y="3" w="40" h="60"/>
    <Rectangle x="0" y="3" w="39" h="60"/>
    <Rectangle x="0" y="3" w="43" h="60"/>
    <Rectangle x="0" y="3" w="40" h="60"/>
    <Rectangle x="0" y="6" w="41" h="60"/>
    <Rectangle x="0" y="4" w="41" h="60"/>
    <Rectangle x="0" y="6" w="41" h="60"/>
    <Rectangle x="0" y="4" w="41" h="60"/>
    <Rectangle x="0" y="5" w="41" h="60"/>
    <Rectangle x="0" y="4" w="41" h="60"/>
    <Rectangle x="0" y="4" w="41" h="60"/>
    <Rectangle x="0" y="3" w="40" h="60"/>
    <Rectangle x="0" y="3" w="37" h="60"/>
    <Rectangle x="0" y="3" w="40" h="60"/>
    <Rectangle x="0" y="3" w="39" h="60"/>
    <Rectangle x="0" y="3" w="37" h="60"/>
    <Rectangle x="0" y="3" w="37" h="60"/>
    <Rectangle x="0" y="3" w="37" h="60"/>
    <Rectangle x="0" y="3" w="37" h="60"/>
    <Rectangle x="0" y="3" w="42" h="60"/>
    <Rectangle x="0" y="3" w="40" h="60"/>
    <Rectangle x="0" y="3" w="45" h="60"/>
    <Rectangle x="0" y="3" w="45" h="60"/>
    <Rectangle x="0" y="3" w="45" h="60"/>
    <Rectangle x="0" y="3" w="45" h="60"/>
    <Rectangle x="0" y="3" w="45" h="60"/>
    <Rectangle x="0" y="3" w="45" h="60"/>
    <Rectangle x="0" y="3" w="45" h="60"/>
    <Rectangle x="0" y="3" w="45" h="60"/>
    <Rectangle x="0" y="3" w="42" h="60"/>
    <Rectangle x="0" y="3" w="40" h="60"/>
    <Rectangle x="0" y="3" w="40" h="60"/>
    <Rectangle x="0" y="3" w="42" h="60"/>
    <Rectangle x="0" y="3" w="41" h="60"/>
    <Rectangle x="0" y="3" w="40" h="60"/>
    <Rectangle x="0" y="3" w="40" h="60"/>
    <Rectangle x="0" y="3" w="40" h="60"/>
    <Rectangle x="0" y="3" w="41" h="60"/>
    <Rectangle x="0" y="3" w="40" h="60"/>
    <Rectangle x="0" y="7" w="41" h="60"/>
    <Rectangle x="0" y="6" w="41" h="60"/>
    <Rectangle x="0" y="6" w="41" h="60"/>
    <Rectangle x="0" y="6" w="41" h="60"/>
    <Rectangle x="0" y="6" w="41" h="60"/>
    <Rectangle x="0" y="7" w="41" h="60"/>
    <Rectangle x="0" y="7" w="41" h="60"/>
    <Rectangle x="0" y="6" w="41" h="60"/>
    <Rectangle x="0" y="6" w="41" h="60"/>
    <Rectangle x="0" y="6" w="41" h="60"/>
    <Rectangle x="0" y="6" w="41" h="60"/>
    <Rectangle x="0" y="6" w="41" h="60"/>
    <Rectangle x="0" y="6" w="41" h="60"/>
    <Rectangle x="0" y="3" w="40" h="60"/>
    <Rectangle x="0" y="7" w="41" h="60"/>
    <Rectangle x="0" y="6" w="41" h="60"/>
    <Rectangle x="0" y="3" w="40" h="60"/>
    <Rectangle x="0" y="3" w="39" h="60"/>
    <Rectangle x="0" y="3" w="41" h="60"/>
    <Rectangle x="0" y="3" w="41" h="60"/>
    <Rectangle x="0" y="3" w="40" h="60"/>
    <Rectangle x="0" y="3" w="40" h="60"/>
    <Rectangle x="0" y="3" w="43" h="60"/>
    <Rectangle x="0" y="3" w="45" h="60"/>
    <Rectangle x="0" y="3" w="45" h="60"/>
    <Rectangle x="0" y="3" w="44" h="60"/>
    <Rectangle x="0" y="3" w="41" h="60"/>
    <Rectangle x="0" y="3" w="45" h="60"/>
    <Rectangle x="0" y="3" w="40" h="60"/>
    <Rectangle x="0" y="6" w="41" h="60"/>
    <Rectangle x="0" y="3" w="45" h="60"/>
    <Rectangle x="0" y="3" w="45" h="60"/>
    <Rectangle x="0" y="3" w="45" h="60"/>
    <Rectangle x="0" y="3" w="45" h="60"/>
    <Rectangle x="0" y="3" w="45" h="60"/>
    <Rectangle x="0" y="3" w="45" h="60"/>
    <Rectangle x="0" y="3" w="41" h="60"/>
    <Rectangle x="0" y="3" w="40" h="60"/>
    <Rectangle x="0" y="3" w="43" h="60"/>
    <Rectangle x="0" y="3" w="40" h="60"/>
    <Rectangle x="0" y="3" w="41" h="60"/>
    <Rectangle x="0" y="3" w="40" h="60"/>
    <Rectangle x="0" y="3" w="41" h="60"/>
    <Rectangle x="0" y="3" w="41" h="60"/>
    <Rectangle x="0" y="3" w="41" h="60"/>
    <Rectangle x="0" y="3" w="40" h="60"/>
    <Rectangle x="0" y="3" w="41" h="60"/>
    <Rectangle x="0" y="3" w="41" h="60"/>
    <Rectangle x="0" y="3" w="40" h="60"/>
    <Rectangle x="0" y="3" w="40" h="60"/>
    <Rectangle x="0" y="3" w="40" h="60"/>
    <Rectangle x="0" y="3" w="41" h="60"/>
    <Rectangle x="0" y="3" w="39" h="60"/>
    <Rectangle x="0" y="3" w="44" h="60"/>
    <Rectangle x="0" y="3" w="39" h="60"/>
    <Rectangle x="0" y="3" w="41" h="60"/>
    <Rectangle x="0" y="3" w="39" h="60"/>
    <Rectangle x="0" y="6" w="41" h="60"/>
    <Rectangle x="0" y="6" w="41" h="60"/>
    <Rectangle x="0" y="7" w="41" h="60"/>
    <Rectangle x="0" y="7" w="41" h="60"/>
    <Rectangle x="0" y="6" w="41" h="60"/>
    <Rectangle x="0" y="6" w="41" h="60"/>
    <Rectangle x="0" y="6" w="41" h="60"/>
    <Rectangle x="0" y="3" w="39" h="60"/>
    <Rectangle x="0" y="3" w="40" h="60"/>
    <Rectangle x="0" y="3" w="44" h="60"/>
    <Rectangle x="0" y="3" w="44" h="60"/>
    <Rectangle x="0" y="3" w="44" h="60"/>
    <Rectangle x="0" y="3" w="40" h="60"/>
    <Rectangle x="0" y="3" w="41" h="60"/>
    <Rectangle x="0" y="3" w="38" h="60"/>
    <Rectangle x="0" y="3" w="41" h="60"/>
    <Rectangle x="0" y="3" w="40" h="60"/>
    <Rectangle x="0" y="3" w="43" h="60"/>
    <Rectangle x="0" y="3" w="40" h="60"/>
    <Rectangle x="0" y="7" w="41" h="60"/>
    <Rectangle x="0" y="5" w="41" h="60"/>
    <Rectangle x="0" y="6" w="41" h="60"/>
    <Rectangle x="0" y="7" w="41" h="60"/>
    <Rectangle x="0" y="5" w="41" h="60"/>
    <Rectangle x="0" y="5" w="41" h="60"/>
    <Rectangle x="0" y="3" w="39" h="60"/>
    <Rectangle x="0" y="3" w="44" h="60"/>
    <Rectangle x="0" y="3" w="44" h="60"/>
    <Rectangle x="0" y="3" w="43" h="60"/>
    <Rectangle x="0" y="3" w="40" h="60"/>
    <Rectangle x="0" y="3" w="40" h="60"/>
    <Rectangle x="0" y="3" w="40" h="60"/>
    <Rectangle x="0" y="3" w="39" h="60"/>
    <Rectangle x="0" y="3" w="40" h="60"/>
    <Rectangle x="0" y="3" w="41" h="60"/>
    <Rectangle x="0" y="3" w="38" h="60"/>
    <Rectangle x="0" y="7" w="41" h="60"/>
    <Rectangle x="0" y="6" w="41" h="60"/>
    <Rectangle x="0" y="7" w="41" h="60"/>
    <Rectangle x="0" y="6" w="41" h="60"/>
    <Rectangle x="0" y="7" w="41" h="60"/>
    <Rectangle x="0" y="6" w="41" h="60"/>
    <Rectangle x="0" y="3" w="38" h="60"/>
    <Rectangle x="0" y="3" w="39" h="60"/>
    <Rectangle x="0" y="3" w="43" h="60"/>
    <Rectangle x="0" y="3" w="43" h="60"/>
    <Rectangle x="0" y="3" w="43" h="60"/>
    <Rectangle x="0" y="3" w="43" h="60"/>
    <Rectangle x="0" y="3" w="43" h="60"/>
    <Rectangle x="0" y="3" w="43" h="60"/>
    <Rectangle x="0" y="3" w="43" h="60"/>
    <Rectangle x="0" y="3" w="39" h="60"/>
    <Rectangle x="0" y="3" w="41" h="60"/>
    <Rectangle x="0" y="3" w="42" h="60"/>
    <Rectangle x="0" y="3" w="40" h="60"/>
    <Rectangle x="0" y="3" w="43" h="60"/>
    <Rectangle x="0" y="3" w="38" h="60"/>
    <Rectangle x="0" y="3" w="38" h="60"/>
    <Rectangle x="0" y="3" w="40" h="60"/>
    <Rectangle x="0" y="3" w="38" h="60"/>
    <Rectangle x="0" y="4" w="41" h="60"/>
    <Rectangle x="0" y="3" w="41" h="60"/>
    <Rectangle x="0" y="3" w="41" h="60"/>
    <Rectangle x="0" y="3" w="44" h="60"/>
    <Rectangle x="0" y="3" w="43" h="60"/>
    <Rectangle x="0" y="3" w="43" h="60"/>
    <Rectangle x="0" y="3" w="43" h="60"/>
    <Rectangle x="0" y="3" w="39" h="60"/>
    <Rectangle x="0" y="3" w="41" h="60"/>
    <Rectangle x="0" y="3" w="39" h="60"/>
    <Rectangle x="0" y="3" w="39" h="60"/>
    <Rectangle x="0" y="3" w="41" h="60"/>
    <Rectangle x="0" y="3" w="41" h="60"/>
    <Rectangle x="0" y="3" w="38" h="60"/>
    <Rectangle x="0" y="3" w="37" h="60"/>
  </Cropping>
  <Kerning>
    <Vector3 x="0.0" y="18.0" z="0.0"/>
    <Vector3 x="0.0" y="18.0" z="0.0"/>
    <Vector3 x="0.0" y="18.0" z="0.0"/>
    <Vector3 x="0.0" y="8.0" z="0.0"/>
    <Vector3 x="0.0" y="13.0" z="0.0"/>
    <Vector3 x="0.0" y="27.0" z="0.0"/>
    <Vector3 x="0.0" y="24.0" z="0.0"/>
    <Vector3 x="0.0" y="33.0" z="0.0"/>
    <Vector3 x="0.0" y="35.0" z="0.0"/>
    <Vector3 x="0.0" y="6.0" z="0.0"/>
    <Vector3 x="0.0" y="14.0" z="0.0"/>
    <Vector3 x="0.0" y="15.0" z="0.0"/>
    <Vector3 x="0.0" y="19.0" z="0.0"/>
    <Vector3 x="0.0" y="27.0" z="0.0"/>
    <Vector3 x="0.0" y="8.0" z="0.0"/>
    <Vector3 x="0.0" y="14.0" z="0.0"/>
    <Vector3 x="0.0" y="7.0" z="0.0"/>
    <Vector3 x="0.0" y="19.0" z="0.0"/>
    <Vector3 x="0.0" y="24.0" z="0.0"/>
    <Vector3 x="0.0" y="19.0" z="0.0"/>
    <Vector3 x="0.0" y="24.0" z="0.0"/>
    <Vector3 x="0.0" y="24.0" z="0.0"/>
    <Vector3 x="0.0" y="26.0" z="0.0"/>
    <Vector3 x="0.0" y="23.0" z="0.0"/>
    <Vector3 x="0.0" y="24.0" z="0.0"/>
    <Vector3 x="0.0" y="25.0" z="0.0"/>
    <Vector3 x="0.0" y="24.0" z="0.0"/>
    <Vector3 x="0.0" y="24.0" z="0.0"/>
    <Vector3 x="0.0" y="8.0" z="0.0"/>
    <Vector3 x="0.0" y="8.0" z="0.0"/>
    <Vector3 x="0.0" y="17.0" z="0.0"/>
    <Vector3 x="0.0" y="27.0" z="0.0"/>
    <Vector3 x="0.0" y="18.0" z="0.0"/>
    <Vector3 x="0.0" y="22.0" z="0.0"/>
    <Vector3 x="0.0" y="38.0" z="0.0"/>
    <Vector3 x="0.0" y="37.0" z="0.0"/>
    <Vector3 x="0.0" y="30.0" z="0.0"/>
    <Vector3 x="0.0" y="31.0" z="0.0"/>
    <Vector3 x="0.0" y="33.0" z="0.0"/>
    <Vector3 x="0.0" y="30.0" z="0.0"/>
    <Vector3 x="0.0" y="28.0" z="0.0"/>
    <Vector3 x="0.0" y="36.0" z="0.0"/>
    <Vector3 x="0.0" y="37.0" z="0.0"/>
    <Vector3 x="0.0" y="16.0" z="0.0"/>
    <Vector3 x="0.0" y="24.0" z="0.0"/>
    <Vector3 x="0.0" y="32.0" z="0.0"/>
    <Vector3 x="0.0" y="28.0" z="0.0"/>
    <Vector3 x="0.0" y="45.0" z="0.0"/>
    <Vector3 x="0.0" y="37.0" z="0.0"/>
    <Vector3 x="0.0" y="35.0" z="0.0"/>
    <Vector3 x="0.0" y="29.0" z="0.0"/>
    <Vector3 x="0.0" y="37.0" z="0.0"/>
    <Vector3 x="0.0" y="32.0" z="0.0"/>
    <Vector3 x="0.0" y="25.0" z="0.0"/>
    <Vector3 x="0.0" y="31.0" z="0.0"/>
    <Vector3 x="0.0" y="36.0" z="0.0"/>
    <Vector3 x="0.0" y="36.0" z="0.0"/>
    <Vector3 x="0.0" y="49.0" z="0.0"/>
    <Vector3 x="0.0" y="36.0" z="0.0"/>
    <Vector3 x="0.0" y="33.0" z="0.0"/>
    <Vector3 x="0.0" y="27.0" z="0.0"/>
    <Vector3 x="0.0" y="10.0" z="0.0"/>
    <Vector3 x="0.0" y="44.0" z="0.0"/>
    <Vector3 x="0.0" y="10.0" z="0.0"/>
    <Vector3 x="0.0" y="23.0" z="0.0"/>
    <Vector3 x="0.0" y="26.0" z="0.0"/>
    <Vector3 x="0.0" y="14.0" z="0.0"/>
    <Vector3 x="0.0" y="26.0" z="0.0"/>
    <Vector3 x="0.0" y="29.0" z="0.0"/>
    <Vector3 x="0.0" y="24.0" z="0.0"/>
    <Vector3 x="0.0" y="29.0" z="0.0"/>
    <Vector3 x="0.0" y="25.0" z="0.0"/>
    <Vector3 x="0.0" y="18.0" z="0.0"/>
    <Vector3 x="0.0" y="30.0" z="0.0"/>
    <Vector3 x="0.0" y="30.0" z="0.0"/>
    <Vector3 x="0.0" y="15.0" z="0.0"/>
    <Vector3 x="0.0" y="12.0" z="0.0"/>
    <Vector3 x="0.0" y="27.0" z="0.0"/>
    <Vector3 x="0.0" y="14.0" z="0.0"/>
    <Vector3 x="0.0" y="43.0" z="0.0"/>
    <Vector3 x="0.0" y="30.0" z="0.0"/>
    <Vector3 x="0.0" y="26.0" z="0.0"/>
    <Vector3 x="0.0" y="29.0" z="0.0"/>
    <Vector3 x="0.0" y="29.0" z="0.0"/>
    <Vector3 x="0.0" y="19.0" z="0.0"/>
    <Vector3 x="0.0" y="21.0" z="0.0"/>
    <Vector3 x="0.0" y="19.0" z="0.0"/>
    <Vector3 x="0.0" y="29.0" z="0.0"/>
    <Vector3 x="0.0" y="28.0" z="0.0"/>
    <Vector3 x="0.0" y="44.0" z="0.0"/>
    <Vector3 x="0.0" y="27.0" z="0.0"/>
    <Vector3 x="0.0" y="27.0" z="0.0"/>
    <Vector3 x="0.0" y="22.0" z="0.0"/>
    <Vector3 x="0.0" y="14.0" z="0.0"/>
    <Vector3 x="0.0" y="5.0" z="0.0"/>
    <Vector3 x="0.0" y="13.0" z="0.0"/>
    <Vector3 x="0.0" y="29.0" z="0.0"/>
    <Vector3 x="0.0" y="33.0" z="0.0"/>
    <Vector3 x="0.0" y="34.0" z="0.0"/>
    <Vector3 x="0.0" y="29.0" z="0.0"/>
    <Vector3 x="0.0" y="24.0" z="0.0"/>
    <Vector3 x="0.0" y="25.0" z="0.0"/>
    <Vector3 x="0.0" y="44.0" z="0.0"/>
    <Vector3 x="0.0" y="43.0" z="0.0"/>
    <Vector3 x="0.0" y="44.0" z="0.0"/>
    <Vector3 x="0.0" y="43.0" z="0.0"/>
    <Vector3 x="0.0" y="43.0" z="0.0"/>
    <Vector3 x="0.0" y="43.0" z="0.0"/>
    <Vector3 x="0.0" y="44.0" z="0.0"/>
    <Vector3 x="0.0" y="43.0" z="0.0"/>
    <Vector3 x="0.0" y="44.0" z="0.0"/>
    <Vector3 x="0.0" y="41.0" z="0.0"/>
    <Vector3 x="0.0" y="38.0" z="0.0"/>
    <Vector3 x="0.0" y="40.0" z="0.0"/>
    <Vector3 x="0.0" y="39.0" z="0.0"/>
    <Vector3 x="0.0" y="38.0" z="0.0"/>
    <Vector3 x="0.0" y="42.0" z="0.0"/>
    <Vector3 x="0.0" y="40.0" z="0.0"/>
    <Vector3 x="0.0" y="42.0" z="0.0"/>
    <Vector3 x="0.0" y="44.0" z="0.0"/>
    <Vector3 x="0.0" y="38.0" z="0.0"/>
    <Vector3 x="0.0" y="39.0" z="0.0"/>
    <Vector3 x="0.0" y="42.0" z="0.0"/>
    <Vector3 x="0.0" y="38.0" z="0.0"/>
    <Vector3 x="0.0" y="40.0" z="0.0"/>
    <Vector3 x="0.0" y="41.0" z="0.0"/>
    <Vector3 x="0.0" y="41.0" z="0.0"/>
    <Vector3 x="0.0" y="41.0" z="0.0"/>
    <Vector3 x="0.0" y="41.0" z="0.0"/>
    <Vector3 x="0.0" y="41.0" z="0.0"/>
    <Vector3 x="0.0" y="44.0" z="0.0"/>
    <Vector3 x="0.0" y="43.0" z="0.0"/>
    <Vector3 x="0.0" y="41.0" z="0.0"/>
    <Vector3 x="0.0" y="38.0" z="0.0"/>
    <Vector3 x="0.0" y="41.0" z="0.0"/>
    <Vector3 x="0.0" y="41.0" z="0.0"/>
    <Vector3 x="0.0" y="41.0" z="0.0"/>
    <Vector3 x="0.0" y="41.0" z="0.0"/>
    <Vector3 x="0.0" y="39.0" z="0.0"/>
    <Vector3 x="0.0" y="43.0" z="0.0"/>
    <Vector3 x="0.0" y="41.0" z="0.0"/>
    <Vector3 x="0.0" y="41.0" z="0.0"/>
    <Vector3 x="0.0" y="41.0" z="0.0"/>
    <Vector3 x="0.0" y="41.0" z="0.0"/>
    <Vector3 x="0.0" y="37.0" z="0.0"/>
    <Vector3 x="0.0" y="39.0" z="0.0"/>
    <Vector3 x="0.0" y="39.0" z="0.0"/>
    <Vector3 x="0.0" y="44.0" z="0.0"/>
    <Vector3 x="0.0" y="43.0" z="0.0"/>
    <Vector3 x="0.0" y="43.0" z="0.0"/>
    <Vector3 x="0.0" y="39.0" z="0.0"/>
    <Vector3 x="0.0" y="40.0" z="0.0"/>
    <Vector3 x="0.0" y="38.0" z="0.0"/>
    <Vector3 x="0.0" y="41.0" z="0.0"/>
    <Vector3 x="0.0" y="41.0" z="0.0"/>
    <Vector3 x="0.0" y="41.0" z="0.0"/>
    <Vector3 x="0.0" y="41.0" z="0.0"/>
    <Vector3 x="0.0" y="41.0" z="0.0"/>
    <Vector3 x="0.0" y="41.0" z="0.0"/>
    <Vector3 x="0.0" y="38.0" z="0.0"/>
    <Vector3 x="0.0" y="43.0" z="0.0"/>
    <Vector3 x="0.0" y="43.0" z="0.0"/>
    <Vector3 x="0.0" y="43.0" z="0.0"/>
    <Vector3 x="0.0" y="43.0" z="0.0"/>
    <Vector3 x="0.0" y="43.0" z="0.0"/>
    <Vector3 x="0.0" y="39.0" z="0.0"/>
    <Vector3 x="0.0" y="41.0" z="0.0"/>
    <Vector3 x="0.0" y="42.0" z="0.0"/>
    <Vector3 x="0.0" y="42.0" z="0.0"/>
    <Vector3 x="0.0" y="38.0" z="0.0"/>
    <Vector3 x="0.0" y="39.0" z="0.0"/>
    <Vector3 x="0.0" y="40.0" z="0.0"/>
    <Vector3 x="0.0" y="43.0" z="0.0"/>
    <Vector3 x="0.0" y="37.0" z="0.0"/>
    <Vector3 x="0.0" y="40.0" z="0.0"/>
    <Vector3 x="0.0" y="41.0" z="0.0"/>
    <Vector3 x="0.0" y="41.0" z="0.0"/>
    <Vector3 x="0.0" y="41.0" z="0.0"/>
    <Vector3 x="0.0" y="41.0" z="0.0"/>
    <Vector3 x="0.0" y="41.0" z="0.0"/>
    <Vector3 x="0.0" y="41.0" z="0.0"/>
    <Vector3 x="0.0" y="42.0" z="0.0"/>
    <Vector3 x="0.0" y="41.0" z="0.0"/>
    <Vector3 x="0.0" y="40.0" z="0.0"/>
    <Vector3 x="0.0" y="41.0" z="0.0"/>
    <Vector3 x="0.0" y="41.0" z="0.0"/>
    <Vector3 x="0.0" y="41.0" z="0.0"/>
    <Vector3 x="0.0" y="41.0" z="0.0"/>
    <Vector3 x="0.0" y="37.0" z="0.0"/>
    <Vector3 x="0.0" y="39.0" z="0.0"/>
    <Vector3 x="0.0" y="36.0" z="0.0"/>
    <Vector3 x="0.0" y="37.0" z="0.0"/>
    <Vector3 x="0.0" y="43.0" z="0.0"/>
    <Vector3 x="0.0" y="44.0" z="0.0"/>
    <Vector3 x="0.0" y="44.0" z="0.0"/>
    <Vector3 x="0.0" y="44.0" z="0.0"/>
    <Vector3 x="0.0" y="44.0" z="0.0"/>
    <Vector3 x="0.0" y="44.0" z="0.0"/>
    <Vector3 x="0.0" y="40.0" z="0.0"/>
    <Vector3 x="0.0" y="39.0" z="0.0"/>
    <Vector3 x="0.0" y="41.0" z="0.0"/>
    <Vector3 x="0.0" y="38.0" z="0.0"/>
    <Vector3 x="0.0" y="41.0" z="0.0"/>
    <Vector3 x="0.0" y="39.0" z="0.0"/>
    <Vector3 x="0.0" y="41.0" z="0.0"/>
    <Vector3 x="0.0" y="41.0" z="0.0"/>
    <Vector3 x="0.0" y="41.0" z="0.0"/>
    <Vector3 x="0.0" y="41.0" z="0.0"/>
    <Vector3 x="0.0" y="40.0" z="0.0"/>
    <Vector3 x="0.0" y="43.0" z="0.0"/>
    <Vector3 x="0.0" y="40.0" z="0.0"/>
    <Vector3 x="0.0" y="40.0" z="0.0"/>
    <Vector3 x="0.0" y="40.0" z="0.0"/>
    <Vector3 x="0.0" y="39.0" z="0.0"/>
    <Vector3 x="0.0" y="37.0" z="0.0"/>
    <Vector3 x="0.0" y="41.0" z="0.0"/>
    <Vector3 x="0.0" y="41.0" z="0.0"/>
    <Vector3 x="0.0" y="39.0" z="0.0"/>
    <Vector3 x="0.0" y="41.0" z="0.0"/>
    <Vector3 x="0.0" y="41.0" z="0.0"/>
    <Vector3 x="0.0" y="41.0" z="0.0"/>
    <Vector3 x="0.0" y="41.0" z="0.0"/>
    <Vector3 x="0.0" y="37.0" z="0.0"/>
    <Vector3 x="0.0" y="41.0" z="0.0"/>
    <Vector3 x="0.0" y="39.0" z="0.0"/>
    <Vector3 x="0.0" y="43.0" z="0.0"/>
    <Vector3 x="0.0" y="40.0" z="0.0"/>
    <Vector3 x="0.0" y="38.0" z="0.0"/>
    <Vector3 x="0.0" y="41.0" z="0.0"/>
    <Vector3 x="0.0" y="41.0" z="0.0"/>
    <Vector3 x="0.0" y="40.0" z="0.0"/>
    <Vector3 x="0.0" y="41.0" z="0.0"/>
    <Vector3 x="0.0" y="41.0" z="0.0"/>
    <Vector3 x="0.0" y="40.0" z="0.0"/>
    <Vector3 x="0.0" y="39.0" z="0.0"/>
    <Vector3 x="0.0" y="41.0" z="0.0"/>
    <Vector3 x="0.0" y="41.0" z="0.0"/>
    <Vector3 x="0.0" y="43.0" z="0.0"/>
    <Vector3 x="0.0" y="43.0" z="0.0"/>
    <Vector3 x="0.0" y="44.0" z="0.0"/>
    <Vector3 x="0.0" y="44.0" z="0.0"/>
    <Vector3 x="0.0" y="44.0" z="0.0"/>
    <Vector3 x="0.0" y="44.0" z="0.0"/>
    <Vector3 x="0.0" y="40.0" z="0.0"/>
    <Vector3 x="0.0" y="40.0" z="0.0"/>
    <Vector3 x="0.0" y="41.0" z="0.0"/>
    <Vector3 x="0.0" y="38.0" z="0.0"/>
    <Vector3 x="0.0" y="40.0" z="0.0"/>
    <Vector3 x="0.0" y="40.0" z="0.0"/>
    <Vector3 x="0.0" y="38.0" z="0.0"/>
    <Vector3 x="0.0" y="38.0" z="0.0"/>
    <Vector3 x="0.0" y="42.0" z="0.0"/>
    <Vector3 x="0.0" y="39.0" z="0.0"/>
    <Vector3 x="0.0" y="40.0" z="0.0"/>
    <Vector3 x="0.0" y="41.0" z="0.0"/>
    <Vector3 x="0.0" y="39.0" z="0.0"/>
    <Vector3 x="0.0" y="38.0" z="0.0"/>
    <Vector3 x="0.0" y="42.0" z="0.0"/>
    <Vector3 x="0.0" y="41.0" z="0.0"/>
    <Vector3 x="0.0" y="41.0" z="0.0"/>
    <Vector3 x="0.0" y="41.0" z="0.0"/>
    <Vector3 x="0.0" y="41.0" z="0.0"/>
    <Vector3 x="0.0" y="41.0" z="0.0"/>
    <Vector3 x="0.0" y="41.0" z="0.0"/>
    <Vector3 x="0.0" y="41.0" z="0.0"/>
    <Vector3 x="0.0" y="41.0" z="0.0"/>
    <Vector3 x="0.0" y="41.0" z="0.0"/>
    <Vector3 x="0.0" y="41.0" z="0.0"/>
    <Vector3 x="0.0" y="41.0" z="0.0"/>
    <Vector3 x="0.0" y="41.0" z="0.0"/>
    <Vector3 x="0.0" y="41.0" z="0.0"/>
    <Vector3 x="0.0" y="37.0" z="0.0"/>
    <Vector3 x="0.0" y="40.0" z="0.0"/>
    <Vector3 x="0.0" y="40.0" z="0.0"/>
    <Vector3 x="0.0" y="38.0" z="0.0"/>
    <Vector3 x="0.0" y="37.0" z="0.0"/>
    <Vector3 x="0.0" y="44.0" z="0.0"/>
    <Vector3 x="0.0" y="44.0" z="0.0"/>
    <Vector3 x="0.0" y="44.0" z="0.0"/>
    <Vector3 x="0.0" y="44.0" z="0.0"/>
    <Vector3 x="0.0" y="44.0" z="0.0"/>
    <Vector3 x="0.0" y="44.0" z="0.0"/>
    <Vector3 x="0.0" y="44.0" z="0.0"/>
    <Vector3 x="0.0" y="41.0" z="0.0"/>
    <Vector3 x="0.0" y="41.0" z="0.0"/>
    <Vector3 x="0.0" y="39.0" z="0.0"/>
    <Vector3 x="0.0" y="42.0" z="0.0"/>
    <Vector3 x="0.0" y="39.0" z="0.0"/>
    <Vector3 x="0.0" y="40.0" z="0.0"/>
    <Vector3 x="0.0" y="39.0" z="0.0"/>
    <Vector3 x="0.0" y="41.0" z="0.0"/>
    <Vector3 x="0.0" y="39.0" z="0.0"/>
    <Vector3 x="0.0" y="42.0" z="0.0"/>
    <Vector3 x="0.0" y="41.0" z="0.0"/>
    <Vector3 x="0.0" y="41.0" z="0.0"/>
    <Vector3 x="0.0" y="41.0" z="0.0"/>
    <Vector3 x="0.0" y="41.0" z="0.0"/>
    <Vector3 x="0.0" y="41.0" z="0.0"/>
    <Vector3 x="0.0" y="41.0" z="0.0"/>
    <Vector3 x="0.0" y="41.0" z="0.0"/>
    <Vector3 x="0.0" y="41.0" z="0.0"/>
    <Vector3 x="0.0" y="39.0" z="0.0"/>
    <Vector3 x="0.0" y="40.0" z="0.0"/>
    <Vector3 x="0.0" y="40.0" z="0.0"/>
    <Vector3 x="0.0" y="39.0" z="0.0"/>
    <Vector3 x="0.0" y="41.0" z="0.0"/>
    <Vector3 x="0.0" y="41.0" z="0.0"/>
    <Vector3 x="0.0" y="42.0" z="0.0"/>
    <Vector3 x="0.0" y="44.0" z="0.0"/>
    <Vector3 x="0.0" y="44.0" z="0.0"/>
    <Vector3 x="0.0" y="44.0" z="0.0"/>
    <Vector3 x="0.0" y="44.0" z="0.0"/>
    <Vector3 x="0.0" y="44.0" z="0.0"/>
    <Vector3 x="0.0" y="44.0" z="0.0"/>
    <Vector3 x="0.0" y="44.0" z="0.0"/>
    <Vector3 x="0.0" y="44.0" z="0.0"/>
    <Vector3 x="0.0" y="40.0" z="0.0"/>
    <Vector3 x="0.0" y="41.0" z="0.0"/>
    <Vector3 x="0.0" y="38.0" z="0.0"/>
    <Vector3 x="0.0" y="41.0" z="0.0"/>
    <Vector3 x="0.0" y="38.0" z="0.0"/>
    <Vector3 x="0.0" y="38.0" z="0.0"/>
    <Vector3 x="0.0" y="42.0" z="0.0"/>
    <Vector3 x="0.0" y="43.0" z="0.0"/>
    <Vector3 x="0.0" y="40.0" z="0.0"/>
    <Vector3 x="0.0" y="40.0" z="0.0"/>
    <Vector3 x="0.0" y="41.0" z="0.0"/>
    <Vector3 x="0.0" y="41.0" z="0.0"/>
    <Vector3 x="0.0" y="41.0" z="0.0"/>
    <Vector3 x="0.0" y="41.0" z="0.0"/>
    <Vector3 x="0.0" y="41.0" z="0.0"/>
    <Vector3 x="0.0" y="41.0" z="0.0"/>
    <Vector3 x="0.0" y="44.0" z="0.0"/>
    <Vector3 x="0.0" y="44.0" z="0.0"/>
    <Vector3 x="0.0" y="41.0" z="0.0"/>
    <Vector3 x="0.0" y="41.0" z="0.0"/>
    <Vector3 x="0.0" y="41.0" z="0.0"/>
    <Vector3 x="0.0" y="41.0" z="0.0"/>
    <Vector3 x="0.0" y="41.0" z="0.0"/>
    <Vector3 x="0.0" y="41.0" z="0.0"/>
    <Vector3 x="0.0" y="41.0" z="0.0"/>
    <Vector3 x="0.0" y="38.0" z="0.0"/>
    <Vector3 x="0.0" y="40.0" z="0.0"/>
    <Vector3 x="0.0" y="40.0" z="0.0"/>
    <Vector3 x="0.0" y="38.0" z="0.0"/>
    <Vector3 x="0.0" y="41.0" z="0.0"/>
    <Vector3 x="0.0" y="45.0" z="0.0"/>
    <Vector3 x="0.0" y="42.0" z="0.0"/>
    <Vector3 x="0.0" y="42.0" z="0.0"/>
    <Vector3 x="0.0" y="41.0" z="0.0"/>
    <Vector3 x="0.0" y="41.0" z="0.0"/>
    <Vector3 x="0.0" y="41.0" z="0.0"/>
    <Vector3 x="0.0" y="41.0" z="0.0"/>
    <Vector3 x="0.0" y="45.0" z="0.0"/>
    <Vector3 x="0.0" y="44.0" z="0.0"/>
    <Vector3 x="0.0" y="44.0" z="0.0"/>
    <Vector3 x="0.0" y="45.0" z="0.0"/>
    <Vector3 x="0.0" y="41.0" z="0.0"/>
    <Vector3 x="0.0" y="40.0" z="0.0"/>
    <Vector3 x="0.0" y="40.0" z="0.0"/>
    <Vector3 x="0.0" y="39.0" z="0.0"/>
    <Vector3 x="0.0" y="39.0" z="0.0"/>
    <Vector3 x="0.0" y="41.0" z="0.0"/>
    <Vector3 x="0.0" y="41.0" z="0.0"/>
    <Vector3 x="0.0" y="39.0" z="0.0"/>
    <Vector3 x="0.0" y="41.0" z="0.0"/>
    <Vector3 x="0.0" y="39.0" z="0.0"/>
    <Vector3 x="0.0" y="41.0" z="0.0"/>
    <Vector3 x="0.0" y="41.0" z="0.0"/>
    <Vector3 x="0.0" y="41.0" z="0.0"/>
    <Vector3 x="0.0" y="41.0" z="0.0"/>
    <Vector3 x="0.0" y="41.0" z="0.0"/>
    <Vector3 x="0.0" y="40.0" z="0.0"/>
    <Vector3 x="0.0" y="41.0" z="0.0"/>
    <Vector3 x="0.0" y="41.0" z="0.0"/>
    <Vector3 x="0.0" y="41.0" z="0.0"/>
    <Vector3 x="0.0" y="41.0" z="0.0"/>
    <Vector3 x="0.0" y="41.0" z="0.0"/>
    <Vector3 x="0.0" y="41.0" z="0.0"/>
    <Vector3 x="0.0" y="41.0" z="0.0"/>
    <Vector3 x="0.0" y="39.0" z="0.0"/>
    <Vector3 x="0.0" y="38.0" z="0.0"/>
    <Vector3 x="0.0" y="40.0" z="0.0"/>
    <Vector3 x="0.0" y="40.0" z="0.0"/>
    <Vector3 x="0.0" y="38.0" z="0.0"/>
    <Vector3 x="0.0" y="39.0" z="0.0"/>
    <Vector3 x="0.0" y="38.0" z="0.0"/>
    <Vector3 x="0.0" y="41.0" z="0.0"/>
    <Vector3 x="0.0" y="41.0" z="0.0"/>
    <Vector3 x="0.0" y="41.0" z="0.0"/>
    <Vector3 x="0.0" y="41.0" z="0.0"/>
    <Vector3 x="0.0" y="39.0" z="0.0"/>
    <Vector3 x="0.0" y="39.0" z="0.0"/>
    <Vector3 x="0.0" y="39.0" z="0.0"/>
    <Vector3 x="0.0" y="41.0" z="0.0"/>
    <Vector3 x="0.0" y="44.0" z="0.0"/>
    <Vector3 x="0.0" y="43.0" z="0.0"/>
    <Vector3 x="0.0" y="43.0" z="0.0"/>
    <Vector3 x="0.0" y="42.0" z="0.0"/>
    <Vector3 x="0.0" y="42.0" z="0.0"/>
    <Vector3 x="0.0" y="43.0" z="0.0"/>
    <Vector3 x="0.0" y="42.0" z="0.0"/>
    <Vector3 x="0.0" y="42.0" z="0.0"/>
    <Vector3 x="0.0" y="41.0" z="0.0"/>
    <Vector3 x="0.0" y="43.0" z="0.0"/>
    <Vector3 x="0.0" y="42.0" z="0.0"/>
    <Vector3 x="0.0" y="42.0" z="0.0"/>
    <Vector3 x="0.0" y="41.0" z="0.0"/>
    <Vector3 x="0.0" y="38.0" z="0.0"/>
    <Vector3 x="0.0" y="38.0" z="0.0"/>
    <Vector3 x="0.0" y="40.0" z="0.0"/>
    <Vector3 x="0.0" y="38.0" z="0.0"/>
    <Vector3 x="0.0" y="37.0" z="0.0"/>
    <Vector3 x="0.0" y="41.0" z="0.0"/>
    <Vector3 x="0.0" y="41.0" z="0.0"/>
    <Vector3 x="0.0" y="41.0" z="0.0"/>
    <Vector3 x="0.0" y="40.0" z="0.0"/>
    <Vector3 x="0.0" y="42.0" z="0.0"/>
    <Vector3 x="0.0" y="38.0" z="0.0"/>
    <Vector3 x="0.0" y="37.0" z="0.0"/>
    <Vector3 x="0.0" y="39.0" z="0.0"/>
    <Vector3 x="0.0" y="38.0" z="0.0"/>
    <Vector3 x="0.0" y="42.0" z="0.0"/>
    <Vector3 x="0.0" y="37.0" z="0.0"/>
    <Vector3 x="0.0" y="41.0" z="0.0"/>
    <Vector3 x="0.0" y="41.0" z="0.0"/>
    <Vector3 x="0.0" y="41.0" z="0.0"/>
    <Vector3 x="0.0" y="41.0" z="0.0"/>
    <Vector3 x="0.0" y="41.0" z="0.0"/>
    <Vector3 x="0.0" y="44.0" z="0.0"/>
    <Vector3 x="0.0" y="43.0" z="0.0"/>
    <Vector3 x="0.0" y="43.0" z="0.0"/>
    <Vector3 x="0.0" y="43.0" z="0.0"/>
    <Vector3 x="0.0" y="43.0" z="0.0"/>
    <Vector3 x="0.0" y="41.0" z="0.0"/>
    <Vector3 x="0.0" y="41.0" z="0.0"/>
    <Vector3 x="0.0" y="40.0" z="0.0"/>
    <Vector3 x="0.0" y="41.0" z="0.0"/>
    <Vector3 x="0.0" y="41.0" z="0.0"/>
    <Vector3 x="0.0" y="41.0" z="0.0"/>
    <Vector3 x="0.0" y="41.0" z="0.0"/>
    <Vector3 x="0.0" y="41.0" z="0.0"/>
    <Vector3 x="0.0" y="41.0" z="0.0"/>
    <Vector3 x="0.0" y="41.0" z="0.0"/>
    <Vector3 x="0.0" y="41.0" z="0.0"/>
    <Vector3 x="0.0" y="40.0" z="0.0"/>
    <Vector3 x="0.0" y="39.0" z="0.0"/>
    <Vector3 x="0.0" y="43.0" z="0.0"/>
    <Vector3 x="0.0" y="40.0" z="0.0"/>
    <Vector3 x="0.0" y="41.0" z="0.0"/>
    <Vector3 x="0.0" y="41.0" z="0.0"/>
    <Vector3 x="0.0" y="41.0" z="0.0"/>
    <Vector3 x="0.0" y="41.0" z="0.0"/>
    <Vector3 x="0.0" y="41.0" z="0.0"/>
    <Vector3 x="0.0" y="41.0" z="0.0"/>
    <Vector3 x="0.0" y="41.0" z="0.0"/>
    <Vector3 x="0.0" y="40.0" z="0.0"/>
    <Vector3 x="0.0" y="37.0" z="0.0"/>
    <Vector3 x="0.0" y="40.0" z="0.0"/>
    <Vector3 x="0.0" y="39.0" z="0.0"/>
    <Vector3 x="0.0" y="37.0" z="0.0"/>
    <Vector3 x="0.0" y="37.0" z="0.0"/>
    <Vector3 x="0.0" y="37.0" z="0.0"/>
    <Vector3 x="0.0" y="37.0" z="0.0"/>
    <Vector3 x="0.0" y="42.0" z="0.0"/>
    <Vector3 x="0.0" y="40.0" z="0.0"/>
    <Vector3 x="0.0" y="45.0" z="0.0"/>
    <Vector3 x="0.0" y="45.0" z="0.0"/>
    <Vector3 x="0.0" y="45.0" z="0.0"/>
    <Vector3 x="0.0" y="45.0" z="0.0"/>
    <Vector3 x="0.0" y="45.0" z="0.0"/>
    <Vector3 x="0.0" y="45.0" z="0.0"/>
    <Vector3 x="0.0" y="45.0" z="0.0"/>
    <Vector3 x="0.0" y="45.0" z="0.0"/>
    <Vector3 x="0.0" y="42.0" z="0.0"/>
    <Vector3 x="0.0" y="40.0" z="0.0"/>
    <Vector3 x="0.0" y="40.0" z="0.0"/>
    <Vector3 x="0.0" y="42.0" z="0.0"/>
    <Vector3 x="0.0" y="41.0" z="0.0"/>
    <Vector3 x="0.0" y="40.0" z="0.0"/>
    <Vector3 x="0.0" y="40.0" z="0.0"/>
    <Vector3 x="0.0" y="40.0" z="0.0"/>
    <Vector3 x="0.0" y="41.0" z="0.0"/>
    <Vector3 x="0.0" y="40.0" z="0.0"/>
    <Vector3 x="0.0" y="41.0" z="0.0"/>
    <Vector3 x="0.0" y="41.0" z="0.0"/>
    <Vector3 x="0.0" y="41.0" z="0.0"/>
    <Vector3 x="0.0" y="41.0" z="0.0"/>
    <Vector3 x="0.0" y="41.0" z="0.0"/>
    <Vector3 x="0.0" y="41.0" z="0.0"/>
    <Vector3 x="0.0" y="41.0" z="0.0"/>
    <Vector3 x="0.0" y="41.0" z="0.0"/>
    <Vector3 x="0.0" y="41.0" z="0.0"/>
    <Vector3 x="0.0" y="41.0" z="0.0"/>
    <Vector3 x="0.0" y="41.0" z="0.0"/>
    <Vector3 x="0.0" y="41.0" z="0.0"/>
    <Vector3 x="0.0" y="41.0" z="0.0"/>
    <Vector3 x="0.0" y="40.0" z="0.0"/>
    <Vector3 x="0.0" y="41.0" z="0.0"/>
    <Vector3 x="0.0" y="41.0" z="0.0"/>
    <Vector3 x="0.0" y="40.0" z="0.0"/>
    <Vector3 x="0.0" y="39.0" z="0.0"/>
    <Vector3 x="0.0" y="41.0" z="0.0"/>
    <Vector3 x="0.0" y="41.0" z="0.0"/>
    <Vector3 x="0.0" y="40.0" z="0.0"/>
    <Vector3 x="0.0" y="40.0" z="0.0"/>
    <Vector3 x="0.0" y="43.0" z="0.0"/>
    <Vector3 x="0.0" y="45.0" z="0.0"/>
    <Vector3 x="0.0" y="45.0" z="0.0"/>
    <Vector3 x="0.0" y="44.0" z="0.0"/>
    <Vector3 x="0.0" y="41.0" z="0.0"/>
    <Vector3 x="0.0" y="45.0" z="0.0"/>
    <Vector3 x="0.0" y="40.0" z="0.0"/>
    <Vector3 x="0.0" y="41.0" z="0.0"/>
    <Vector3 x="0.0" y="45.0" z="0.0"/>
    <Vector3 x="0.0" y="45.0" z="0.0"/>
    <Vector3 x="0.0" y="45.0" z="0.0"/>
    <Vector3 x="0.0" y="45.0" z="0.0"/>
    <Vector3 x="0.0" y="45.0" z="0.0"/>
    <Vector3 x="0.0" y="45.0" z="0.0"/>
    <Vector3 x="0.0" y="41.0" z="0.0"/>
    <Vector3 x="0.0" y="40.0" z="0.0"/>
    <Vector3 x="0.0" y="43.0" z="0.0"/>
    <Vector3 x="0.0" y="40.0" z="0.0"/>
    <Vector3 x="0.0" y="41.0" z="0.0"/>
    <Vector3 x="0.0" y="40.0" z="0.0"/>
    <Vector3 x="0.0" y="41.0" z="0.0"/>
    <Vector3 x="0.0" y="41.0" z="0.0"/>
    <Vector3 x="0.0" y="41.0" z="0.0"/>
    <Vector3 x="0.0" y="40.0" z="0.0"/>
    <Vector3 x="0.0" y="41.0" z="0.0"/>
    <Vector3 x="0.0" y="41.0" z="0.0"/>
    <Vector3 x="0.0" y="40.0" z="0.0"/>
    <Vector3 x="0.0" y="40.0" z="0.0"/>
    <Vector3 x="0.0" y="40.0" z="0.0"/>
    <Vector3 x="0.0" y="41.0" z="0.0"/>
    <Vector3 x="0.0" y="39.0" z="0.0"/>
    <Vector3 x="0.0" y="44.0" z="0.0"/>
    <Vector3 x="0.0" y="39.0" z="0.0"/>
    <Vector3 x="0.0" y="41.0" z="0.0"/>
    <Vector3 x="0.0" y="39.0" z="0.0"/>
    <Vector3 x="0.0" y="41.0" z="0.0"/>
    <Vector3 x="0.0" y="41.0" z="0.0"/>
    <Vector3 x="0.0" y="41.0" z="0.0"/>
    <Vector3 x="0.0" y="41.0" z="0.0"/>
    <Vector3 x="0.0" y="41.0" z="0.0"/>
    <Vector3 x="0.0" y="41.0" z="0.0"/>
    <Vector3 x="0.0" y="41.0" z="0.0"/>
    <Vector3 x="0.0" y="39.0" z="0.0"/>
    <Vector3 x="0.0" y="40.0" z="0.0"/>
    <Vector3 x="0.0" y="44.0" z="0.0"/>
    <Vector3 x="0.0" y="44.0" z="0.0"/>
    <Vector3 x="0.0" y="44.0" z="0.0"/>
    <Vector3 x="0.0" y="40.0" z="0.0"/>
    <Vector3 x="0.0" y="41.0" z="0.0"/>
    <Vector3 x="0.0" y="38.0" z="0.0"/>
    <Vector3 x="0.0" y="41.0" z="0.0"/>
    <Vector3 x="0.0" y="40.0" z="0.0"/>
    <Vector3 x="0.0" y="43.0" z="0.0"/>
    <Vector3 x="0.0" y="40.0" z="0.0"/>
    <Vector3 x="0.0" y="41.0" z="0.0"/>
    <Vector3 x="0.0" y="41.0" z="0.0"/>
    <Vector3 x="0.0" y="41.0" z="0.0"/>
    <Vector3 x="0.0" y="41.0" z="0.0"/>
    <Vector3 x="0.0" y="41.0" z="0.0"/>
    <Vector3 x="0.0" y="41.0" z="0.0"/>
    <Vector3 x="0.0" y="39.0" z="0.0"/>
    <Vector3 x="0.0" y="44.0" z="0.0"/>
    <Vector3 x="0.0" y="44.0" z="0.0"/>
    <Vector3 x="0.0" y="43.0" z="0.0"/>
    <Vector3 x="0.0" y="40.0" z="0.0"/>
    <Vector3 x="0.0" y="40.0" z="0.0"/>
    <Vector3 x="0.0" y="40.0" z="0.0"/>
    <Vector3 x="0.0" y="39.0" z="0.0"/>
    <Vector3 x="0.0" y="40.0" z="0.0"/>
    <Vector3 x="0.0" y="41.0" z="0.0"/>
    <Vector3 x="0.0" y="38.0" z="0.0"/>
    <Vector3 x="0.0" y="41.0" z="0.0"/>
    <Vector3 x="0.0" y="41.0" z="0.0"/>
    <Vector3 x="0.0" y="41.0" z="0.0"/>
    <Vector3 x="0.0" y="41.0" z="0.0"/>
    <Vector3 x="0.0" y="41.0" z="0.0"/>
    <Vector3 x="0.0" y="41.0" z="0.0"/>
    <Vector3 x="0.0" y="38.0" z="0.0"/>
    <Vector3 x="0.0" y="39.0" z="0.0"/>
    <Vector3 x="0.0" y="43.0" z="0.0"/>
    <Vector3 x="0.0" y="43.0" z="0.0"/>
    <Vector3 x="0.0" y="43.0" z="0.0"/>
    <Vector3 x="0.0" y="43.0" z="0.0"/>
    <Vector3 x="0.0" y="43.0" z="0.0"/>
    <Vector3 x="0.0" y="43.0" z="0.0"/>
    <Vector3 x="0.0" y="43.0" z="0.0"/>
    <Vector3 x="0.0" y="39.0" z="0.0"/>
    <Vector3 x="0.0" y="41.0" z="0.0"/>
    <Vector3 x="0.0" y="42.0" z="0.0"/>
    <Vector3 x="0.0" y="40.0" z="0.0"/>
    <Vector3 x="0.0" y="43.0" z="0.0"/>
    <Vector3 x="0.0" y="38.0" z="0.0"/>
    <Vector3 x="0.0" y="38.0" z="0.0"/>
    <Vector3 x="0.0" y="40.0" z="0.0"/>
    <Vector3 x="0.0" y="38.0" z="0.0"/>
    <Vector3 x="0.0" y="41.0" z="0.0"/>
    <Vector3 x="0.0" y="41.0" z="0.0"/>
    <Vector3 x="0.0" y="41.0" z="0.0"/>
    <Vector3 x="0.0" y="44.0" z="0.0"/>
    <Vector3 x="0.0" y="43.0" z="0.0"/>
    <Vector3 x="0.0" y="43.0" z="0.0"/>
    <Vector3 x="0.0" y="43.0" z="0.0"/>
    <Vector3 x="0.0" y="39.0" z="0.0"/>
    <Vector3 x="0.0" y="41.0" z="0.0"/>
    <Vector3 x="0.0" y="39.0" z="0.0"/>
    <Vector3 x="0.0" y="39.0" z="0.0"/>
    <Vector3 x="0.0" y="41.0" z="0.0"/>
    <Vector3 x="0.0" y="41.0" z="0.0"/>
    <Vector3 x="0.0" y="38.0" z="0.0"/>
    <Vector3 x="0.0" y="37.0" z="0.0"/>
  </Kerning>
  <CharMap>
    <Char c="&#10;"/>
    <Char c="&#13;"/>
    <Char c=" "/>
    <Char c="!"/>
    <Char c="&quot;"/>
    <Char c="#"/>
    <Char c="$"/>
    <Char c="%"/>
    <Char c="&amp;"/>
    <Char c="'"/>
    <Char c="("/>
    <Char c=")"/>
    <Char c="*"/>
    <Char c="+"/>
    <Char c=","/>
    <Char c="-"/>
    <Char c="."/>
    <Char c="/"/>
    <Char c="0"/>
    <Char c="1"/>
    <Char c="2"/>
    <Char c="3"/>
    <Char c="4"/>
    <Char c="5"/>
    <Char c="6"/>
    <Char c="7"/>
    <Char c="8"/>
    <Char c="9"/>
    <Char c=":"/>
    <Char c=";"/>
    <Char c="&lt;"/>
    <Char c="="/>
    <Char c="&gt;"/>
    <Char c="?"/>
    <Char c="@"/>
    <Char c="A"/>
    <Char c="B"/>
    <Char c="C"/>
    <Char c="D"/>
    <Char c="E"/>
    <Char c="F"/>
    <Char c="G"/>
    <Char c="H"/>
    <Char c="I"/>
    <Char c="J"/>
    <Char c="K"/>
    <Char c="L"/>
    <Char c="M"/>
    <Char c="N"/>
    <Char c="O"/>
    <Char c="P"/>
    <Char c="Q"/>
    <Char c="R"/>
    <Char c="S"/>
    <Char c="T"/>
    <Char c="U"/>
    <Char c="V"/>
    <Char c="W"/>
    <Char c="X"/>
    <Char c="Y"/>
    <Char c="Z"/>
    <Char c="["/>
    <Char c="\"/>
    <Char c="]"/>
    <Char c="^"/>
    <Char c="_"/>
    <Char c="`"/>
    <Char c="a"/>
    <Char c="b"/>
    <Char c="c"/>
    <Char c="d"/>
    <Char c="e"/>
    <Char c="f"/>
    <Char c="g"/>
    <Char c="h"/>
    <Char c="i"/>
    <Char c="j"/>
    <Char c="k"/>
    <Char c="l"/>
    <Char c="m"/>
    <Char c="n"/>
    <Char c="o"/>
    <Char c="p"/>
    <Char c="q"/>
    <Char c="r"/>
    <Char c="s"/>
    <Char c="t"/>
    <Char c="u"/>
    <Char c="v"/>
    <Char c="w"/>
    <Char c="x"/>
    <Char c="y"/>
    <Char c="z"/>
    <Char c="{"/>
    <Char c="|"/>
    <Char c="}"/>
    <Char c="~"/>
    <Char c=" "/>
    <Char c="Ç"/>
    <Char c="É"/>
    <Char c="ç"/>
    <Char c="é"/>
    <Char c="가"/>
    <Char c="각"/>
    <Char c="간"/>
    <Char c="갈"/>
    <Char c="감"/>
    <Char c="갑"/>
    <Char c="갔"/>
    <Char c="강"/>
    <Char c="같"/>
    <Char c="개"/>
    <Char c="거"/>
    <Char c="건"/>
    <Char c="걸"/>
    <Char c="겁"/>
    <Char c="것"/>
    <Char c="게"/>
    <Char c="겐"/>
    <Char c="겠"/>
    <Char c="겨"/>
    <Char c="결"/>
    <Char c="겼"/>
    <Char c="경"/>
    <Char c="계"/>
    <Char c="고"/>
    <Char c="곤"/>
    <Char c="곧"/>
    <Char c="곳"/>
    <Char c="공"/>
    <Char c="과"/>
    <Char c="관"/>
    <Char c="괜"/>
    <Char c="괴"/>
    <Char c="구"/>
    <Char c="국"/>
    <Char c="군"/>
    <Char c="굴"/>
    <Char c="권"/>
    <Char c="균"/>
    <Char c="그"/>
    <Char c="근"/>
    <Char c="글"/>
    <Char c="금"/>
    <Char c="기"/>
    <Char c="긴"/>
    <Char c="길"/>
    <Char c="까"/>
    <Char c="깐"/>
    <Char c="깥"/>
    <Char c="꺼"/>
    <Char c="께"/>
    <Char c="껴"/>
    <Char c="꼭"/>
    <Char c="꾸"/>
    <Char c="꿀"/>
    <Char c="끌"/>
    <Char c="끔"/>
    <Char c="끝"/>
    <Char c="끼"/>
    <Char c="나"/>
    <Char c="난"/>
    <Char c="날"/>
    <Char c="납"/>
    <Char c="났"/>
    <Char c="내"/>
    <Char c="낸"/>
    <Char c="냈"/>
    <Char c="냥"/>
    <Char c="너"/>
    <Char c="널"/>
    <Char c="네"/>
    <Char c="넷"/>
    <Char c="녕"/>
    <Char c="녜"/>
    <Char c="노"/>
    <Char c="논"/>
    <Char c="놀"/>
    <Char c="농"/>
    <Char c="놓"/>
    <Char c="누"/>
    <Char c="눈"/>
    <Char c="눌"/>
    <Char c="뉘"/>
    <Char c="뉴"/>
    <Char c="느"/>
    <Char c="는"/>
    <Char c="늘"/>
    <Char c="니"/>
    <Char c="닌"/>
    <Char c="님"/>
    <Char c="닙"/>
    <Char c="다"/>
    <Char c="단"/>
    <Char c="닮"/>
    <Char c="담"/>
    <Char c="답"/>
    <Char c="당"/>
    <Char c="대"/>
    <Char c="더"/>
    <Char c="던"/>
    <Char c="덩"/>
    <Char c="덮"/>
    <Char c="데"/>
    <Char c="도"/>
    <Char c="독"/>
    <Char c="돌"/>
    <Char c="동"/>
    <Char c="돼"/>
    <Char c="됐"/>
    <Char c="되"/>
    <Char c="된"/>
    <Char c="될"/>
    <Char c="됨"/>
    <Char c="됩"/>
    <Char c="두"/>
    <Char c="둘"/>
    <Char c="뒤"/>
    <Char c="드"/>
    <Char c="든"/>
    <Char c="들"/>
    <Char c="등"/>
    <Char c="디"/>
    <Char c="딘"/>
    <Char c="딩"/>
    <Char c="따"/>
    <Char c="때"/>
    <Char c="떠"/>
    <Char c="떤"/>
    <Char c="떨"/>
    <Char c="떻"/>
    <Char c="또"/>
    <Char c="똑"/>
    <Char c="뛰"/>
    <Char c="뛸"/>
    <Char c="뜨"/>
    <Char c="뜻"/>
    <Char c="라"/>
    <Char c="락"/>
    <Char c="란"/>
    <Char c="람"/>
    <Char c="랍"/>
    <Char c="랑"/>
    <Char c="래"/>
    <Char c="랙"/>
    <Char c="랜"/>
    <Char c="러"/>
    <Char c="런"/>
    <Char c="럴"/>
    <Char c="럼"/>
    <Char c="럽"/>
    <Char c="렀"/>
    <Char c="렇"/>
    <Char c="레"/>
    <Char c="렌"/>
    <Char c="려"/>
    <Char c="력"/>
    <Char c="렸"/>
    <Char c="례"/>
    <Char c="로"/>
    <Char c="록"/>
    <Char c="론"/>
    <Char c="롤"/>
    <Char c="롯"/>
    <Char c="료"/>
    <Char c="루"/>
    <Char c="륨"/>
    <Char c="르"/>
    <Char c="른"/>
    <Char c="를"/>
    <Char c="름"/>
    <Char c="리"/>
    <Char c="린"/>
    <Char c="릴"/>
    <Char c="림"/>
    <Char c="립"/>
    <Char c="마"/>
    <Char c="막"/>
    <Char c="만"/>
    <Char c="많"/>
    <Char c="말"/>
    <Char c="망"/>
    <Char c="맞"/>
    <Char c="매"/>
    <Char c="맹"/>
    <Char c="머"/>
    <Char c="멋"/>
    <Char c="멍"/>
    <Char c="메"/>
    <Char c="며"/>
    <Char c="면"/>
    <Char c="명"/>
    <Char c="몇"/>
    <Char c="모"/>
    <Char c="목"/>
    <Char c="몰"/>
    <Char c="몸"/>
    <Char c="못"/>
    <Char c="무"/>
    <Char c="문"/>
    <Char c="물"/>
    <Char c="뭐"/>
    <Char c="뭔"/>
    <Char c="뭘"/>
    <Char c="미"/>
    <Char c="믿"/>
    <Char c="밀"/>
    <Char c="및"/>
    <Char c="바"/>
    <Char c="밖"/>
    <Char c="반"/>
    <Char c="받"/>
    <Char c="발"/>
    <Char c="밝"/>
    <Char c="밤"/>
    <Char c="방"/>
    <Char c="배"/>
    <Char c="밸"/>
    <Char c="버"/>
    <Char c="번"/>
    <Char c="범"/>
    <Char c="법"/>
    <Char c="벤"/>
    <Char c="벨"/>
    <Char c="변"/>
    <Char c="별"/>
    <Char c="보"/>
    <Char c="복"/>
    <Char c="본"/>
    <Char c="볼"/>
    <Char c="봇"/>
    <Char c="봉"/>
    <Char c="봐"/>
    <Char c="봤"/>
    <Char c="부"/>
    <Char c="분"/>
    <Char c="불"/>
    <Char c="붕"/>
    <Char c="붙"/>
    <Char c="브"/>
    <Char c="블"/>
    <Char c="비"/>
    <Char c="빈"/>
    <Char c="빌"/>
    <Char c="빙"/>
    <Char c="빛"/>
    <Char c="빨"/>
    <Char c="빼"/>
    <Char c="뻔"/>
    <Char c="뿐"/>
    <Char c="쁘"/>
    <Char c="쁜"/>
    <Char c="쁠"/>
    <Char c="사"/>
    <Char c="산"/>
    <Char c="살"/>
    <Char c="상"/>
    <Char c="새"/>
    <Char c="색"/>
    <Char c="생"/>
    <Char c="서"/>
    <Char c="석"/>
    <Char c="선"/>
    <Char c="설"/>
    <Char c="성"/>
    <Char c="세"/>
    <Char c="셔"/>
    <Char c="션"/>
    <Char c="소"/>
    <Char c="속"/>
    <Char c="손"/>
    <Char c="솔"/>
    <Char c="쇠"/>
    <Char c="수"/>
    <Char c="순"/>
    <Char c="숫"/>
    <Char c="스"/>
    <Char c="슨"/>
    <Char c="슬"/>
    <Char c="습"/>
    <Char c="시"/>
    <Char c="식"/>
    <Char c="신"/>
    <Char c="실"/>
    <Char c="심"/>
    <Char c="십"/>
    <Char c="싱"/>
    <Char c="싶"/>
    <Char c="쓰"/>
    <Char c="쓸"/>
    <Char c="씁"/>
    <Char c="씌"/>
    <Char c="씨"/>
    <Char c="씩"/>
    <Char c="씬"/>
    <Char c="아"/>
    <Char c="악"/>
    <Char c="안"/>
    <Char c="않"/>
    <Char c="알"/>
    <Char c="앗"/>
    <Char c="았"/>
    <Char c="앞"/>
    <Char c="앤"/>
    <Char c="야"/>
    <Char c="얏"/>
    <Char c="양"/>
    <Char c="얘"/>
    <Char c="어"/>
    <Char c="억"/>
    <Char c="언"/>
    <Char c="얼"/>
    <Char c="엄"/>
    <Char c="없"/>
    <Char c="었"/>
    <Char c="에"/>
    <Char c="엑"/>
    <Char c="엔"/>
    <Char c="여"/>
    <Char c="역"/>
    <Char c="연"/>
    <Char c="열"/>
    <Char c="였"/>
    <Char c="영"/>
    <Char c="예"/>
    <Char c="오"/>
    <Char c="온"/>
    <Char c="올"/>
    <Char c="옵"/>
    <Char c="와"/>
    <Char c="완"/>
    <Char c="왓"/>
    <Char c="왔"/>
    <Char c="왕"/>
    <Char c="왜"/>
    <Char c="왠"/>
    <Char c="외"/>
    <Char c="왼"/>
    <Char c="요"/>
    <Char c="용"/>
    <Char c="우"/>
    <Char c="운"/>
    <Char c="울"/>
    <Char c="움"/>
    <Char c="웃"/>
    <Char c="워"/>
    <Char c="원"/>
    <Char c="웠"/>
    <Char c="위"/>
    <Char c="유"/>
    <Char c="육"/>
    <Char c="으"/>
    <Char c="은"/>
    <Char c="을"/>
    <Char c="음"/>
    <Char c="응"/>
    <Char c="의"/>
    <Char c="이"/>
    <Char c="인"/>
    <Char c="일"/>
    <Char c="읽"/>
    <Char c="잃"/>
    <Char c="임"/>
    <Char c="입"/>
    <Char c="있"/>
    <Char c="잊"/>
    <Char c="자"/>
    <Char c="작"/>
    <Char c="잔"/>
    <Char c="잖"/>
    <Char c="잘"/>
    <Char c="잠"/>
    <Char c="잡"/>
    <Char c="장"/>
    <Char c="재"/>
    <Char c="저"/>
    <Char c="적"/>
    <Char c="전"/>
    <Char c="절"/>
    <Char c="점"/>
    <Char c="접"/>
    <Char c="정"/>
    <Char c="제"/>
    <Char c="져"/>
    <Char c="조"/>
    <Char c="존"/>
    <Char c="좀"/>
    <Char c="종"/>
    <Char c="좋"/>
    <Char c="죠"/>
    <Char c="주"/>
    <Char c="죽"/>
    <Char c="준"/>
    <Char c="줄"/>
    <Char c="줌"/>
    <Char c="줍"/>
    <Char c="중"/>
    <Char c="줘"/>
    <Char c="즈"/>
    <Char c="즘"/>
    <Char c="지"/>
    <Char c="직"/>
    <Char c="진"/>
    <Char c="질"/>
    <Char c="짐"/>
    <Char c="집"/>
    <Char c="짓"/>
    <Char c="짜"/>
    <Char c="짝"/>
    <Char c="짧"/>
    <Char c="째"/>
    <Char c="쨌"/>
    <Char c="쩌"/>
    <Char c="쪽"/>
    <Char c="차"/>
    <Char c="착"/>
    <Char c="찮"/>
    <Char c="참"/>
    <Char c="창"/>
    <Char c="찾"/>
    <Char c="책"/>
    <Char c="처"/>
    <Char c="첫"/>
    <Char c="청"/>
    <Char c="체"/>
    <Char c="쳐"/>
    <Char c="초"/>
    <Char c="촌"/>
    <Char c="총"/>
    <Char c="최"/>
    <Char c="추"/>
    <Char c="축"/>
    <Char c="춰"/>
    <Char c="취"/>
    <Char c="치"/>
    <Char c="친"/>
    <Char c="칭"/>
    <Char c="카"/>
    <Char c="커"/>
    <Char c="컨"/>
    <Char c="켜"/>
    <Char c="콘"/>
    <Char c="쿵"/>
    <Char c="큐"/>
    <Char c="크"/>
    <Char c="큰"/>
    <Char c="클"/>
    <Char c="큼"/>
    <Char c="키"/>
    <Char c="킬"/>
    <Char c="타"/>
    <Char c="탄"/>
    <Char c="탈"/>
    <Char c="태"/>
    <Char c="택"/>
    <Char c="터"/>
    <Char c="턴"/>
    <Char c="테"/>
    <Char c="텐"/>
    <Char c="템"/>
    <Char c="토"/>
    <Char c="통"/>
    <Char c="투"/>
    <Char c="트"/>
    <Char c="특"/>
    <Char c="튼"/>
    <Char c="티"/>
    <Char c="파"/>
    <Char c="판"/>
    <Char c="팔"/>
    <Char c="패"/>
    <Char c="퍼"/>
    <Char c="페"/>
    <Char c="펴"/>
    <Char c="편"/>
    <Char c="펼"/>
    <Char c="평"/>
    <Char c="포"/>
    <Char c="폭"/>
    <Char c="표"/>
    <Char c="풀"/>
    <Char c="프"/>
    <Char c="플"/>
    <Char c="피"/>
    <Char c="필"/>
    <Char c="하"/>
    <Char c="학"/>
    <Char c="한"/>
    <Char c="할"/>
    <Char c="함"/>
    <Char c="합"/>
    <Char c="항"/>
    <Char c="해"/>
    <Char c="핸"/>
    <Char c="했"/>
    <Char c="행"/>
    <Char c="향"/>
    <Char c="험"/>
    <Char c="혀"/>
    <Char c="현"/>
    <Char c="형"/>
    <Char c="호"/>
    <Char c="혹"/>
    <Char c="홀"/>
    <Char c="화"/>
    <Char c="확"/>
    <Char c="환"/>
    <Char c="활"/>
    <Char c="회"/>
    <Char c="후"/>
    <Char c="훨"/>
    <Char c="휘"/>
    <Char c="흔"/>
    <Char c="흩"/>
    <Char c="히"/>
    <Char c="힘"/>
  </CharMap>
</SpriteFont>
