<?xml version='1.0' encoding='UTF-8'?>
<SpriteFont width="4096" height="1108" hSpace="1.0" vSpace="107">
  <Glyphs>
    <Rectangle x="4092" y="1" w="1" h="1"/>
    <Rectangle x="4092" y="4" w="1" h="1"/>
    <Rectangle x="4092" y="7" w="1" h="1"/>
    <Rectangle x="3262" y="961" w="15" h="72"/>
    <Rectangle x="333" y="1038" w="25" h="29"/>
    <Rectangle x="2955" y="961" w="55" h="72"/>
    <Rectangle x="4032" y="585" w="49" h="94"/>
    <Rectangle x="333" y="961" w="66" h="75"/>
    <Rectangle x="4015" y="869" w="69" h="76"/>
    <Rectangle x="1057" y="1037" w="11" h="29"/>
    <Rectangle x="4062" y="295" w="28" h="93"/>
    <Rectangle x="4061" y="1" w="29" h="93"/>
    <Rectangle x="970" y="1037" w="37" h="35"/>
    <Rectangle x="915" y="1037" w="53" h="52"/>
    <Rectangle x="360" y="1038" w="15" h="25"/>
    <Rectangle x="171" y="572" w="26" h="10"/>
    <Rectangle x="54" y="179" w="14" h="14"/>
    <Rectangle x="26" y="103" w="40" h="74"/>
    <Rectangle x="4034" y="681" w="49" h="75"/>
    <Rectangle x="1771" y="961" w="37" h="72"/>
    <Rectangle x="992" y="961" w="46" h="74"/>
    <Rectangle x="499" y="961" w="46" h="75"/>
    <Rectangle x="3125" y="961" w="51" h="72"/>
    <Rectangle x="1321" y="961" w="46" h="73"/>
    <Rectangle x="401" y="961" w="47" h="75"/>
    <Rectangle x="3178" y="961" w="48" h="72"/>
    <Rectangle x="450" y="961" w="47" h="75"/>
    <Rectangle x="943" y="961" w="47" h="74"/>
    <Rectangle x="3257" y="1035" w="15" h="51"/>
    <Rectangle x="3186" y="1035" w="15" h="65"/>
    <Rectangle x="4025" y="295" w="35" h="96"/>
    <Rectangle x="377" y="1038" w="53" h="22"/>
    <Rectangle x="2027" y="393" w="35" h="95"/>
    <Rectangle x="1369" y="961" w="43" h="73"/>
    <Rectangle x="84" y="683" w="76" h="76"/>
    <Rectangle x="1895" y="961" w="75" h="72"/>
    <Rectangle x="2597" y="961" w="59" h="72"/>
    <Rectangle x="766" y="961" w="63" h="74"/>
    <Rectangle x="2268" y="961" w="66" h="72"/>
    <Rectangle x="2658" y="961" w="59" h="72"/>
    <Rectangle x="2780" y="961" w="57" h="72"/>
    <Rectangle x="623" y="961" w="71" h="74"/>
    <Rectangle x="1972" y="961" w="73" h="72"/>
    <Rectangle x="3228" y="961" w="32" h="72"/>
    <Rectangle x="1270" y="961" w="49" h="73"/>
    <Rectangle x="2404" y="961" w="64" h="72"/>
    <Rectangle x="2839" y="961" w="56" h="72"/>
    <Rectangle x="1514" y="961" w="89" h="72"/>
    <Rectangle x="2047" y="961" w="73" h="72"/>
    <Rectangle x="696" y="961" w="68" h="74"/>
    <Rectangle x="2897" y="961" w="56" h="72"/>
    <Rectangle x="547" y="961" w="74" h="74"/>
    <Rectangle x="2470" y="961" w="63" h="72"/>
    <Rectangle x="892" y="961" w="49" h="74"/>
    <Rectangle x="2535" y="961" w="60" h="72"/>
    <Rectangle x="1079" y="961" w="71" h="73"/>
    <Rectangle x="2122" y="961" w="71" h="72"/>
    <Rectangle x="1414" y="961" w="98" h="72"/>
    <Rectangle x="2195" y="961" w="71" h="72"/>
    <Rectangle x="2336" y="961" w="66" h="72"/>
    <Rectangle x="3012" y="961" w="55" h="72"/>
    <Rectangle x="4073" y="96" w="19" h="93"/>
    <Rectangle x="3014" y="1035" w="87" h="66"/>
    <Rectangle x="4073" y="191" w="19" h="93"/>
    <Rectangle x="1009" y="1037" w="46" h="32"/>
    <Rectangle x="84" y="761" w="52" h="8"/>
    <Rectangle x="26" y="179" w="26" h="15"/>
    <Rectangle x="3203" y="1035" w="52" h="56"/>
    <Rectangle x="1152" y="961" w="57" h="73"/>
    <Rectangle x="1183" y="1036" w="47" h="56"/>
    <Rectangle x="1211" y="961" w="57" h="73"/>
    <Rectangle x="1132" y="1036" w="49" h="56"/>
    <Rectangle x="1040" y="961" w="37" h="74"/>
    <Rectangle x="831" y="961" w="59" h="74"/>
    <Rectangle x="2719" y="961" w="59" h="72"/>
    <Rectangle x="511" y="778" w="28" h="72"/>
    <Rectangle x="1" y="103" w="23" h="89"/>
    <Rectangle x="3069" y="961" w="54" h="72"/>
    <Rectangle x="936" y="870" w="28" h="72"/>
    <Rectangle x="1276" y="1036" w="85" h="55"/>
    <Rectangle x="547" y="1037" w="59" h="55"/>
    <Rectangle x="1079" y="1036" w="51" h="56"/>
    <Rectangle x="3445" y="1034" w="57" h="71"/>
    <Rectangle x="3695" y="961" w="58" h="71"/>
    <Rectangle x="1363" y="1036" w="37" h="54"/>
    <Rectangle x="1232" y="1036" w="42" h="56"/>
    <Rectangle x="2975" y="1035" w="37" h="67"/>
    <Rectangle x="608" y="1037" w="58" h="54"/>
    <Rectangle x="757" y="1037" w="55" h="53"/>
    <Rectangle x="668" y="1037" w="87" h="53"/>
    <Rectangle x="814" y="1037" w="55" h="53"/>
    <Rectangle x="1747" y="1035" w="55" h="70"/>
    <Rectangle x="871" y="1037" w="42" h="53"/>
    <Rectangle x="4066" y="390" w="26" h="93"/>
    <Rectangle x="4083" y="585" w="10" h="74"/>
    <Rectangle x="2029" y="490" w="26" h="93"/>
    <Rectangle x="4034" y="758" w="57" h="16"/>
    <Rectangle x="4092" y="10" w="1" h="1"/>
    <Rectangle x="1" y="1" w="67" h="100"/>
    <Rectangle x="1969" y="393" w="56" h="95"/>
    <Rectangle x="1978" y="586" w="48" h="79"/>
    <Rectangle x="171" y="491" w="52" h="79"/>
    <Rectangle x="1909" y="1" w="88" h="96"/>
    <Rectangle x="1999" y="1" w="88" h="96"/>
    <Rectangle x="2604" y="489" w="87" h="94"/>
    <Rectangle x="2693" y="489" w="87" h="94"/>
    <Rectangle x="3076" y="393" w="88" h="94"/>
    <Rectangle x="3166" y="393" w="88" h="94"/>
    <Rectangle x="411" y="393" w="88" h="95"/>
    <Rectangle x="2089" y="1" w="88" h="96"/>
    <Rectangle x="3256" y="393" w="88" h="94"/>
    <Rectangle x="2745" y="99" w="81" h="96"/>
    <Rectangle x="2787" y="295" w="76" h="96"/>
    <Rectangle x="503" y="586" w="80" h="94"/>
    <Rectangle x="2059" y="681" w="78" h="94"/>
    <Rectangle x="3490" y="681" w="76" h="94"/>
    <Rectangle x="864" y="99" w="85" h="96"/>
    <Rectangle x="1" y="197" w="80" h="96"/>
    <Rectangle x="664" y="490" w="84" h="94"/>
    <Rectangle x="320" y="393" w="89" h="95"/>
    <Rectangle x="1602" y="295" w="77" h="96"/>
    <Rectangle x="2139" y="681" w="78" h="94"/>
    <Rectangle x="856" y="393" w="85" h="95"/>
    <Rectangle x="3411" y="295" w="75" h="96"/>
    <Rectangle x="83" y="197" w="80" h="96"/>
    <Rectangle x="2892" y="1035" w="81" h="68"/>
    <Rectangle x="3845" y="869" w="83" h="89"/>
    <Rectangle x="3930" y="869" w="83" h="89"/>
    <Rectangle x="968" y="776" w="83" h="91"/>
    <Rectangle x="1053" y="776" w="83" h="91"/>
    <Rectangle x="2179" y="1" w="88" h="96"/>
    <Rectangle x="3316" y="489" w="86" h="94"/>
    <Rectangle x="1094" y="490" w="83" h="94"/>
    <Rectangle x="2865" y="295" w="76" h="96"/>
    <Rectangle x="1" y="870" w="83" h="89"/>
    <Rectangle x="884" y="777" w="82" h="91"/>
    <Rectangle x="86" y="870" w="83" h="89"/>
    <Rectangle x="2833" y="870" w="82" h="89"/>
    <Rectangle x="2219" y="681" w="78" h="94"/>
    <Rectangle x="1811" y="869" w="85" h="89"/>
    <Rectangle x="3103" y="1035" w="81" h="65"/>
    <Rectangle x="2917" y="870" w="82" h="89"/>
    <Rectangle x="3001" y="870" w="82" h="89"/>
    <Rectangle x="3085" y="870" w="82" h="89"/>
    <Rectangle x="3873" y="295" w="74" h="96"/>
    <Rectangle x="2299" y="681" w="78" h="94"/>
    <Rectangle x="2779" y="681" w="77" h="94"/>
    <Rectangle x="1272" y="1" w="89" h="96"/>
    <Rectangle x="2782" y="489" w="87" h="94"/>
    <Rectangle x="2871" y="489" w="87" h="94"/>
    <Rectangle x="82" y="295" w="78" h="96"/>
    <Rectangle x="1641" y="197" w="79" h="96"/>
    <Rectangle x="162" y="295" w="78" h="96"/>
    <Rectangle x="1138" y="776" w="83" h="91"/>
    <Rectangle x="3925" y="960" w="81" h="89"/>
    <Rectangle x="3169" y="870" w="82" h="89"/>
    <Rectangle x="3253" y="870" w="82" h="89"/>
    <Rectangle x="171" y="870" w="83" h="89"/>
    <Rectangle x="3759" y="777" w="83" h="90"/>
    <Rectangle x="1681" y="295" w="77" h="96"/>
    <Rectangle x="248" y="99" w="86" h="96"/>
    <Rectangle x="3404" y="489" w="86" h="94"/>
    <Rectangle x="3492" y="489" w="86" h="94"/>
    <Rectangle x="3580" y="489" w="86" h="94"/>
    <Rectangle x="680" y="393" w="86" h="95"/>
    <Rectangle x="242" y="295" w="78" h="96"/>
    <Rectangle x="2953" y="585" w="81" h="94"/>
    <Rectangle x="1204" y="393" w="84" h="95"/>
    <Rectangle x="951" y="99" w="85" h="96"/>
    <Rectangle x="2943" y="295" w="76" h="96"/>
    <Rectangle x="2379" y="681" w="78" h="94"/>
    <Rectangle x="1722" y="197" w="79" h="96"/>
    <Rectangle x="336" y="99" w="86" h="96"/>
    <Rectangle x="3488" y="295" w="75" h="96"/>
    <Rectangle x="1803" y="197" w="79" h="96"/>
    <Rectangle x="3363" y="961" w="81" h="71"/>
    <Rectangle x="256" y="870" w="83" h="89"/>
    <Rectangle x="341" y="870" w="83" h="89"/>
    <Rectangle x="1223" y="776" w="83" h="91"/>
    <Rectangle x="1308" y="776" w="83" h="91"/>
    <Rectangle x="1308" y="869" w="82" h="90"/>
    <Rectangle x="3759" y="869" w="84" h="89"/>
    <Rectangle x="426" y="870" w="83" h="89"/>
    <Rectangle x="1884" y="197" w="79" h="96"/>
    <Rectangle x="1817" y="682" w="81" h="92"/>
    <Rectangle x="3504" y="1034" w="82" h="70"/>
    <Rectangle x="511" y="870" w="83" h="89"/>
    <Rectangle x="596" y="870" w="83" h="89"/>
    <Rectangle x="153" y="393" w="73" h="96"/>
    <Rectangle x="2459" y="681" w="78" h="94"/>
    <Rectangle x="469" y="682" w="73" h="94"/>
    <Rectangle x="317" y="682" w="74" h="94"/>
    <Rectangle x="3349" y="1" w="87" h="96"/>
    <Rectangle x="3346" y="393" w="88" h="94"/>
    <Rectangle x="3436" y="393" w="88" h="94"/>
    <Rectangle x="3526" y="393" w="88" h="94"/>
    <Rectangle x="3616" y="393" w="88" h="94"/>
    <Rectangle x="2269" y="1" w="88" h="96"/>
    <Rectangle x="1965" y="197" w="79" h="96"/>
    <Rectangle x="322" y="295" w="78" h="96"/>
    <Rectangle x="2029" y="585" w="82" h="94"/>
    <Rectangle x="1760" y="295" w="77" h="96"/>
    <Rectangle x="585" y="586" w="80" h="94"/>
    <Rectangle x="402" y="295" w="78" h="96"/>
    <Rectangle x="1498" y="1035" w="81" h="70"/>
    <Rectangle x="1393" y="776" w="83" h="91"/>
    <Rectangle x="681" y="870" w="83" h="89"/>
    <Rectangle x="1478" y="776" w="83" h="91"/>
    <Rectangle x="165" y="197" w="80" h="96"/>
    <Rectangle x="1038" y="99" w="85" h="96"/>
    <Rectangle x="2046" y="197" w="79" h="96"/>
    <Rectangle x="3036" y="585" w="81" h="94"/>
    <Rectangle x="667" y="586" w="80" h="94"/>
    <Rectangle x="2858" y="681" w="77" h="94"/>
    <Rectangle x="4020" y="489" w="75" h="94"/>
    <Rectangle x="3337" y="870" w="82" h="89"/>
    <Rectangle x="766" y="870" w="83" h="89"/>
    <Rectangle x="482" y="295" w="78" h="96"/>
    <Rectangle x="2310" y="1035" w="82" h="69"/>
    <Rectangle x="3421" y="870" w="82" h="89"/>
    <Rectangle x="851" y="870" w="83" h="89"/>
    <Rectangle x="1563" y="776" w="83" h="91"/>
    <Rectangle x="3565" y="295" w="75" h="96"/>
    <Rectangle x="2113" y="585" w="82" h="94"/>
    <Rectangle x="562" y="295" w="78" h="96"/>
    <Rectangle x="3438" y="1" w="87" h="96"/>
    <Rectangle x="247" y="197" w="80" h="96"/>
    <Rectangle x="3021" y="295" w="76" h="96"/>
    <Rectangle x="3119" y="585" w="81" h="94"/>
    <Rectangle x="3202" y="585" w="81" h="94"/>
    <Rectangle x="2127" y="197" w="79" h="96"/>
    <Rectangle x="3588" y="1034" w="82" h="70"/>
    <Rectangle x="1648" y="776" w="83" h="91"/>
    <Rectangle x="2208" y="197" w="79" h="96"/>
    <Rectangle x="1897" y="586" w="79" h="94"/>
    <Rectangle x="3672" y="1034" w="82" h="70"/>
    <Rectangle x="2923" y="777" w="82" h="91"/>
    <Rectangle x="3527" y="1" w="87" h="96"/>
    <Rectangle x="3616" y="1" w="87" h="96"/>
    <Rectangle x="3706" y="393" w="88" h="94"/>
    <Rectangle x="3796" y="393" w="88" h="94"/>
    <Rectangle x="3886" y="393" w="88" h="94"/>
    <Rectangle x="2359" y="1" w="88" h="96"/>
    <Rectangle x="2289" y="197" w="79" h="96"/>
    <Rectangle x="329" y="197" w="80" h="96"/>
    <Rectangle x="1179" y="490" w="83" h="94"/>
    <Rectangle x="1839" y="295" w="77" h="96"/>
    <Rectangle x="3285" y="585" w="81" h="94"/>
    <Rectangle x="3368" y="585" w="81" h="94"/>
    <Rectangle x="2937" y="681" w="77" h="94"/>
    <Rectangle x="3016" y="681" w="77" h="94"/>
    <Rectangle x="943" y="393" w="85" h="95"/>
    <Rectangle x="1918" y="295" w="77" h="96"/>
    <Rectangle x="2828" y="99" w="81" h="96"/>
    <Rectangle x="1264" y="490" w="83" h="94"/>
    <Rectangle x="642" y="295" w="78" h="96"/>
    <Rectangle x="1997" y="295" w="77" h="96"/>
    <Rectangle x="1030" y="393" w="85" h="95"/>
    <Rectangle x="1989" y="99" w="82" h="96"/>
    <Rectangle x="3446" y="961" w="81" h="71"/>
    <Rectangle x="968" y="682" w="83" h="92"/>
    <Rectangle x="3844" y="777" w="83" h="90"/>
    <Rectangle x="3929" y="777" w="83" h="90"/>
    <Rectangle x="1053" y="682" w="83" h="92"/>
    <Rectangle x="3529" y="961" w="81" h="71"/>
    <Rectangle x="4014" y="777" w="81" h="90"/>
    <Rectangle x="1392" y="869" w="82" h="90"/>
    <Rectangle x="3612" y="961" w="81" h="71"/>
    <Rectangle x="86" y="778" w="83" h="90"/>
    <Rectangle x="171" y="778" w="83" h="90"/>
    <Rectangle x="256" y="778" w="83" h="90"/>
    <Rectangle x="3949" y="295" w="74" h="96"/>
    <Rectangle x="1" y="587" w="79" h="94"/>
    <Rectangle x="749" y="586" w="80" h="94"/>
    <Rectangle x="3568" y="681" w="76" h="94"/>
    <Rectangle x="3880" y="681" w="75" h="94"/>
    <Rectangle x="2449" y="1" w="88" h="96"/>
    <Rectangle x="1363" y="1" w="89" h="96"/>
    <Rectangle x="2712" y="393" w="89" h="94"/>
    <Rectangle x="1454" y="1" w="89" h="96"/>
    <Rectangle x="3976" y="393" w="88" h="94"/>
    <Rectangle x="1545" y="1" w="89" h="96"/>
    <Rectangle x="1636" y="1" w="89" h="96"/>
    <Rectangle x="2073" y="99" w="82" h="96"/>
    <Rectangle x="2911" y="99" w="81" h="96"/>
    <Rectangle x="2370" y="197" w="79" h="96"/>
    <Rectangle x="1125" y="99" w="85" h="96"/>
    <Rectangle x="2451" y="197" w="79" h="96"/>
    <Rectangle x="2994" y="99" w="81" h="96"/>
    <Rectangle x="2532" y="197" w="79" h="96"/>
    <Rectangle x="1349" y="490" w="83" h="94"/>
    <Rectangle x="2613" y="197" w="79" h="96"/>
    <Rectangle x="768" y="393" w="86" h="95"/>
    <Rectangle x="1581" y="1035" w="81" h="70"/>
    <Rectangle x="1733" y="776" w="83" h="91"/>
    <Rectangle x="1898" y="870" w="83" h="89"/>
    <Rectangle x="1983" y="870" w="83" h="89"/>
    <Rectangle x="1138" y="682" w="83" h="92"/>
    <Rectangle x="4008" y="960" w="81" h="89"/>
    <Rectangle x="3505" y="870" w="82" h="89"/>
    <Rectangle x="2068" y="870" w="83" h="89"/>
    <Rectangle x="722" y="295" w="78" h="96"/>
    <Rectangle x="831" y="586" w="80" h="94"/>
    <Rectangle x="913" y="586" w="80" h="94"/>
    <Rectangle x="802" y="295" w="78" h="96"/>
    <Rectangle x="2197" y="585" w="82" h="94"/>
    <Rectangle x="2281" y="585" w="82" h="94"/>
    <Rectangle x="1290" y="393" w="84" h="95"/>
    <Rectangle x="2539" y="1" w="88" h="96"/>
    <Rectangle x="2629" y="1" w="88" h="96"/>
    <Rectangle x="2064" y="489" w="88" h="94"/>
    <Rectangle x="2154" y="489" w="88" h="94"/>
    <Rectangle x="2244" y="489" w="88" h="94"/>
    <Rectangle x="2719" y="1" w="88" h="96"/>
    <Rectangle x="2334" y="489" w="88" h="94"/>
    <Rectangle x="2809" y="1" w="88" h="96"/>
    <Rectangle x="411" y="197" w="80" h="96"/>
    <Rectangle x="1434" y="490" w="83" h="94"/>
    <Rectangle x="882" y="295" w="78" h="96"/>
    <Rectangle x="3451" y="585" w="81" h="94"/>
    <Rectangle x="3095" y="681" w="77" h="94"/>
    <Rectangle x="3174" y="681" w="77" h="94"/>
    <Rectangle x="750" y="490" w="84" h="94"/>
    <Rectangle x="316" y="490" w="85" h="94"/>
    <Rectangle x="995" y="586" w="80" h="94"/>
    <Rectangle x="1077" y="586" w="80" h="94"/>
    <Rectangle x="1664" y="1035" w="81" h="70"/>
    <Rectangle x="1223" y="682" w="83" h="92"/>
    <Rectangle x="341" y="778" w="83" h="90"/>
    <Rectangle x="1818" y="776" w="83" h="91"/>
    <Rectangle x="1308" y="682" w="83" h="92"/>
    <Rectangle x="1393" y="682" w="83" h="92"/>
    <Rectangle x="2899" y="1" w="88" h="96"/>
    <Rectangle x="501" y="393" w="88" h="95"/>
    <Rectangle x="1" y="683" w="81" h="92"/>
    <Rectangle x="1476" y="869" w="82" h="90"/>
    <Rectangle x="1" y="777" w="83" h="91"/>
    <Rectangle x="1478" y="682" w="83" h="92"/>
    <Rectangle x="544" y="777" w="83" h="91"/>
    <Rectangle x="2394" y="1035" w="81" h="69"/>
    <Rectangle x="1560" y="869" w="82" h="90"/>
    <Rectangle x="2076" y="295" w="77" h="96"/>
    <Rectangle x="1159" y="586" w="80" h="94"/>
    <Rectangle x="82" y="587" w="79" h="94"/>
    <Rectangle x="2155" y="295" w="77" h="96"/>
    <Rectangle x="1718" y="393" w="82" h="95"/>
    <Rectangle x="2064" y="393" w="91" h="94"/>
    <Rectangle x="1212" y="99" w="85" h="96"/>
    <Rectangle x="836" y="490" w="84" h="94"/>
    <Rectangle x="1644" y="869" w="82" h="90"/>
    <Rectangle x="1895" y="1035" w="81" h="70"/>
    <Rectangle x="426" y="778" w="83" h="90"/>
    <Rectangle x="968" y="869" w="83" h="90"/>
    <Rectangle x="628" y="1" w="90" h="96"/>
    <Rectangle x="2803" y="393" w="89" h="94"/>
    <Rectangle x="2424" y="489" w="88" h="94"/>
    <Rectangle x="720" y="1" w="90" h="96"/>
    <Rectangle x="2157" y="99" w="82" h="96"/>
    <Rectangle x="493" y="197" w="80" h="96"/>
    <Rectangle x="2694" y="197" w="79" h="96"/>
    <Rectangle x="2775" y="197" w="79" h="96"/>
    <Rectangle x="962" y="295" w="78" h="96"/>
    <Rectangle x="3534" y="585" w="81" h="94"/>
    <Rectangle x="3617" y="585" w="81" h="94"/>
    <Rectangle x="1042" y="295" w="78" h="96"/>
    <Rectangle x="3077" y="99" w="81" h="96"/>
    <Rectangle x="2856" y="197" w="79" h="96"/>
    <Rectangle x="3700" y="585" w="81" h="94"/>
    <Rectangle x="3279" y="1034" w="81" h="71"/>
    <Rectangle x="544" y="682" w="83" h="93"/>
    <Rectangle x="629" y="777" w="83" h="91"/>
    <Rectangle x="714" y="777" w="83" h="91"/>
    <Rectangle x="2937" y="197" w="79" h="96"/>
    <Rectangle x="3427" y="777" w="81" h="91"/>
    <Rectangle x="3007" y="777" w="82" h="91"/>
    <Rectangle x="629" y="682" w="83" h="93"/>
    <Rectangle x="3362" y="1034" w="81" h="71"/>
    <Rectangle x="799" y="777" w="83" h="91"/>
    <Rectangle x="1903" y="777" w="83" h="91"/>
    <Rectangle x="1988" y="777" w="83" h="91"/>
    <Rectangle x="3018" y="197" w="79" h="96"/>
    <Rectangle x="2234" y="295" w="77" h="96"/>
    <Rectangle x="3783" y="585" w="81" h="94"/>
    <Rectangle x="1241" y="586" w="80" h="94"/>
    <Rectangle x="3253" y="681" w="77" h="94"/>
    <Rectangle x="2539" y="681" w="78" h="94"/>
    <Rectangle x="2313" y="295" w="77" h="96"/>
    <Rectangle x="3866" y="585" w="81" h="94"/>
    <Rectangle x="1978" y="1035" w="81" h="70"/>
    <Rectangle x="1053" y="869" w="83" h="90"/>
    <Rectangle x="1138" y="869" w="83" h="90"/>
    <Rectangle x="575" y="197" w="80" h="96"/>
    <Rectangle x="3099" y="197" w="79" h="96"/>
    <Rectangle x="657" y="197" w="80" h="96"/>
    <Rectangle x="2365" y="585" w="82" h="94"/>
    <Rectangle x="2989" y="1" w="88" h="96"/>
    <Rectangle x="424" y="99" w="86" h="96"/>
    <Rectangle x="2960" y="489" w="87" h="94"/>
    <Rectangle x="1299" y="99" w="85" h="96"/>
    <Rectangle x="922" y="490" w="84" h="94"/>
    <Rectangle x="3705" y="1" w="87" h="96"/>
    <Rectangle x="1117" y="393" w="85" h="95"/>
    <Rectangle x="403" y="490" w="85" h="94"/>
    <Rectangle x="1519" y="490" w="83" h="94"/>
    <Rectangle x="3794" y="1" w="87" h="96"/>
    <Rectangle x="1386" y="99" w="85" h="96"/>
    <Rectangle x="1473" y="99" w="85" h="96"/>
    <Rectangle x="2241" y="99" w="82" h="96"/>
    <Rectangle x="2392" y="295" w="77" h="96"/>
    <Rectangle x="3099" y="295" w="76" h="96"/>
    <Rectangle x="1323" y="586" w="80" h="94"/>
    <Rectangle x="3646" y="681" w="76" h="94"/>
    <Rectangle x="3957" y="681" w="75" h="94"/>
    <Rectangle x="1734" y="99" w="83" h="96"/>
    <Rectangle x="1886" y="393" w="81" h="95"/>
    <Rectangle x="3160" y="99" w="81" h="96"/>
    <Rectangle x="3243" y="99" w="81" h="96"/>
    <Rectangle x="1008" y="490" w="84" h="94"/>
    <Rectangle x="1900" y="682" w="76" h="92"/>
    <Rectangle x="3642" y="295" w="75" h="96"/>
    <Rectangle x="1978" y="681" w="79" h="94"/>
    <Rectangle x="3724" y="681" w="76" h="94"/>
    <Rectangle x="1802" y="393" w="82" h="95"/>
    <Rectangle x="3719" y="295" w="75" h="96"/>
    <Rectangle x="3326" y="99" w="81" h="96"/>
    <Rectangle x="1605" y="961" w="81" h="72"/>
    <Rectangle x="2073" y="777" w="83" h="91"/>
    <Rectangle x="2158" y="777" w="83" h="91"/>
    <Rectangle x="2243" y="777" w="83" h="91"/>
    <Rectangle x="3079" y="1" w="88" h="96"/>
    <Rectangle x="3049" y="489" w="87" h="94"/>
    <Rectangle x="3883" y="1" w="87" h="96"/>
    <Rectangle x="591" y="393" w="87" h="95"/>
    <Rectangle x="3972" y="1" w="87" h="96"/>
    <Rectangle x="3409" y="99" w="81" h="96"/>
    <Rectangle x="2449" y="585" w="82" h="94"/>
    <Rectangle x="3180" y="197" w="79" h="96"/>
    <Rectangle x="2533" y="585" w="82" h="94"/>
    <Rectangle x="1688" y="961" w="81" h="72"/>
    <Rectangle x="1604" y="490" w="83" h="94"/>
    <Rectangle x="3510" y="777" w="81" h="91"/>
    <Rectangle x="3091" y="777" w="82" h="91"/>
    <Rectangle x="2328" y="777" w="83" h="91"/>
    <Rectangle x="2413" y="777" w="83" h="91"/>
    <Rectangle x="714" y="682" w="83" h="93"/>
    <Rectangle x="3261" y="197" w="79" h="96"/>
    <Rectangle x="2619" y="681" w="78" h="94"/>
    <Rectangle x="1560" y="99" w="85" h="96"/>
    <Rectangle x="3342" y="197" w="79" h="96"/>
    <Rectangle x="3593" y="777" w="81" h="91"/>
    <Rectangle x="884" y="682" w="82" h="93"/>
    <Rectangle x="3279" y="961" w="82" h="71"/>
    <Rectangle x="1733" y="682" w="82" h="92"/>
    <Rectangle x="3175" y="777" w="82" h="91"/>
    <Rectangle x="3259" y="777" w="82" h="91"/>
    <Rectangle x="2617" y="585" w="82" h="94"/>
    <Rectangle x="3423" y="197" w="79" h="96"/>
    <Rectangle x="3796" y="295" w="75" h="96"/>
    <Rectangle x="1405" y="586" w="80" h="94"/>
    <Rectangle x="3332" y="681" w="77" h="94"/>
    <Rectangle x="1" y="393" w="74" h="96"/>
    <Rectangle x="77" y="393" w="74" h="96"/>
    <Rectangle x="163" y="682" w="75" h="94"/>
    <Rectangle x="240" y="682" w="75" h="94"/>
    <Rectangle x="1376" y="393" w="84" h="95"/>
    <Rectangle x="739" y="197" w="80" h="96"/>
    <Rectangle x="70" y="1" w="91" h="96"/>
    <Rectangle x="163" y="1" w="91" h="96"/>
    <Rectangle x="2157" y="393" w="91" h="94"/>
    <Rectangle x="256" y="1" w="91" h="96"/>
    <Rectangle x="2436" y="393" w="90" h="94"/>
    <Rectangle x="2250" y="393" w="91" h="94"/>
    <Rectangle x="2343" y="393" w="91" h="94"/>
    <Rectangle x="349" y="1" w="91" h="96"/>
    <Rectangle x="1819" y="99" w="83" h="96"/>
    <Rectangle x="821" y="197" w="80" h="96"/>
    <Rectangle x="3492" y="99" w="81" h="96"/>
    <Rectangle x="490" y="490" w="85" h="94"/>
    <Rectangle x="2701" y="585" w="82" h="94"/>
    <Rectangle x="3949" y="585" w="81" h="94"/>
    <Rectangle x="171" y="586" w="81" h="94"/>
    <Rectangle x="3575" y="99" w="81" h="96"/>
    <Rectangle x="2325" y="99" w="82" h="96"/>
    <Rectangle x="903" y="197" w="80" h="96"/>
    <Rectangle x="2061" y="1035" w="81" h="70"/>
    <Rectangle x="2153" y="870" w="83" h="89"/>
    <Rectangle x="2238" y="870" w="83" h="89"/>
    <Rectangle x="2498" y="777" w="83" h="91"/>
    <Rectangle x="2583" y="777" w="83" h="91"/>
    <Rectangle x="2144" y="1035" w="81" h="70"/>
    <Rectangle x="1" y="961" w="81" h="89"/>
    <Rectangle x="2668" y="777" w="83" h="91"/>
    <Rectangle x="3589" y="870" w="82" h="89"/>
    <Rectangle x="2323" y="870" w="83" h="89"/>
    <Rectangle x="2408" y="870" w="83" h="89"/>
    <Rectangle x="2493" y="870" w="83" h="89"/>
    <Rectangle x="2753" y="777" w="83" h="91"/>
    <Rectangle x="985" y="197" w="80" h="96"/>
    <Rectangle x="2477" y="1035" w="81" h="69"/>
    <Rectangle x="3673" y="870" w="82" h="89"/>
    <Rectangle x="1067" y="197" w="80" h="96"/>
    <Rectangle x="3504" y="197" w="79" h="96"/>
    <Rectangle x="1689" y="490" w="83" h="94"/>
    <Rectangle x="1774" y="490" w="83" h="94"/>
    <Rectangle x="1487" y="586" w="80" h="94"/>
    <Rectangle x="1569" y="586" w="80" h="94"/>
    <Rectangle x="1647" y="99" w="85" h="96"/>
    <Rectangle x="442" y="1" w="91" h="96"/>
    <Rectangle x="535" y="1" w="91" h="96"/>
    <Rectangle x="2528" y="393" w="90" h="94"/>
    <Rectangle x="2409" y="99" w="82" h="96"/>
    <Rectangle x="228" y="393" w="90" h="95"/>
    <Rectangle x="3658" y="99" w="81" h="96"/>
    <Rectangle x="3676" y="777" w="81" h="91"/>
    <Rectangle x="812" y="1" w="90" h="96"/>
    <Rectangle x="904" y="1" w="90" h="96"/>
    <Rectangle x="996" y="1" w="90" h="96"/>
    <Rectangle x="2620" y="393" w="90" h="94"/>
    <Rectangle x="1088" y="1" w="90" h="96"/>
    <Rectangle x="1180" y="1" w="90" h="96"/>
    <Rectangle x="2493" y="99" w="82" h="96"/>
    <Rectangle x="1149" y="197" w="80" h="96"/>
    <Rectangle x="512" y="99" w="86" h="96"/>
    <Rectangle x="1231" y="197" w="80" h="96"/>
    <Rectangle x="2577" y="99" w="82" h="96"/>
    <Rectangle x="1313" y="197" w="80" h="96"/>
    <Rectangle x="167" y="961" w="81" h="77"/>
    <Rectangle x="799" y="682" w="83" h="93"/>
    <Rectangle x="1548" y="393" w="83" h="95"/>
    <Rectangle x="3585" y="197" w="79" h="96"/>
    <Rectangle x="3741" y="99" w="81" h="96"/>
    <Rectangle x="1633" y="393" w="83" h="95"/>
    <Rectangle x="3666" y="197" w="79" h="96"/>
    <Rectangle x="3747" y="197" w="79" h="96"/>
    <Rectangle x="3824" y="99" w="81" h="96"/>
    <Rectangle x="2785" y="585" w="82" h="94"/>
    <Rectangle x="3828" y="197" w="79" h="96"/>
    <Rectangle x="1727" y="1" w="89" h="96"/>
    <Rectangle x="1122" y="295" w="78" h="96"/>
    <Rectangle x="254" y="586" w="81" h="94"/>
    <Rectangle x="3909" y="197" w="79" h="96"/>
    <Rectangle x="2578" y="870" w="83" h="89"/>
    <Rectangle x="3343" y="777" w="82" h="91"/>
    <Rectangle x="84" y="961" w="81" h="89"/>
    <Rectangle x="2560" y="1035" w="81" h="69"/>
    <Rectangle x="1811" y="960" w="82" h="89"/>
    <Rectangle x="3757" y="960" w="82" h="89"/>
    <Rectangle x="3841" y="960" w="82" h="89"/>
    <Rectangle x="1202" y="295" w="78" h="96"/>
    <Rectangle x="1651" y="586" w="80" h="94"/>
    <Rectangle x="3169" y="1" w="88" h="96"/>
    <Rectangle x="2894" y="393" w="89" h="94"/>
    <Rectangle x="2985" y="393" w="89" h="94"/>
    <Rectangle x="1395" y="197" w="80" h="96"/>
    <Rectangle x="3907" y="99" w="81" h="96"/>
    <Rectangle x="3177" y="295" w="76" h="96"/>
    <Rectangle x="1859" y="490" w="83" h="94"/>
    <Rectangle x="3990" y="197" w="79" h="96"/>
    <Rectangle x="577" y="490" w="85" h="94"/>
    <Rectangle x="1733" y="586" w="80" h="94"/>
    <Rectangle x="2227" y="1035" w="81" h="70"/>
    <Rectangle x="1563" y="682" w="83" h="92"/>
    <Rectangle x="1728" y="869" w="81" h="90"/>
    <Rectangle x="1414" y="1035" w="82" h="70"/>
    <Rectangle x="1648" y="682" w="83" h="92"/>
    <Rectangle x="1223" y="869" w="83" h="90"/>
    <Rectangle x="1282" y="295" w="78" h="96"/>
    <Rectangle x="1818" y="1" w="89" h="96"/>
    <Rectangle x="2514" y="489" w="88" h="94"/>
    <Rectangle x="3138" y="489" w="87" h="94"/>
    <Rectangle x="2661" y="99" w="82" h="96"/>
    <Rectangle x="1477" y="197" w="80" h="96"/>
    <Rectangle x="1559" y="197" w="80" h="96"/>
    <Rectangle x="1362" y="295" w="78" h="96"/>
    <Rectangle x="337" y="586" w="81" h="94"/>
    <Rectangle x="420" y="586" w="81" h="94"/>
    <Rectangle x="2471" y="295" w="77" h="96"/>
    <Rectangle x="2643" y="1035" w="81" h="69"/>
    <Rectangle x="2838" y="777" w="83" h="91"/>
    <Rectangle x="2726" y="1035" w="81" h="69"/>
    <Rectangle x="2663" y="870" w="83" h="89"/>
    <Rectangle x="2809" y="1035" w="81" h="69"/>
    <Rectangle x="2748" y="870" w="83" h="89"/>
    <Rectangle x="2550" y="295" w="77" h="96"/>
    <Rectangle x="2699" y="681" w="78" h="94"/>
    <Rectangle x="70" y="99" w="87" h="96"/>
    <Rectangle x="600" y="99" w="86" h="96"/>
    <Rectangle x="3668" y="489" w="86" h="94"/>
    <Rectangle x="3756" y="489" w="86" h="94"/>
    <Rectangle x="3844" y="489" w="86" h="94"/>
    <Rectangle x="3932" y="489" w="86" h="94"/>
    <Rectangle x="688" y="99" w="86" h="96"/>
    <Rectangle x="1442" y="295" w="78" h="96"/>
    <Rectangle x="2869" y="585" w="82" h="94"/>
    <Rectangle x="1462" y="393" w="84" h="95"/>
    <Rectangle x="1" y="295" w="79" h="96"/>
    <Rectangle x="776" y="99" w="86" h="96"/>
    <Rectangle x="3802" y="681" w="76" h="94"/>
    <Rectangle x="2629" y="295" w="77" h="96"/>
    <Rectangle x="1815" y="586" w="80" h="94"/>
    <Rectangle x="3255" y="295" w="76" h="96"/>
    <Rectangle x="250" y="961" w="81" h="76"/>
    <Rectangle x="1904" y="99" w="83" h="96"/>
    <Rectangle x="1944" y="490" w="83" h="94"/>
    <Rectangle x="3259" y="1" w="88" h="96"/>
    <Rectangle x="159" y="99" w="87" h="96"/>
    <Rectangle x="3227" y="489" w="87" h="94"/>
    <Rectangle x="228" y="490" w="86" h="94"/>
    <Rectangle x="1522" y="295" w="78" h="96"/>
    <Rectangle x="3990" y="99" w="81" h="96"/>
    <Rectangle x="3411" y="681" w="77" h="94"/>
    <Rectangle x="2708" y="295" w="77" h="96"/>
    <Rectangle x="1" y="491" w="83" h="94"/>
    <Rectangle x="86" y="491" w="83" h="94"/>
    <Rectangle x="3333" y="295" w="76" h="96"/>
    <Rectangle x="393" y="682" w="74" h="94"/>
  </Glyphs>
  <Cropping>
    <Rectangle x="35" y="179" w="36" h="120"/>
    <Rectangle x="35" y="179" w="36" h="120"/>
    <Rectangle x="35" y="179" w="36" h="120"/>
    <Rectangle x="0" y="11" w="15" h="120"/>
    <Rectangle x="0" y="11" w="25" h="120"/>
    <Rectangle x="0" y="11" w="55" h="120"/>
    <Rectangle x="0" y="0" w="49" h="120"/>
    <Rectangle x="0" y="9" w="66" h="120"/>
    <Rectangle x="0" y="9" w="69" h="120"/>
    <Rectangle x="0" y="11" w="11" h="120"/>
    <Rectangle x="0" y="9" w="28" h="120"/>
    <Rectangle x="0" y="9" w="29" h="120"/>
    <Rectangle x="0" y="11" w="37" h="120"/>
    <Rectangle x="0" y="21" w="53" h="120"/>
    <Rectangle x="0" y="81" w="15" h="120"/>
    <Rectangle x="0" y="50" w="26" h="120"/>
    <Rectangle x="0" y="86" w="14" h="120"/>
    <Rectangle x="0" y="9" w="40" h="120"/>
    <Rectangle x="0" y="9" w="49" h="120"/>
    <Rectangle x="0" y="11" w="37" h="120"/>
    <Rectangle x="0" y="9" w="46" h="120"/>
    <Rectangle x="0" y="9" w="46" h="120"/>
    <Rectangle x="0" y="11" w="51" h="120"/>
    <Rectangle x="0" y="11" w="46" h="120"/>
    <Rectangle x="0" y="9" w="47" h="120"/>
    <Rectangle x="0" y="11" w="48" h="120"/>
    <Rectangle x="0" y="9" w="47" h="120"/>
    <Rectangle x="0" y="10" w="47" h="120"/>
    <Rectangle x="0" y="32" w="15" h="120"/>
    <Rectangle x="0" y="32" w="15" h="120"/>
    <Rectangle x="0" y="7" w="35" h="120"/>
    <Rectangle x="0" y="36" w="53" h="120"/>
    <Rectangle x="0" y="7" w="35" h="120"/>
    <Rectangle x="0" y="10" w="43" h="120"/>
    <Rectangle x="0" y="9" w="76" h="120"/>
    <Rectangle x="0" y="11" w="75" h="120"/>
    <Rectangle x="0" y="11" w="59" h="120"/>
    <Rectangle x="0" y="10" w="63" h="120"/>
    <Rectangle x="0" y="11" w="66" h="120"/>
    <Rectangle x="0" y="11" w="59" h="120"/>
    <Rectangle x="0" y="11" w="57" h="120"/>
    <Rectangle x="0" y="10" w="71" h="120"/>
    <Rectangle x="0" y="11" w="73" h="120"/>
    <Rectangle x="0" y="11" w="32" h="120"/>
    <Rectangle x="0" y="11" w="49" h="120"/>
    <Rectangle x="0" y="11" w="64" h="120"/>
    <Rectangle x="0" y="11" w="56" h="120"/>
    <Rectangle x="0" y="11" w="89" h="120"/>
    <Rectangle x="0" y="11" w="73" h="120"/>
    <Rectangle x="0" y="10" w="68" h="120"/>
    <Rectangle x="0" y="11" w="56" h="120"/>
    <Rectangle x="0" y="10" w="74" h="120"/>
    <Rectangle x="0" y="11" w="63" h="120"/>
    <Rectangle x="0" y="10" w="49" h="120"/>
    <Rectangle x="0" y="11" w="60" h="120"/>
    <Rectangle x="0" y="11" w="71" h="120"/>
    <Rectangle x="0" y="11" w="71" h="120"/>
    <Rectangle x="0" y="11" w="98" h="120"/>
    <Rectangle x="0" y="11" w="71" h="120"/>
    <Rectangle x="0" y="11" w="66" h="120"/>
    <Rectangle x="0" y="11" w="55" h="120"/>
    <Rectangle x="0" y="9" w="19" h="120"/>
    <Rectangle x="0" y="16" w="87" h="120"/>
    <Rectangle x="0" y="9" w="19" h="120"/>
    <Rectangle x="0" y="10" w="46" h="120"/>
    <Rectangle x="0" y="86" w="52" h="120"/>
    <Rectangle x="0" y="9" w="26" h="120"/>
    <Rectangle x="0" y="28" w="52" h="120"/>
    <Rectangle x="0" y="11" w="57" h="120"/>
    <Rectangle x="0" y="28" w="47" h="120"/>
    <Rectangle x="0" y="11" w="57" h="120"/>
    <Rectangle x="0" y="28" w="49" h="120"/>
    <Rectangle x="0" y="9" w="37" h="120"/>
    <Rectangle x="0" y="28" w="59" h="120"/>
    <Rectangle x="0" y="11" w="59" h="120"/>
    <Rectangle x="0" y="11" w="28" h="120"/>
    <Rectangle x="0" y="11" w="23" h="120"/>
    <Rectangle x="0" y="11" w="54" h="120"/>
    <Rectangle x="0" y="11" w="28" h="120"/>
    <Rectangle x="0" y="28" w="85" h="120"/>
    <Rectangle x="0" y="28" w="59" h="120"/>
    <Rectangle x="0" y="28" w="51" h="120"/>
    <Rectangle x="0" y="28" w="57" h="120"/>
    <Rectangle x="0" y="28" w="58" h="120"/>
    <Rectangle x="0" y="29" w="37" h="120"/>
    <Rectangle x="0" y="28" w="42" h="120"/>
    <Rectangle x="0" y="17" w="37" h="120"/>
    <Rectangle x="0" y="30" w="58" h="120"/>
    <Rectangle x="0" y="30" w="55" h="120"/>
    <Rectangle x="0" y="30" w="87" h="120"/>
    <Rectangle x="0" y="30" w="55" h="120"/>
    <Rectangle x="0" y="30" w="55" h="120"/>
    <Rectangle x="0" y="30" w="42" h="120"/>
    <Rectangle x="0" y="9" w="26" h="120"/>
    <Rectangle x="0" y="9" w="10" h="120"/>
    <Rectangle x="0" y="9" w="26" h="120"/>
    <Rectangle x="0" y="39" w="57" h="120"/>
    <Rectangle x="64" y="179" w="65" h="120"/>
    <Rectangle x="0" y="8" w="67" h="120"/>
    <Rectangle x="0" y="-10" w="56" h="120"/>
    <Rectangle x="0" y="29" w="48" h="120"/>
    <Rectangle x="0" y="8" w="52" h="120"/>
    <Rectangle x="0" y="5" w="88" h="120"/>
    <Rectangle x="0" y="5" w="88" h="120"/>
    <Rectangle x="0" y="5" w="87" h="120"/>
    <Rectangle x="0" y="5" w="87" h="120"/>
    <Rectangle x="0" y="5" w="88" h="120"/>
    <Rectangle x="0" y="5" w="88" h="120"/>
    <Rectangle x="0" y="5" w="88" h="120"/>
    <Rectangle x="0" y="5" w="88" h="120"/>
    <Rectangle x="0" y="5" w="88" h="120"/>
    <Rectangle x="0" y="5" w="81" h="120"/>
    <Rectangle x="0" y="5" w="76" h="120"/>
    <Rectangle x="0" y="5" w="80" h="120"/>
    <Rectangle x="0" y="5" w="78" h="120"/>
    <Rectangle x="0" y="5" w="76" h="120"/>
    <Rectangle x="0" y="5" w="85" h="120"/>
    <Rectangle x="0" y="5" w="80" h="120"/>
    <Rectangle x="0" y="5" w="84" h="120"/>
    <Rectangle x="0" y="5" w="89" h="120"/>
    <Rectangle x="0" y="5" w="77" h="120"/>
    <Rectangle x="0" y="5" w="78" h="120"/>
    <Rectangle x="0" y="5" w="85" h="120"/>
    <Rectangle x="0" y="5" w="75" h="120"/>
    <Rectangle x="0" y="5" w="80" h="120"/>
    <Rectangle x="0" y="14" w="81" h="120"/>
    <Rectangle x="0" y="10" w="83" h="120"/>
    <Rectangle x="0" y="10" w="83" h="120"/>
    <Rectangle x="0" y="10" w="83" h="120"/>
    <Rectangle x="0" y="10" w="83" h="120"/>
    <Rectangle x="0" y="5" w="88" h="120"/>
    <Rectangle x="0" y="5" w="86" h="120"/>
    <Rectangle x="0" y="5" w="83" h="120"/>
    <Rectangle x="0" y="5" w="76" h="120"/>
    <Rectangle x="0" y="12" w="83" h="120"/>
    <Rectangle x="0" y="10" w="82" h="120"/>
    <Rectangle x="0" y="10" w="83" h="120"/>
    <Rectangle x="0" y="10" w="82" h="120"/>
    <Rectangle x="0" y="5" w="78" h="120"/>
    <Rectangle x="0" y="10" w="85" h="120"/>
    <Rectangle x="0" y="15" w="81" h="120"/>
    <Rectangle x="0" y="10" w="82" h="120"/>
    <Rectangle x="0" y="10" w="82" h="120"/>
    <Rectangle x="0" y="10" w="82" h="120"/>
    <Rectangle x="0" y="5" w="74" h="120"/>
    <Rectangle x="0" y="5" w="78" h="120"/>
    <Rectangle x="0" y="5" w="77" h="120"/>
    <Rectangle x="0" y="5" w="89" h="120"/>
    <Rectangle x="0" y="5" w="87" h="120"/>
    <Rectangle x="0" y="5" w="87" h="120"/>
    <Rectangle x="0" y="5" w="78" h="120"/>
    <Rectangle x="0" y="5" w="79" h="120"/>
    <Rectangle x="0" y="5" w="78" h="120"/>
    <Rectangle x="0" y="10" w="83" h="120"/>
    <Rectangle x="0" y="12" w="81" h="120"/>
    <Rectangle x="0" y="10" w="82" h="120"/>
    <Rectangle x="0" y="10" w="82" h="120"/>
    <Rectangle x="0" y="10" w="83" h="120"/>
    <Rectangle x="0" y="10" w="83" h="120"/>
    <Rectangle x="0" y="5" w="77" h="120"/>
    <Rectangle x="0" y="5" w="86" h="120"/>
    <Rectangle x="0" y="5" w="86" h="120"/>
    <Rectangle x="0" y="5" w="86" h="120"/>
    <Rectangle x="0" y="5" w="86" h="120"/>
    <Rectangle x="0" y="5" w="86" h="120"/>
    <Rectangle x="0" y="5" w="78" h="120"/>
    <Rectangle x="0" y="5" w="81" h="120"/>
    <Rectangle x="0" y="5" w="84" h="120"/>
    <Rectangle x="0" y="5" w="85" h="120"/>
    <Rectangle x="0" y="5" w="76" h="120"/>
    <Rectangle x="0" y="5" w="78" h="120"/>
    <Rectangle x="0" y="5" w="79" h="120"/>
    <Rectangle x="0" y="5" w="86" h="120"/>
    <Rectangle x="0" y="5" w="75" h="120"/>
    <Rectangle x="0" y="5" w="79" h="120"/>
    <Rectangle x="0" y="11" w="81" h="120"/>
    <Rectangle x="0" y="10" w="83" h="120"/>
    <Rectangle x="0" y="10" w="83" h="120"/>
    <Rectangle x="0" y="10" w="83" h="120"/>
    <Rectangle x="0" y="10" w="83" h="120"/>
    <Rectangle x="0" y="11" w="82" h="120"/>
    <Rectangle x="0" y="10" w="84" h="120"/>
    <Rectangle x="0" y="10" w="83" h="120"/>
    <Rectangle x="0" y="5" w="79" h="120"/>
    <Rectangle x="0" y="12" w="81" h="120"/>
    <Rectangle x="0" y="11" w="82" h="120"/>
    <Rectangle x="0" y="10" w="83" h="120"/>
    <Rectangle x="0" y="10" w="83" h="120"/>
    <Rectangle x="0" y="5" w="73" h="120"/>
    <Rectangle x="0" y="5" w="78" h="120"/>
    <Rectangle x="0" y="5" w="73" h="120"/>
    <Rectangle x="0" y="5" w="74" h="120"/>
    <Rectangle x="0" y="5" w="87" h="120"/>
    <Rectangle x="0" y="5" w="88" h="120"/>
    <Rectangle x="0" y="5" w="88" h="120"/>
    <Rectangle x="0" y="5" w="88" h="120"/>
    <Rectangle x="0" y="5" w="88" h="120"/>
    <Rectangle x="0" y="5" w="88" h="120"/>
    <Rectangle x="0" y="5" w="79" h="120"/>
    <Rectangle x="0" y="5" w="78" h="120"/>
    <Rectangle x="0" y="5" w="82" h="120"/>
    <Rectangle x="0" y="5" w="77" h="120"/>
    <Rectangle x="0" y="5" w="80" h="120"/>
    <Rectangle x="0" y="5" w="78" h="120"/>
    <Rectangle x="0" y="12" w="81" h="120"/>
    <Rectangle x="0" y="10" w="83" h="120"/>
    <Rectangle x="0" y="10" w="83" h="120"/>
    <Rectangle x="0" y="10" w="83" h="120"/>
    <Rectangle x="0" y="5" w="80" h="120"/>
    <Rectangle x="0" y="5" w="85" h="120"/>
    <Rectangle x="0" y="5" w="79" h="120"/>
    <Rectangle x="0" y="5" w="81" h="120"/>
    <Rectangle x="0" y="5" w="80" h="120"/>
    <Rectangle x="0" y="5" w="77" h="120"/>
    <Rectangle x="0" y="5" w="75" h="120"/>
    <Rectangle x="0" y="12" w="82" h="120"/>
    <Rectangle x="0" y="10" w="83" h="120"/>
    <Rectangle x="0" y="5" w="78" h="120"/>
    <Rectangle x="0" y="12" w="82" h="120"/>
    <Rectangle x="0" y="10" w="82" h="120"/>
    <Rectangle x="0" y="10" w="83" h="120"/>
    <Rectangle x="0" y="10" w="83" h="120"/>
    <Rectangle x="0" y="5" w="75" h="120"/>
    <Rectangle x="0" y="5" w="82" h="120"/>
    <Rectangle x="0" y="5" w="78" h="120"/>
    <Rectangle x="0" y="5" w="87" h="120"/>
    <Rectangle x="0" y="5" w="80" h="120"/>
    <Rectangle x="0" y="5" w="76" h="120"/>
    <Rectangle x="0" y="5" w="81" h="120"/>
    <Rectangle x="0" y="5" w="81" h="120"/>
    <Rectangle x="0" y="5" w="79" h="120"/>
    <Rectangle x="0" y="12" w="82" h="120"/>
    <Rectangle x="0" y="10" w="83" h="120"/>
    <Rectangle x="0" y="5" w="79" h="120"/>
    <Rectangle x="0" y="5" w="79" h="120"/>
    <Rectangle x="0" y="12" w="82" h="120"/>
    <Rectangle x="0" y="10" w="82" h="120"/>
    <Rectangle x="0" y="5" w="87" h="120"/>
    <Rectangle x="0" y="5" w="87" h="120"/>
    <Rectangle x="0" y="5" w="88" h="120"/>
    <Rectangle x="0" y="5" w="88" h="120"/>
    <Rectangle x="0" y="5" w="88" h="120"/>
    <Rectangle x="0" y="5" w="88" h="120"/>
    <Rectangle x="0" y="5" w="79" h="120"/>
    <Rectangle x="0" y="5" w="80" h="120"/>
    <Rectangle x="0" y="5" w="83" h="120"/>
    <Rectangle x="0" y="5" w="77" h="120"/>
    <Rectangle x="0" y="5" w="81" h="120"/>
    <Rectangle x="0" y="5" w="81" h="120"/>
    <Rectangle x="0" y="5" w="77" h="120"/>
    <Rectangle x="0" y="5" w="77" h="120"/>
    <Rectangle x="0" y="5" w="85" h="120"/>
    <Rectangle x="0" y="5" w="77" h="120"/>
    <Rectangle x="0" y="5" w="81" h="120"/>
    <Rectangle x="0" y="5" w="83" h="120"/>
    <Rectangle x="0" y="5" w="78" h="120"/>
    <Rectangle x="0" y="5" w="77" h="120"/>
    <Rectangle x="0" y="5" w="85" h="120"/>
    <Rectangle x="0" y="5" w="82" h="120"/>
    <Rectangle x="0" y="11" w="81" h="120"/>
    <Rectangle x="0" y="9" w="83" h="120"/>
    <Rectangle x="0" y="9" w="83" h="120"/>
    <Rectangle x="0" y="9" w="83" h="120"/>
    <Rectangle x="0" y="9" w="83" h="120"/>
    <Rectangle x="0" y="11" w="81" h="120"/>
    <Rectangle x="0" y="11" w="81" h="120"/>
    <Rectangle x="0" y="9" w="82" h="120"/>
    <Rectangle x="0" y="11" w="81" h="120"/>
    <Rectangle x="0" y="9" w="83" h="120"/>
    <Rectangle x="0" y="9" w="83" h="120"/>
    <Rectangle x="0" y="9" w="83" h="120"/>
    <Rectangle x="0" y="5" w="74" h="120"/>
    <Rectangle x="0" y="5" w="79" h="120"/>
    <Rectangle x="0" y="5" w="80" h="120"/>
    <Rectangle x="0" y="5" w="76" h="120"/>
    <Rectangle x="0" y="5" w="75" h="120"/>
    <Rectangle x="0" y="5" w="88" h="120"/>
    <Rectangle x="0" y="5" w="89" h="120"/>
    <Rectangle x="0" y="5" w="89" h="120"/>
    <Rectangle x="0" y="5" w="89" h="120"/>
    <Rectangle x="0" y="5" w="88" h="120"/>
    <Rectangle x="0" y="5" w="89" h="120"/>
    <Rectangle x="0" y="5" w="89" h="120"/>
    <Rectangle x="0" y="5" w="82" h="120"/>
    <Rectangle x="0" y="5" w="81" h="120"/>
    <Rectangle x="0" y="5" w="79" h="120"/>
    <Rectangle x="0" y="5" w="85" h="120"/>
    <Rectangle x="0" y="5" w="79" h="120"/>
    <Rectangle x="0" y="5" w="81" h="120"/>
    <Rectangle x="0" y="5" w="79" h="120"/>
    <Rectangle x="0" y="5" w="83" h="120"/>
    <Rectangle x="0" y="5" w="79" h="120"/>
    <Rectangle x="0" y="5" w="86" h="120"/>
    <Rectangle x="0" y="12" w="81" h="120"/>
    <Rectangle x="0" y="10" w="83" h="120"/>
    <Rectangle x="0" y="10" w="83" h="120"/>
    <Rectangle x="0" y="10" w="83" h="120"/>
    <Rectangle x="0" y="10" w="83" h="120"/>
    <Rectangle x="0" y="12" w="81" h="120"/>
    <Rectangle x="0" y="10" w="82" h="120"/>
    <Rectangle x="0" y="10" w="83" h="120"/>
    <Rectangle x="0" y="5" w="78" h="120"/>
    <Rectangle x="0" y="5" w="80" h="120"/>
    <Rectangle x="0" y="5" w="80" h="120"/>
    <Rectangle x="0" y="5" w="78" h="120"/>
    <Rectangle x="0" y="5" w="82" h="120"/>
    <Rectangle x="0" y="5" w="82" h="120"/>
    <Rectangle x="0" y="5" w="84" h="120"/>
    <Rectangle x="0" y="5" w="88" h="120"/>
    <Rectangle x="0" y="5" w="88" h="120"/>
    <Rectangle x="0" y="5" w="88" h="120"/>
    <Rectangle x="0" y="5" w="88" h="120"/>
    <Rectangle x="0" y="5" w="88" h="120"/>
    <Rectangle x="0" y="5" w="88" h="120"/>
    <Rectangle x="0" y="5" w="88" h="120"/>
    <Rectangle x="0" y="5" w="88" h="120"/>
    <Rectangle x="0" y="5" w="80" h="120"/>
    <Rectangle x="0" y="5" w="83" h="120"/>
    <Rectangle x="0" y="5" w="78" h="120"/>
    <Rectangle x="0" y="5" w="81" h="120"/>
    <Rectangle x="0" y="5" w="77" h="120"/>
    <Rectangle x="0" y="5" w="77" h="120"/>
    <Rectangle x="0" y="5" w="84" h="120"/>
    <Rectangle x="0" y="5" w="85" h="120"/>
    <Rectangle x="0" y="5" w="80" h="120"/>
    <Rectangle x="0" y="5" w="80" h="120"/>
    <Rectangle x="0" y="12" w="81" h="120"/>
    <Rectangle x="0" y="9" w="83" h="120"/>
    <Rectangle x="0" y="9" w="83" h="120"/>
    <Rectangle x="0" y="8" w="83" h="120"/>
    <Rectangle x="0" y="9" w="83" h="120"/>
    <Rectangle x="0" y="9" w="83" h="120"/>
    <Rectangle x="0" y="5" w="88" h="120"/>
    <Rectangle x="0" y="5" w="88" h="120"/>
    <Rectangle x="0" y="9" w="81" h="120"/>
    <Rectangle x="0" y="9" w="82" h="120"/>
    <Rectangle x="0" y="8" w="83" h="120"/>
    <Rectangle x="0" y="9" w="83" h="120"/>
    <Rectangle x="0" y="9" w="83" h="120"/>
    <Rectangle x="0" y="12" w="81" h="120"/>
    <Rectangle x="0" y="9" w="82" h="120"/>
    <Rectangle x="0" y="5" w="77" h="120"/>
    <Rectangle x="0" y="5" w="80" h="120"/>
    <Rectangle x="0" y="5" w="79" h="120"/>
    <Rectangle x="0" y="5" w="77" h="120"/>
    <Rectangle x="0" y="5" w="82" h="120"/>
    <Rectangle x="0" y="5" w="91" h="120"/>
    <Rectangle x="0" y="5" w="85" h="120"/>
    <Rectangle x="0" y="5" w="84" h="120"/>
    <Rectangle x="0" y="9" w="82" h="120"/>
    <Rectangle x="0" y="12" w="81" h="120"/>
    <Rectangle x="0" y="9" w="83" h="120"/>
    <Rectangle x="0" y="9" w="83" h="120"/>
    <Rectangle x="0" y="5" w="90" h="120"/>
    <Rectangle x="0" y="5" w="89" h="120"/>
    <Rectangle x="0" y="5" w="88" h="120"/>
    <Rectangle x="0" y="5" w="90" h="120"/>
    <Rectangle x="0" y="5" w="82" h="120"/>
    <Rectangle x="0" y="5" w="80" h="120"/>
    <Rectangle x="0" y="5" w="79" h="120"/>
    <Rectangle x="0" y="5" w="79" h="120"/>
    <Rectangle x="0" y="5" w="78" h="120"/>
    <Rectangle x="0" y="5" w="81" h="120"/>
    <Rectangle x="0" y="5" w="81" h="120"/>
    <Rectangle x="0" y="5" w="78" h="120"/>
    <Rectangle x="0" y="5" w="81" h="120"/>
    <Rectangle x="0" y="5" w="79" h="120"/>
    <Rectangle x="0" y="5" w="81" h="120"/>
    <Rectangle x="0" y="11" w="81" h="120"/>
    <Rectangle x="0" y="8" w="83" h="120"/>
    <Rectangle x="0" y="8" w="83" h="120"/>
    <Rectangle x="0" y="8" w="83" h="120"/>
    <Rectangle x="0" y="5" w="79" h="120"/>
    <Rectangle x="0" y="10" w="81" h="120"/>
    <Rectangle x="0" y="8" w="82" h="120"/>
    <Rectangle x="0" y="8" w="83" h="120"/>
    <Rectangle x="0" y="11" w="81" h="120"/>
    <Rectangle x="0" y="8" w="83" h="120"/>
    <Rectangle x="0" y="8" w="83" h="120"/>
    <Rectangle x="0" y="8" w="83" h="120"/>
    <Rectangle x="0" y="5" w="79" h="120"/>
    <Rectangle x="0" y="5" w="77" h="120"/>
    <Rectangle x="0" y="5" w="81" h="120"/>
    <Rectangle x="0" y="5" w="80" h="120"/>
    <Rectangle x="0" y="5" w="77" h="120"/>
    <Rectangle x="0" y="5" w="78" h="120"/>
    <Rectangle x="0" y="5" w="77" h="120"/>
    <Rectangle x="0" y="5" w="81" h="120"/>
    <Rectangle x="0" y="12" w="81" h="120"/>
    <Rectangle x="0" y="9" w="83" h="120"/>
    <Rectangle x="0" y="9" w="83" h="120"/>
    <Rectangle x="0" y="5" w="80" h="120"/>
    <Rectangle x="0" y="5" w="79" h="120"/>
    <Rectangle x="0" y="5" w="80" h="120"/>
    <Rectangle x="0" y="5" w="82" h="120"/>
    <Rectangle x="0" y="5" w="88" h="120"/>
    <Rectangle x="0" y="5" w="86" h="120"/>
    <Rectangle x="0" y="5" w="87" h="120"/>
    <Rectangle x="0" y="5" w="85" h="120"/>
    <Rectangle x="0" y="5" w="84" h="120"/>
    <Rectangle x="0" y="5" w="87" h="120"/>
    <Rectangle x="0" y="5" w="85" h="120"/>
    <Rectangle x="0" y="5" w="85" h="120"/>
    <Rectangle x="0" y="5" w="83" h="120"/>
    <Rectangle x="0" y="5" w="87" h="120"/>
    <Rectangle x="0" y="5" w="85" h="120"/>
    <Rectangle x="0" y="5" w="85" h="120"/>
    <Rectangle x="0" y="5" w="82" h="120"/>
    <Rectangle x="0" y="5" w="77" h="120"/>
    <Rectangle x="0" y="5" w="76" h="120"/>
    <Rectangle x="0" y="5" w="80" h="120"/>
    <Rectangle x="0" y="5" w="76" h="120"/>
    <Rectangle x="0" y="5" w="75" h="120"/>
    <Rectangle x="0" y="5" w="83" h="120"/>
    <Rectangle x="0" y="5" w="81" h="120"/>
    <Rectangle x="0" y="5" w="81" h="120"/>
    <Rectangle x="0" y="5" w="81" h="120"/>
    <Rectangle x="0" y="5" w="84" h="120"/>
    <Rectangle x="0" y="8" w="76" h="120"/>
    <Rectangle x="0" y="5" w="75" h="120"/>
    <Rectangle x="0" y="5" w="79" h="120"/>
    <Rectangle x="0" y="5" w="76" h="120"/>
    <Rectangle x="0" y="5" w="82" h="120"/>
    <Rectangle x="0" y="5" w="75" h="120"/>
    <Rectangle x="0" y="5" w="81" h="120"/>
    <Rectangle x="0" y="10" w="81" h="120"/>
    <Rectangle x="0" y="8" w="83" h="120"/>
    <Rectangle x="0" y="8" w="83" h="120"/>
    <Rectangle x="0" y="8" w="83" h="120"/>
    <Rectangle x="0" y="5" w="88" h="120"/>
    <Rectangle x="0" y="5" w="87" h="120"/>
    <Rectangle x="0" y="5" w="87" h="120"/>
    <Rectangle x="0" y="5" w="87" h="120"/>
    <Rectangle x="0" y="5" w="87" h="120"/>
    <Rectangle x="0" y="5" w="81" h="120"/>
    <Rectangle x="0" y="5" w="82" h="120"/>
    <Rectangle x="0" y="5" w="79" h="120"/>
    <Rectangle x="0" y="5" w="82" h="120"/>
    <Rectangle x="0" y="10" w="81" h="120"/>
    <Rectangle x="0" y="7" w="83" h="120"/>
    <Rectangle x="0" y="10" w="81" h="120"/>
    <Rectangle x="0" y="8" w="82" h="120"/>
    <Rectangle x="0" y="8" w="83" h="120"/>
    <Rectangle x="0" y="8" w="83" h="120"/>
    <Rectangle x="0" y="8" w="83" h="120"/>
    <Rectangle x="0" y="5" w="79" h="120"/>
    <Rectangle x="0" y="5" w="78" h="120"/>
    <Rectangle x="0" y="5" w="85" h="120"/>
    <Rectangle x="0" y="5" w="79" h="120"/>
    <Rectangle x="0" y="10" w="81" h="120"/>
    <Rectangle x="0" y="8" w="82" h="120"/>
    <Rectangle x="0" y="10" w="82" h="120"/>
    <Rectangle x="0" y="7" w="82" h="120"/>
    <Rectangle x="0" y="8" w="82" h="120"/>
    <Rectangle x="0" y="8" w="82" h="120"/>
    <Rectangle x="0" y="7" w="82" h="120"/>
    <Rectangle x="0" y="5" w="79" h="120"/>
    <Rectangle x="0" y="5" w="75" h="120"/>
    <Rectangle x="0" y="5" w="80" h="120"/>
    <Rectangle x="0" y="5" w="77" h="120"/>
    <Rectangle x="0" y="5" w="74" h="120"/>
    <Rectangle x="0" y="5" w="74" h="120"/>
    <Rectangle x="0" y="5" w="75" h="120"/>
    <Rectangle x="0" y="5" w="75" h="120"/>
    <Rectangle x="0" y="5" w="84" h="120"/>
    <Rectangle x="0" y="5" w="80" h="120"/>
    <Rectangle x="0" y="5" w="91" h="120"/>
    <Rectangle x="0" y="5" w="91" h="120"/>
    <Rectangle x="0" y="5" w="91" h="120"/>
    <Rectangle x="0" y="5" w="91" h="120"/>
    <Rectangle x="0" y="5" w="90" h="120"/>
    <Rectangle x="0" y="5" w="91" h="120"/>
    <Rectangle x="0" y="5" w="91" h="120"/>
    <Rectangle x="0" y="5" w="91" h="120"/>
    <Rectangle x="0" y="5" w="83" h="120"/>
    <Rectangle x="0" y="5" w="80" h="120"/>
    <Rectangle x="0" y="5" w="81" h="120"/>
    <Rectangle x="0" y="5" w="85" h="120"/>
    <Rectangle x="0" y="5" w="82" h="120"/>
    <Rectangle x="0" y="5" w="81" h="120"/>
    <Rectangle x="0" y="5" w="81" h="120"/>
    <Rectangle x="0" y="5" w="81" h="120"/>
    <Rectangle x="0" y="5" w="82" h="120"/>
    <Rectangle x="0" y="5" w="80" h="120"/>
    <Rectangle x="0" y="12" w="81" h="120"/>
    <Rectangle x="0" y="10" w="83" h="120"/>
    <Rectangle x="0" y="10" w="83" h="120"/>
    <Rectangle x="0" y="10" w="83" h="120"/>
    <Rectangle x="0" y="10" w="83" h="120"/>
    <Rectangle x="0" y="12" w="81" h="120"/>
    <Rectangle x="0" y="12" w="81" h="120"/>
    <Rectangle x="0" y="10" w="83" h="120"/>
    <Rectangle x="0" y="10" w="82" h="120"/>
    <Rectangle x="0" y="10" w="83" h="120"/>
    <Rectangle x="0" y="10" w="83" h="120"/>
    <Rectangle x="0" y="10" w="83" h="120"/>
    <Rectangle x="0" y="10" w="83" h="120"/>
    <Rectangle x="0" y="5" w="80" h="120"/>
    <Rectangle x="0" y="12" w="81" h="120"/>
    <Rectangle x="0" y="10" w="82" h="120"/>
    <Rectangle x="0" y="5" w="80" h="120"/>
    <Rectangle x="0" y="5" w="79" h="120"/>
    <Rectangle x="0" y="5" w="83" h="120"/>
    <Rectangle x="0" y="5" w="83" h="120"/>
    <Rectangle x="0" y="5" w="80" h="120"/>
    <Rectangle x="0" y="5" w="80" h="120"/>
    <Rectangle x="0" y="5" w="85" h="120"/>
    <Rectangle x="0" y="5" w="91" h="120"/>
    <Rectangle x="0" y="5" w="91" h="120"/>
    <Rectangle x="0" y="5" w="90" h="120"/>
    <Rectangle x="0" y="5" w="82" h="120"/>
    <Rectangle x="0" y="5" w="90" h="120"/>
    <Rectangle x="0" y="5" w="81" h="120"/>
    <Rectangle x="0" y="10" w="81" h="120"/>
    <Rectangle x="0" y="5" w="90" h="120"/>
    <Rectangle x="0" y="5" w="90" h="120"/>
    <Rectangle x="0" y="5" w="90" h="120"/>
    <Rectangle x="0" y="5" w="90" h="120"/>
    <Rectangle x="0" y="5" w="90" h="120"/>
    <Rectangle x="0" y="5" w="90" h="120"/>
    <Rectangle x="0" y="5" w="82" h="120"/>
    <Rectangle x="0" y="5" w="80" h="120"/>
    <Rectangle x="0" y="5" w="86" h="120"/>
    <Rectangle x="0" y="5" w="80" h="120"/>
    <Rectangle x="0" y="5" w="82" h="120"/>
    <Rectangle x="0" y="5" w="80" h="120"/>
    <Rectangle x="0" y="5" w="81" h="120"/>
    <Rectangle x="0" y="6" w="83" h="120"/>
    <Rectangle x="0" y="6" w="83" h="120"/>
    <Rectangle x="0" y="5" w="79" h="120"/>
    <Rectangle x="0" y="5" w="81" h="120"/>
    <Rectangle x="0" y="6" w="83" h="120"/>
    <Rectangle x="0" y="5" w="79" h="120"/>
    <Rectangle x="0" y="5" w="79" h="120"/>
    <Rectangle x="0" y="5" w="81" h="120"/>
    <Rectangle x="0" y="5" w="82" h="120"/>
    <Rectangle x="0" y="5" w="79" h="120"/>
    <Rectangle x="0" y="5" w="89" h="120"/>
    <Rectangle x="0" y="5" w="78" h="120"/>
    <Rectangle x="0" y="5" w="81" h="120"/>
    <Rectangle x="0" y="5" w="79" h="120"/>
    <Rectangle x="0" y="10" w="83" h="120"/>
    <Rectangle x="0" y="10" w="82" h="120"/>
    <Rectangle x="0" y="12" w="81" h="120"/>
    <Rectangle x="0" y="12" w="81" h="120"/>
    <Rectangle x="0" y="10" w="82" h="120"/>
    <Rectangle x="0" y="10" w="82" h="120"/>
    <Rectangle x="0" y="10" w="82" h="120"/>
    <Rectangle x="0" y="5" w="78" h="120"/>
    <Rectangle x="0" y="5" w="80" h="120"/>
    <Rectangle x="0" y="5" w="88" h="120"/>
    <Rectangle x="0" y="5" w="89" h="120"/>
    <Rectangle x="0" y="5" w="89" h="120"/>
    <Rectangle x="0" y="5" w="80" h="120"/>
    <Rectangle x="0" y="5" w="81" h="120"/>
    <Rectangle x="0" y="5" w="76" h="120"/>
    <Rectangle x="0" y="5" w="83" h="120"/>
    <Rectangle x="0" y="5" w="79" h="120"/>
    <Rectangle x="0" y="5" w="85" h="120"/>
    <Rectangle x="0" y="5" w="80" h="120"/>
    <Rectangle x="0" y="12" w="81" h="120"/>
    <Rectangle x="0" y="9" w="83" h="120"/>
    <Rectangle x="0" y="11" w="81" h="120"/>
    <Rectangle x="0" y="12" w="82" h="120"/>
    <Rectangle x="0" y="9" w="83" h="120"/>
    <Rectangle x="0" y="9" w="83" h="120"/>
    <Rectangle x="0" y="5" w="78" h="120"/>
    <Rectangle x="0" y="5" w="89" h="120"/>
    <Rectangle x="0" y="5" w="88" h="120"/>
    <Rectangle x="0" y="5" w="87" h="120"/>
    <Rectangle x="0" y="5" w="82" h="120"/>
    <Rectangle x="0" y="5" w="80" h="120"/>
    <Rectangle x="0" y="5" w="80" h="120"/>
    <Rectangle x="0" y="5" w="78" h="120"/>
    <Rectangle x="0" y="5" w="81" h="120"/>
    <Rectangle x="0" y="5" w="81" h="120"/>
    <Rectangle x="0" y="5" w="77" h="120"/>
    <Rectangle x="0" y="13" w="81" h="120"/>
    <Rectangle x="0" y="10" w="83" h="120"/>
    <Rectangle x="0" y="13" w="81" h="120"/>
    <Rectangle x="0" y="10" w="83" h="120"/>
    <Rectangle x="0" y="13" w="81" h="120"/>
    <Rectangle x="0" y="10" w="83" h="120"/>
    <Rectangle x="0" y="5" w="77" h="120"/>
    <Rectangle x="0" y="5" w="78" h="120"/>
    <Rectangle x="0" y="5" w="87" h="120"/>
    <Rectangle x="0" y="5" w="86" h="120"/>
    <Rectangle x="0" y="5" w="86" h="120"/>
    <Rectangle x="0" y="5" w="86" h="120"/>
    <Rectangle x="0" y="5" w="86" h="120"/>
    <Rectangle x="0" y="5" w="86" h="120"/>
    <Rectangle x="0" y="5" w="86" h="120"/>
    <Rectangle x="0" y="5" w="78" h="120"/>
    <Rectangle x="0" y="5" w="82" h="120"/>
    <Rectangle x="0" y="5" w="84" h="120"/>
    <Rectangle x="0" y="5" w="79" h="120"/>
    <Rectangle x="0" y="5" w="86" h="120"/>
    <Rectangle x="0" y="5" w="76" h="120"/>
    <Rectangle x="0" y="5" w="77" h="120"/>
    <Rectangle x="0" y="5" w="80" h="120"/>
    <Rectangle x="0" y="5" w="76" h="120"/>
    <Rectangle x="0" y="6" w="81" h="120"/>
    <Rectangle x="0" y="5" w="83" h="120"/>
    <Rectangle x="0" y="5" w="83" h="120"/>
    <Rectangle x="0" y="5" w="88" h="120"/>
    <Rectangle x="0" y="5" w="87" h="120"/>
    <Rectangle x="0" y="5" w="87" h="120"/>
    <Rectangle x="0" y="5" w="86" h="120"/>
    <Rectangle x="0" y="5" w="78" h="120"/>
    <Rectangle x="0" y="5" w="81" h="120"/>
    <Rectangle x="0" y="5" w="77" h="120"/>
    <Rectangle x="0" y="5" w="77" h="120"/>
    <Rectangle x="0" y="5" w="83" h="120"/>
    <Rectangle x="0" y="5" w="83" h="120"/>
    <Rectangle x="0" y="5" w="76" h="120"/>
    <Rectangle x="0" y="5" w="74" h="120"/>
  </Cropping>
  <Kerning>
    <Vector3 x="0.0" y="36.0" z="0.0"/>
    <Vector3 x="0.0" y="36.0" z="0.0"/>
    <Vector3 x="0.0" y="36.0" z="0.0"/>
    <Vector3 x="0.0" y="15.0" z="0.0"/>
    <Vector3 x="0.0" y="25.0" z="0.0"/>
    <Vector3 x="0.0" y="55.0" z="0.0"/>
    <Vector3 x="0.0" y="49.0" z="0.0"/>
    <Vector3 x="0.0" y="66.0" z="0.0"/>
    <Vector3 x="0.0" y="69.0" z="0.0"/>
    <Vector3 x="0.0" y="11.0" z="0.0"/>
    <Vector3 x="0.0" y="28.0" z="0.0"/>
    <Vector3 x="0.0" y="29.0" z="0.0"/>
    <Vector3 x="0.0" y="37.0" z="0.0"/>
    <Vector3 x="0.0" y="53.0" z="0.0"/>
    <Vector3 x="0.0" y="15.0" z="0.0"/>
    <Vector3 x="0.0" y="26.0" z="0.0"/>
    <Vector3 x="0.0" y="14.0" z="0.0"/>
    <Vector3 x="0.0" y="40.0" z="0.0"/>
    <Vector3 x="0.0" y="49.0" z="0.0"/>
    <Vector3 x="0.0" y="37.0" z="0.0"/>
    <Vector3 x="0.0" y="46.0" z="0.0"/>
    <Vector3 x="0.0" y="46.0" z="0.0"/>
    <Vector3 x="0.0" y="51.0" z="0.0"/>
    <Vector3 x="0.0" y="46.0" z="0.0"/>
    <Vector3 x="0.0" y="47.0" z="0.0"/>
    <Vector3 x="0.0" y="48.0" z="0.0"/>
    <Vector3 x="0.0" y="47.0" z="0.0"/>
    <Vector3 x="0.0" y="47.0" z="0.0"/>
    <Vector3 x="0.0" y="15.0" z="0.0"/>
    <Vector3 x="0.0" y="15.0" z="0.0"/>
    <Vector3 x="0.0" y="35.0" z="0.0"/>
    <Vector3 x="0.0" y="53.0" z="0.0"/>
    <Vector3 x="0.0" y="35.0" z="0.0"/>
    <Vector3 x="0.0" y="43.0" z="0.0"/>
    <Vector3 x="0.0" y="76.0" z="0.0"/>
    <Vector3 x="0.0" y="75.0" z="0.0"/>
    <Vector3 x="0.0" y="59.0" z="0.0"/>
    <Vector3 x="0.0" y="63.0" z="0.0"/>
    <Vector3 x="0.0" y="66.0" z="0.0"/>
    <Vector3 x="0.0" y="59.0" z="0.0"/>
    <Vector3 x="0.0" y="57.0" z="0.0"/>
    <Vector3 x="0.0" y="71.0" z="0.0"/>
    <Vector3 x="0.0" y="73.0" z="0.0"/>
    <Vector3 x="0.0" y="32.0" z="0.0"/>
    <Vector3 x="0.0" y="49.0" z="0.0"/>
    <Vector3 x="0.0" y="64.0" z="0.0"/>
    <Vector3 x="0.0" y="56.0" z="0.0"/>
    <Vector3 x="0.0" y="89.0" z="0.0"/>
    <Vector3 x="0.0" y="73.0" z="0.0"/>
    <Vector3 x="0.0" y="68.0" z="0.0"/>
    <Vector3 x="0.0" y="56.0" z="0.0"/>
    <Vector3 x="0.0" y="74.0" z="0.0"/>
    <Vector3 x="0.0" y="63.0" z="0.0"/>
    <Vector3 x="0.0" y="49.0" z="0.0"/>
    <Vector3 x="0.0" y="60.0" z="0.0"/>
    <Vector3 x="0.0" y="71.0" z="0.0"/>
    <Vector3 x="0.0" y="71.0" z="0.0"/>
    <Vector3 x="0.0" y="98.0" z="0.0"/>
    <Vector3 x="0.0" y="71.0" z="0.0"/>
    <Vector3 x="0.0" y="66.0" z="0.0"/>
    <Vector3 x="0.0" y="55.0" z="0.0"/>
    <Vector3 x="0.0" y="19.0" z="0.0"/>
    <Vector3 x="0.0" y="87.0" z="0.0"/>
    <Vector3 x="0.0" y="19.0" z="0.0"/>
    <Vector3 x="0.0" y="46.0" z="0.0"/>
    <Vector3 x="0.0" y="52.0" z="0.0"/>
    <Vector3 x="0.0" y="26.0" z="0.0"/>
    <Vector3 x="0.0" y="52.0" z="0.0"/>
    <Vector3 x="0.0" y="57.0" z="0.0"/>
    <Vector3 x="0.0" y="47.0" z="0.0"/>
    <Vector3 x="0.0" y="57.0" z="0.0"/>
    <Vector3 x="0.0" y="49.0" z="0.0"/>
    <Vector3 x="0.0" y="37.0" z="0.0"/>
    <Vector3 x="0.0" y="59.0" z="0.0"/>
    <Vector3 x="0.0" y="59.0" z="0.0"/>
    <Vector3 x="0.0" y="28.0" z="0.0"/>
    <Vector3 x="0.0" y="23.0" z="0.0"/>
    <Vector3 x="0.0" y="54.0" z="0.0"/>
    <Vector3 x="0.0" y="28.0" z="0.0"/>
    <Vector3 x="0.0" y="85.0" z="0.0"/>
    <Vector3 x="0.0" y="59.0" z="0.0"/>
    <Vector3 x="0.0" y="51.0" z="0.0"/>
    <Vector3 x="0.0" y="57.0" z="0.0"/>
    <Vector3 x="0.0" y="58.0" z="0.0"/>
    <Vector3 x="0.0" y="37.0" z="0.0"/>
    <Vector3 x="0.0" y="42.0" z="0.0"/>
    <Vector3 x="0.0" y="37.0" z="0.0"/>
    <Vector3 x="0.0" y="58.0" z="0.0"/>
    <Vector3 x="0.0" y="55.0" z="0.0"/>
    <Vector3 x="0.0" y="87.0" z="0.0"/>
    <Vector3 x="0.0" y="55.0" z="0.0"/>
    <Vector3 x="0.0" y="55.0" z="0.0"/>
    <Vector3 x="0.0" y="42.0" z="0.0"/>
    <Vector3 x="0.0" y="26.0" z="0.0"/>
    <Vector3 x="0.0" y="10.0" z="0.0"/>
    <Vector3 x="0.0" y="26.0" z="0.0"/>
    <Vector3 x="0.0" y="57.0" z="0.0"/>
    <Vector3 x="0.0" y="65.0" z="0.0"/>
    <Vector3 x="0.0" y="67.0" z="0.0"/>
    <Vector3 x="0.0" y="56.0" z="0.0"/>
    <Vector3 x="0.0" y="48.0" z="0.0"/>
    <Vector3 x="0.0" y="52.0" z="0.0"/>
    <Vector3 x="0.0" y="88.0" z="0.0"/>
    <Vector3 x="0.0" y="88.0" z="0.0"/>
    <Vector3 x="0.0" y="87.0" z="0.0"/>
    <Vector3 x="0.0" y="87.0" z="0.0"/>
    <Vector3 x="0.0" y="88.0" z="0.0"/>
    <Vector3 x="0.0" y="88.0" z="0.0"/>
    <Vector3 x="0.0" y="88.0" z="0.0"/>
    <Vector3 x="0.0" y="88.0" z="0.0"/>
    <Vector3 x="0.0" y="88.0" z="0.0"/>
    <Vector3 x="0.0" y="81.0" z="0.0"/>
    <Vector3 x="0.0" y="76.0" z="0.0"/>
    <Vector3 x="0.0" y="80.0" z="0.0"/>
    <Vector3 x="0.0" y="78.0" z="0.0"/>
    <Vector3 x="0.0" y="76.0" z="0.0"/>
    <Vector3 x="0.0" y="85.0" z="0.0"/>
    <Vector3 x="0.0" y="80.0" z="0.0"/>
    <Vector3 x="0.0" y="84.0" z="0.0"/>
    <Vector3 x="0.0" y="89.0" z="0.0"/>
    <Vector3 x="0.0" y="77.0" z="0.0"/>
    <Vector3 x="0.0" y="78.0" z="0.0"/>
    <Vector3 x="0.0" y="85.0" z="0.0"/>
    <Vector3 x="0.0" y="75.0" z="0.0"/>
    <Vector3 x="0.0" y="80.0" z="0.0"/>
    <Vector3 x="0.0" y="81.0" z="0.0"/>
    <Vector3 x="0.0" y="83.0" z="0.0"/>
    <Vector3 x="0.0" y="83.0" z="0.0"/>
    <Vector3 x="0.0" y="83.0" z="0.0"/>
    <Vector3 x="0.0" y="83.0" z="0.0"/>
    <Vector3 x="0.0" y="88.0" z="0.0"/>
    <Vector3 x="0.0" y="86.0" z="0.0"/>
    <Vector3 x="0.0" y="83.0" z="0.0"/>
    <Vector3 x="0.0" y="76.0" z="0.0"/>
    <Vector3 x="0.0" y="83.0" z="0.0"/>
    <Vector3 x="0.0" y="82.0" z="0.0"/>
    <Vector3 x="0.0" y="83.0" z="0.0"/>
    <Vector3 x="0.0" y="82.0" z="0.0"/>
    <Vector3 x="0.0" y="78.0" z="0.0"/>
    <Vector3 x="0.0" y="85.0" z="0.0"/>
    <Vector3 x="0.0" y="81.0" z="0.0"/>
    <Vector3 x="0.0" y="82.0" z="0.0"/>
    <Vector3 x="0.0" y="82.0" z="0.0"/>
    <Vector3 x="0.0" y="82.0" z="0.0"/>
    <Vector3 x="0.0" y="74.0" z="0.0"/>
    <Vector3 x="0.0" y="78.0" z="0.0"/>
    <Vector3 x="0.0" y="77.0" z="0.0"/>
    <Vector3 x="0.0" y="89.0" z="0.0"/>
    <Vector3 x="0.0" y="87.0" z="0.0"/>
    <Vector3 x="0.0" y="87.0" z="0.0"/>
    <Vector3 x="0.0" y="78.0" z="0.0"/>
    <Vector3 x="0.0" y="79.0" z="0.0"/>
    <Vector3 x="0.0" y="78.0" z="0.0"/>
    <Vector3 x="0.0" y="83.0" z="0.0"/>
    <Vector3 x="0.0" y="81.0" z="0.0"/>
    <Vector3 x="0.0" y="82.0" z="0.0"/>
    <Vector3 x="0.0" y="82.0" z="0.0"/>
    <Vector3 x="0.0" y="83.0" z="0.0"/>
    <Vector3 x="0.0" y="83.0" z="0.0"/>
    <Vector3 x="0.0" y="77.0" z="0.0"/>
    <Vector3 x="0.0" y="86.0" z="0.0"/>
    <Vector3 x="0.0" y="86.0" z="0.0"/>
    <Vector3 x="0.0" y="86.0" z="0.0"/>
    <Vector3 x="0.0" y="86.0" z="0.0"/>
    <Vector3 x="0.0" y="86.0" z="0.0"/>
    <Vector3 x="0.0" y="78.0" z="0.0"/>
    <Vector3 x="0.0" y="81.0" z="0.0"/>
    <Vector3 x="0.0" y="84.0" z="0.0"/>
    <Vector3 x="0.0" y="85.0" z="0.0"/>
    <Vector3 x="0.0" y="76.0" z="0.0"/>
    <Vector3 x="0.0" y="78.0" z="0.0"/>
    <Vector3 x="0.0" y="79.0" z="0.0"/>
    <Vector3 x="0.0" y="86.0" z="0.0"/>
    <Vector3 x="0.0" y="75.0" z="0.0"/>
    <Vector3 x="0.0" y="79.0" z="0.0"/>
    <Vector3 x="0.0" y="81.0" z="0.0"/>
    <Vector3 x="0.0" y="83.0" z="0.0"/>
    <Vector3 x="0.0" y="83.0" z="0.0"/>
    <Vector3 x="0.0" y="83.0" z="0.0"/>
    <Vector3 x="0.0" y="83.0" z="0.0"/>
    <Vector3 x="0.0" y="82.0" z="0.0"/>
    <Vector3 x="0.0" y="84.0" z="0.0"/>
    <Vector3 x="0.0" y="83.0" z="0.0"/>
    <Vector3 x="0.0" y="79.0" z="0.0"/>
    <Vector3 x="0.0" y="81.0" z="0.0"/>
    <Vector3 x="0.0" y="82.0" z="0.0"/>
    <Vector3 x="0.0" y="83.0" z="0.0"/>
    <Vector3 x="0.0" y="83.0" z="0.0"/>
    <Vector3 x="0.0" y="73.0" z="0.0"/>
    <Vector3 x="0.0" y="78.0" z="0.0"/>
    <Vector3 x="0.0" y="73.0" z="0.0"/>
    <Vector3 x="0.0" y="74.0" z="0.0"/>
    <Vector3 x="0.0" y="87.0" z="0.0"/>
    <Vector3 x="0.0" y="88.0" z="0.0"/>
    <Vector3 x="0.0" y="88.0" z="0.0"/>
    <Vector3 x="0.0" y="88.0" z="0.0"/>
    <Vector3 x="0.0" y="88.0" z="0.0"/>
    <Vector3 x="0.0" y="88.0" z="0.0"/>
    <Vector3 x="0.0" y="79.0" z="0.0"/>
    <Vector3 x="0.0" y="78.0" z="0.0"/>
    <Vector3 x="0.0" y="82.0" z="0.0"/>
    <Vector3 x="0.0" y="77.0" z="0.0"/>
    <Vector3 x="0.0" y="80.0" z="0.0"/>
    <Vector3 x="0.0" y="78.0" z="0.0"/>
    <Vector3 x="0.0" y="81.0" z="0.0"/>
    <Vector3 x="0.0" y="83.0" z="0.0"/>
    <Vector3 x="0.0" y="83.0" z="0.0"/>
    <Vector3 x="0.0" y="83.0" z="0.0"/>
    <Vector3 x="0.0" y="80.0" z="0.0"/>
    <Vector3 x="0.0" y="85.0" z="0.0"/>
    <Vector3 x="0.0" y="79.0" z="0.0"/>
    <Vector3 x="0.0" y="81.0" z="0.0"/>
    <Vector3 x="0.0" y="80.0" z="0.0"/>
    <Vector3 x="0.0" y="77.0" z="0.0"/>
    <Vector3 x="0.0" y="75.0" z="0.0"/>
    <Vector3 x="0.0" y="82.0" z="0.0"/>
    <Vector3 x="0.0" y="83.0" z="0.0"/>
    <Vector3 x="0.0" y="78.0" z="0.0"/>
    <Vector3 x="0.0" y="82.0" z="0.0"/>
    <Vector3 x="0.0" y="82.0" z="0.0"/>
    <Vector3 x="0.0" y="83.0" z="0.0"/>
    <Vector3 x="0.0" y="83.0" z="0.0"/>
    <Vector3 x="0.0" y="75.0" z="0.0"/>
    <Vector3 x="0.0" y="82.0" z="0.0"/>
    <Vector3 x="0.0" y="78.0" z="0.0"/>
    <Vector3 x="0.0" y="87.0" z="0.0"/>
    <Vector3 x="0.0" y="80.0" z="0.0"/>
    <Vector3 x="0.0" y="76.0" z="0.0"/>
    <Vector3 x="0.0" y="81.0" z="0.0"/>
    <Vector3 x="0.0" y="81.0" z="0.0"/>
    <Vector3 x="0.0" y="79.0" z="0.0"/>
    <Vector3 x="0.0" y="82.0" z="0.0"/>
    <Vector3 x="0.0" y="83.0" z="0.0"/>
    <Vector3 x="0.0" y="79.0" z="0.0"/>
    <Vector3 x="0.0" y="79.0" z="0.0"/>
    <Vector3 x="0.0" y="82.0" z="0.0"/>
    <Vector3 x="0.0" y="82.0" z="0.0"/>
    <Vector3 x="0.0" y="87.0" z="0.0"/>
    <Vector3 x="0.0" y="87.0" z="0.0"/>
    <Vector3 x="0.0" y="88.0" z="0.0"/>
    <Vector3 x="0.0" y="88.0" z="0.0"/>
    <Vector3 x="0.0" y="88.0" z="0.0"/>
    <Vector3 x="0.0" y="88.0" z="0.0"/>
    <Vector3 x="0.0" y="79.0" z="0.0"/>
    <Vector3 x="0.0" y="80.0" z="0.0"/>
    <Vector3 x="0.0" y="83.0" z="0.0"/>
    <Vector3 x="0.0" y="77.0" z="0.0"/>
    <Vector3 x="0.0" y="81.0" z="0.0"/>
    <Vector3 x="0.0" y="81.0" z="0.0"/>
    <Vector3 x="0.0" y="77.0" z="0.0"/>
    <Vector3 x="0.0" y="77.0" z="0.0"/>
    <Vector3 x="0.0" y="85.0" z="0.0"/>
    <Vector3 x="0.0" y="77.0" z="0.0"/>
    <Vector3 x="0.0" y="81.0" z="0.0"/>
    <Vector3 x="0.0" y="83.0" z="0.0"/>
    <Vector3 x="0.0" y="78.0" z="0.0"/>
    <Vector3 x="0.0" y="77.0" z="0.0"/>
    <Vector3 x="0.0" y="85.0" z="0.0"/>
    <Vector3 x="0.0" y="82.0" z="0.0"/>
    <Vector3 x="0.0" y="81.0" z="0.0"/>
    <Vector3 x="0.0" y="83.0" z="0.0"/>
    <Vector3 x="0.0" y="83.0" z="0.0"/>
    <Vector3 x="0.0" y="83.0" z="0.0"/>
    <Vector3 x="0.0" y="83.0" z="0.0"/>
    <Vector3 x="0.0" y="81.0" z="0.0"/>
    <Vector3 x="0.0" y="81.0" z="0.0"/>
    <Vector3 x="0.0" y="82.0" z="0.0"/>
    <Vector3 x="0.0" y="81.0" z="0.0"/>
    <Vector3 x="0.0" y="83.0" z="0.0"/>
    <Vector3 x="0.0" y="83.0" z="0.0"/>
    <Vector3 x="0.0" y="83.0" z="0.0"/>
    <Vector3 x="0.0" y="74.0" z="0.0"/>
    <Vector3 x="0.0" y="79.0" z="0.0"/>
    <Vector3 x="0.0" y="80.0" z="0.0"/>
    <Vector3 x="0.0" y="76.0" z="0.0"/>
    <Vector3 x="0.0" y="75.0" z="0.0"/>
    <Vector3 x="0.0" y="88.0" z="0.0"/>
    <Vector3 x="0.0" y="89.0" z="0.0"/>
    <Vector3 x="0.0" y="89.0" z="0.0"/>
    <Vector3 x="0.0" y="89.0" z="0.0"/>
    <Vector3 x="0.0" y="88.0" z="0.0"/>
    <Vector3 x="0.0" y="89.0" z="0.0"/>
    <Vector3 x="0.0" y="89.0" z="0.0"/>
    <Vector3 x="0.0" y="82.0" z="0.0"/>
    <Vector3 x="0.0" y="81.0" z="0.0"/>
    <Vector3 x="0.0" y="79.0" z="0.0"/>
    <Vector3 x="0.0" y="85.0" z="0.0"/>
    <Vector3 x="0.0" y="79.0" z="0.0"/>
    <Vector3 x="0.0" y="81.0" z="0.0"/>
    <Vector3 x="0.0" y="79.0" z="0.0"/>
    <Vector3 x="0.0" y="83.0" z="0.0"/>
    <Vector3 x="0.0" y="79.0" z="0.0"/>
    <Vector3 x="0.0" y="86.0" z="0.0"/>
    <Vector3 x="0.0" y="81.0" z="0.0"/>
    <Vector3 x="0.0" y="83.0" z="0.0"/>
    <Vector3 x="0.0" y="83.0" z="0.0"/>
    <Vector3 x="0.0" y="83.0" z="0.0"/>
    <Vector3 x="0.0" y="83.0" z="0.0"/>
    <Vector3 x="0.0" y="81.0" z="0.0"/>
    <Vector3 x="0.0" y="82.0" z="0.0"/>
    <Vector3 x="0.0" y="83.0" z="0.0"/>
    <Vector3 x="0.0" y="78.0" z="0.0"/>
    <Vector3 x="0.0" y="80.0" z="0.0"/>
    <Vector3 x="0.0" y="80.0" z="0.0"/>
    <Vector3 x="0.0" y="78.0" z="0.0"/>
    <Vector3 x="0.0" y="82.0" z="0.0"/>
    <Vector3 x="0.0" y="82.0" z="0.0"/>
    <Vector3 x="0.0" y="84.0" z="0.0"/>
    <Vector3 x="0.0" y="88.0" z="0.0"/>
    <Vector3 x="0.0" y="88.0" z="0.0"/>
    <Vector3 x="0.0" y="88.0" z="0.0"/>
    <Vector3 x="0.0" y="88.0" z="0.0"/>
    <Vector3 x="0.0" y="88.0" z="0.0"/>
    <Vector3 x="0.0" y="88.0" z="0.0"/>
    <Vector3 x="0.0" y="88.0" z="0.0"/>
    <Vector3 x="0.0" y="88.0" z="0.0"/>
    <Vector3 x="0.0" y="80.0" z="0.0"/>
    <Vector3 x="0.0" y="83.0" z="0.0"/>
    <Vector3 x="0.0" y="78.0" z="0.0"/>
    <Vector3 x="0.0" y="81.0" z="0.0"/>
    <Vector3 x="0.0" y="77.0" z="0.0"/>
    <Vector3 x="0.0" y="77.0" z="0.0"/>
    <Vector3 x="0.0" y="84.0" z="0.0"/>
    <Vector3 x="0.0" y="85.0" z="0.0"/>
    <Vector3 x="0.0" y="80.0" z="0.0"/>
    <Vector3 x="0.0" y="80.0" z="0.0"/>
    <Vector3 x="0.0" y="81.0" z="0.0"/>
    <Vector3 x="0.0" y="83.0" z="0.0"/>
    <Vector3 x="0.0" y="83.0" z="0.0"/>
    <Vector3 x="0.0" y="83.0" z="0.0"/>
    <Vector3 x="0.0" y="83.0" z="0.0"/>
    <Vector3 x="0.0" y="83.0" z="0.0"/>
    <Vector3 x="0.0" y="88.0" z="0.0"/>
    <Vector3 x="0.0" y="88.0" z="0.0"/>
    <Vector3 x="0.0" y="81.0" z="0.0"/>
    <Vector3 x="0.0" y="82.0" z="0.0"/>
    <Vector3 x="0.0" y="83.0" z="0.0"/>
    <Vector3 x="0.0" y="83.0" z="0.0"/>
    <Vector3 x="0.0" y="83.0" z="0.0"/>
    <Vector3 x="0.0" y="81.0" z="0.0"/>
    <Vector3 x="0.0" y="82.0" z="0.0"/>
    <Vector3 x="0.0" y="77.0" z="0.0"/>
    <Vector3 x="0.0" y="80.0" z="0.0"/>
    <Vector3 x="0.0" y="79.0" z="0.0"/>
    <Vector3 x="0.0" y="77.0" z="0.0"/>
    <Vector3 x="0.0" y="82.0" z="0.0"/>
    <Vector3 x="0.0" y="91.0" z="0.0"/>
    <Vector3 x="0.0" y="85.0" z="0.0"/>
    <Vector3 x="0.0" y="84.0" z="0.0"/>
    <Vector3 x="0.0" y="82.0" z="0.0"/>
    <Vector3 x="0.0" y="81.0" z="0.0"/>
    <Vector3 x="0.0" y="83.0" z="0.0"/>
    <Vector3 x="0.0" y="83.0" z="0.0"/>
    <Vector3 x="0.0" y="90.0" z="0.0"/>
    <Vector3 x="0.0" y="89.0" z="0.0"/>
    <Vector3 x="0.0" y="88.0" z="0.0"/>
    <Vector3 x="0.0" y="90.0" z="0.0"/>
    <Vector3 x="0.0" y="82.0" z="0.0"/>
    <Vector3 x="0.0" y="80.0" z="0.0"/>
    <Vector3 x="0.0" y="79.0" z="0.0"/>
    <Vector3 x="0.0" y="79.0" z="0.0"/>
    <Vector3 x="0.0" y="78.0" z="0.0"/>
    <Vector3 x="0.0" y="81.0" z="0.0"/>
    <Vector3 x="0.0" y="81.0" z="0.0"/>
    <Vector3 x="0.0" y="78.0" z="0.0"/>
    <Vector3 x="0.0" y="81.0" z="0.0"/>
    <Vector3 x="0.0" y="79.0" z="0.0"/>
    <Vector3 x="0.0" y="81.0" z="0.0"/>
    <Vector3 x="0.0" y="81.0" z="0.0"/>
    <Vector3 x="0.0" y="83.0" z="0.0"/>
    <Vector3 x="0.0" y="83.0" z="0.0"/>
    <Vector3 x="0.0" y="83.0" z="0.0"/>
    <Vector3 x="0.0" y="79.0" z="0.0"/>
    <Vector3 x="0.0" y="81.0" z="0.0"/>
    <Vector3 x="0.0" y="82.0" z="0.0"/>
    <Vector3 x="0.0" y="83.0" z="0.0"/>
    <Vector3 x="0.0" y="81.0" z="0.0"/>
    <Vector3 x="0.0" y="83.0" z="0.0"/>
    <Vector3 x="0.0" y="83.0" z="0.0"/>
    <Vector3 x="0.0" y="83.0" z="0.0"/>
    <Vector3 x="0.0" y="79.0" z="0.0"/>
    <Vector3 x="0.0" y="77.0" z="0.0"/>
    <Vector3 x="0.0" y="81.0" z="0.0"/>
    <Vector3 x="0.0" y="80.0" z="0.0"/>
    <Vector3 x="0.0" y="77.0" z="0.0"/>
    <Vector3 x="0.0" y="78.0" z="0.0"/>
    <Vector3 x="0.0" y="77.0" z="0.0"/>
    <Vector3 x="0.0" y="81.0" z="0.0"/>
    <Vector3 x="0.0" y="81.0" z="0.0"/>
    <Vector3 x="0.0" y="83.0" z="0.0"/>
    <Vector3 x="0.0" y="83.0" z="0.0"/>
    <Vector3 x="0.0" y="80.0" z="0.0"/>
    <Vector3 x="0.0" y="79.0" z="0.0"/>
    <Vector3 x="0.0" y="80.0" z="0.0"/>
    <Vector3 x="0.0" y="82.0" z="0.0"/>
    <Vector3 x="0.0" y="88.0" z="0.0"/>
    <Vector3 x="0.0" y="86.0" z="0.0"/>
    <Vector3 x="0.0" y="87.0" z="0.0"/>
    <Vector3 x="0.0" y="85.0" z="0.0"/>
    <Vector3 x="0.0" y="84.0" z="0.0"/>
    <Vector3 x="0.0" y="87.0" z="0.0"/>
    <Vector3 x="0.0" y="85.0" z="0.0"/>
    <Vector3 x="0.0" y="85.0" z="0.0"/>
    <Vector3 x="0.0" y="83.0" z="0.0"/>
    <Vector3 x="0.0" y="87.0" z="0.0"/>
    <Vector3 x="0.0" y="85.0" z="0.0"/>
    <Vector3 x="0.0" y="85.0" z="0.0"/>
    <Vector3 x="0.0" y="82.0" z="0.0"/>
    <Vector3 x="0.0" y="77.0" z="0.0"/>
    <Vector3 x="0.0" y="76.0" z="0.0"/>
    <Vector3 x="0.0" y="80.0" z="0.0"/>
    <Vector3 x="0.0" y="76.0" z="0.0"/>
    <Vector3 x="0.0" y="75.0" z="0.0"/>
    <Vector3 x="0.0" y="83.0" z="0.0"/>
    <Vector3 x="0.0" y="81.0" z="0.0"/>
    <Vector3 x="0.0" y="81.0" z="0.0"/>
    <Vector3 x="0.0" y="81.0" z="0.0"/>
    <Vector3 x="0.0" y="84.0" z="0.0"/>
    <Vector3 x="0.0" y="76.0" z="0.0"/>
    <Vector3 x="0.0" y="75.0" z="0.0"/>
    <Vector3 x="0.0" y="79.0" z="0.0"/>
    <Vector3 x="0.0" y="76.0" z="0.0"/>
    <Vector3 x="0.0" y="82.0" z="0.0"/>
    <Vector3 x="0.0" y="75.0" z="0.0"/>
    <Vector3 x="0.0" y="81.0" z="0.0"/>
    <Vector3 x="0.0" y="81.0" z="0.0"/>
    <Vector3 x="0.0" y="83.0" z="0.0"/>
    <Vector3 x="0.0" y="83.0" z="0.0"/>
    <Vector3 x="0.0" y="83.0" z="0.0"/>
    <Vector3 x="0.0" y="88.0" z="0.0"/>
    <Vector3 x="0.0" y="87.0" z="0.0"/>
    <Vector3 x="0.0" y="87.0" z="0.0"/>
    <Vector3 x="0.0" y="87.0" z="0.0"/>
    <Vector3 x="0.0" y="87.0" z="0.0"/>
    <Vector3 x="0.0" y="81.0" z="0.0"/>
    <Vector3 x="0.0" y="82.0" z="0.0"/>
    <Vector3 x="0.0" y="79.0" z="0.0"/>
    <Vector3 x="0.0" y="82.0" z="0.0"/>
    <Vector3 x="0.0" y="81.0" z="0.0"/>
    <Vector3 x="0.0" y="83.0" z="0.0"/>
    <Vector3 x="0.0" y="81.0" z="0.0"/>
    <Vector3 x="0.0" y="82.0" z="0.0"/>
    <Vector3 x="0.0" y="83.0" z="0.0"/>
    <Vector3 x="0.0" y="83.0" z="0.0"/>
    <Vector3 x="0.0" y="83.0" z="0.0"/>
    <Vector3 x="0.0" y="79.0" z="0.0"/>
    <Vector3 x="0.0" y="78.0" z="0.0"/>
    <Vector3 x="0.0" y="85.0" z="0.0"/>
    <Vector3 x="0.0" y="79.0" z="0.0"/>
    <Vector3 x="0.0" y="81.0" z="0.0"/>
    <Vector3 x="0.0" y="82.0" z="0.0"/>
    <Vector3 x="0.0" y="82.0" z="0.0"/>
    <Vector3 x="0.0" y="82.0" z="0.0"/>
    <Vector3 x="0.0" y="82.0" z="0.0"/>
    <Vector3 x="0.0" y="82.0" z="0.0"/>
    <Vector3 x="0.0" y="82.0" z="0.0"/>
    <Vector3 x="0.0" y="79.0" z="0.0"/>
    <Vector3 x="0.0" y="75.0" z="0.0"/>
    <Vector3 x="0.0" y="80.0" z="0.0"/>
    <Vector3 x="0.0" y="77.0" z="0.0"/>
    <Vector3 x="0.0" y="74.0" z="0.0"/>
    <Vector3 x="0.0" y="74.0" z="0.0"/>
    <Vector3 x="0.0" y="75.0" z="0.0"/>
    <Vector3 x="0.0" y="75.0" z="0.0"/>
    <Vector3 x="0.0" y="84.0" z="0.0"/>
    <Vector3 x="0.0" y="80.0" z="0.0"/>
    <Vector3 x="0.0" y="91.0" z="0.0"/>
    <Vector3 x="0.0" y="91.0" z="0.0"/>
    <Vector3 x="0.0" y="91.0" z="0.0"/>
    <Vector3 x="0.0" y="91.0" z="0.0"/>
    <Vector3 x="0.0" y="90.0" z="0.0"/>
    <Vector3 x="0.0" y="91.0" z="0.0"/>
    <Vector3 x="0.0" y="91.0" z="0.0"/>
    <Vector3 x="0.0" y="91.0" z="0.0"/>
    <Vector3 x="0.0" y="83.0" z="0.0"/>
    <Vector3 x="0.0" y="80.0" z="0.0"/>
    <Vector3 x="0.0" y="81.0" z="0.0"/>
    <Vector3 x="0.0" y="85.0" z="0.0"/>
    <Vector3 x="0.0" y="82.0" z="0.0"/>
    <Vector3 x="0.0" y="81.0" z="0.0"/>
    <Vector3 x="0.0" y="81.0" z="0.0"/>
    <Vector3 x="0.0" y="81.0" z="0.0"/>
    <Vector3 x="0.0" y="82.0" z="0.0"/>
    <Vector3 x="0.0" y="80.0" z="0.0"/>
    <Vector3 x="0.0" y="81.0" z="0.0"/>
    <Vector3 x="0.0" y="83.0" z="0.0"/>
    <Vector3 x="0.0" y="83.0" z="0.0"/>
    <Vector3 x="0.0" y="83.0" z="0.0"/>
    <Vector3 x="0.0" y="83.0" z="0.0"/>
    <Vector3 x="0.0" y="81.0" z="0.0"/>
    <Vector3 x="0.0" y="81.0" z="0.0"/>
    <Vector3 x="0.0" y="83.0" z="0.0"/>
    <Vector3 x="0.0" y="82.0" z="0.0"/>
    <Vector3 x="0.0" y="83.0" z="0.0"/>
    <Vector3 x="0.0" y="83.0" z="0.0"/>
    <Vector3 x="0.0" y="83.0" z="0.0"/>
    <Vector3 x="0.0" y="83.0" z="0.0"/>
    <Vector3 x="0.0" y="80.0" z="0.0"/>
    <Vector3 x="0.0" y="81.0" z="0.0"/>
    <Vector3 x="0.0" y="82.0" z="0.0"/>
    <Vector3 x="0.0" y="80.0" z="0.0"/>
    <Vector3 x="0.0" y="79.0" z="0.0"/>
    <Vector3 x="0.0" y="83.0" z="0.0"/>
    <Vector3 x="0.0" y="83.0" z="0.0"/>
    <Vector3 x="0.0" y="80.0" z="0.0"/>
    <Vector3 x="0.0" y="80.0" z="0.0"/>
    <Vector3 x="0.0" y="85.0" z="0.0"/>
    <Vector3 x="0.0" y="91.0" z="0.0"/>
    <Vector3 x="0.0" y="91.0" z="0.0"/>
    <Vector3 x="0.0" y="90.0" z="0.0"/>
    <Vector3 x="0.0" y="82.0" z="0.0"/>
    <Vector3 x="0.0" y="90.0" z="0.0"/>
    <Vector3 x="0.0" y="81.0" z="0.0"/>
    <Vector3 x="0.0" y="81.0" z="0.0"/>
    <Vector3 x="0.0" y="90.0" z="0.0"/>
    <Vector3 x="0.0" y="90.0" z="0.0"/>
    <Vector3 x="0.0" y="90.0" z="0.0"/>
    <Vector3 x="0.0" y="90.0" z="0.0"/>
    <Vector3 x="0.0" y="90.0" z="0.0"/>
    <Vector3 x="0.0" y="90.0" z="0.0"/>
    <Vector3 x="0.0" y="82.0" z="0.0"/>
    <Vector3 x="0.0" y="80.0" z="0.0"/>
    <Vector3 x="0.0" y="86.0" z="0.0"/>
    <Vector3 x="0.0" y="80.0" z="0.0"/>
    <Vector3 x="0.0" y="82.0" z="0.0"/>
    <Vector3 x="0.0" y="80.0" z="0.0"/>
    <Vector3 x="0.0" y="81.0" z="0.0"/>
    <Vector3 x="0.0" y="83.0" z="0.0"/>
    <Vector3 x="0.0" y="83.0" z="0.0"/>
    <Vector3 x="0.0" y="79.0" z="0.0"/>
    <Vector3 x="0.0" y="81.0" z="0.0"/>
    <Vector3 x="0.0" y="83.0" z="0.0"/>
    <Vector3 x="0.0" y="79.0" z="0.0"/>
    <Vector3 x="0.0" y="79.0" z="0.0"/>
    <Vector3 x="0.0" y="81.0" z="0.0"/>
    <Vector3 x="0.0" y="82.0" z="0.0"/>
    <Vector3 x="0.0" y="79.0" z="0.0"/>
    <Vector3 x="0.0" y="89.0" z="0.0"/>
    <Vector3 x="0.0" y="78.0" z="0.0"/>
    <Vector3 x="0.0" y="81.0" z="0.0"/>
    <Vector3 x="0.0" y="79.0" z="0.0"/>
    <Vector3 x="0.0" y="83.0" z="0.0"/>
    <Vector3 x="0.0" y="82.0" z="0.0"/>
    <Vector3 x="0.0" y="81.0" z="0.0"/>
    <Vector3 x="0.0" y="81.0" z="0.0"/>
    <Vector3 x="0.0" y="82.0" z="0.0"/>
    <Vector3 x="0.0" y="82.0" z="0.0"/>
    <Vector3 x="0.0" y="82.0" z="0.0"/>
    <Vector3 x="0.0" y="78.0" z="0.0"/>
    <Vector3 x="0.0" y="80.0" z="0.0"/>
    <Vector3 x="0.0" y="88.0" z="0.0"/>
    <Vector3 x="0.0" y="89.0" z="0.0"/>
    <Vector3 x="0.0" y="89.0" z="0.0"/>
    <Vector3 x="0.0" y="80.0" z="0.0"/>
    <Vector3 x="0.0" y="81.0" z="0.0"/>
    <Vector3 x="0.0" y="76.0" z="0.0"/>
    <Vector3 x="0.0" y="83.0" z="0.0"/>
    <Vector3 x="0.0" y="79.0" z="0.0"/>
    <Vector3 x="0.0" y="85.0" z="0.0"/>
    <Vector3 x="0.0" y="80.0" z="0.0"/>
    <Vector3 x="0.0" y="81.0" z="0.0"/>
    <Vector3 x="0.0" y="83.0" z="0.0"/>
    <Vector3 x="0.0" y="81.0" z="0.0"/>
    <Vector3 x="0.0" y="82.0" z="0.0"/>
    <Vector3 x="0.0" y="83.0" z="0.0"/>
    <Vector3 x="0.0" y="83.0" z="0.0"/>
    <Vector3 x="0.0" y="78.0" z="0.0"/>
    <Vector3 x="0.0" y="89.0" z="0.0"/>
    <Vector3 x="0.0" y="88.0" z="0.0"/>
    <Vector3 x="0.0" y="87.0" z="0.0"/>
    <Vector3 x="0.0" y="82.0" z="0.0"/>
    <Vector3 x="0.0" y="80.0" z="0.0"/>
    <Vector3 x="0.0" y="80.0" z="0.0"/>
    <Vector3 x="0.0" y="78.0" z="0.0"/>
    <Vector3 x="0.0" y="81.0" z="0.0"/>
    <Vector3 x="0.0" y="81.0" z="0.0"/>
    <Vector3 x="0.0" y="77.0" z="0.0"/>
    <Vector3 x="0.0" y="81.0" z="0.0"/>
    <Vector3 x="0.0" y="83.0" z="0.0"/>
    <Vector3 x="0.0" y="81.0" z="0.0"/>
    <Vector3 x="0.0" y="83.0" z="0.0"/>
    <Vector3 x="0.0" y="81.0" z="0.0"/>
    <Vector3 x="0.0" y="83.0" z="0.0"/>
    <Vector3 x="0.0" y="77.0" z="0.0"/>
    <Vector3 x="0.0" y="78.0" z="0.0"/>
    <Vector3 x="0.0" y="87.0" z="0.0"/>
    <Vector3 x="0.0" y="86.0" z="0.0"/>
    <Vector3 x="0.0" y="86.0" z="0.0"/>
    <Vector3 x="0.0" y="86.0" z="0.0"/>
    <Vector3 x="0.0" y="86.0" z="0.0"/>
    <Vector3 x="0.0" y="86.0" z="0.0"/>
    <Vector3 x="0.0" y="86.0" z="0.0"/>
    <Vector3 x="0.0" y="78.0" z="0.0"/>
    <Vector3 x="0.0" y="82.0" z="0.0"/>
    <Vector3 x="0.0" y="84.0" z="0.0"/>
    <Vector3 x="0.0" y="79.0" z="0.0"/>
    <Vector3 x="0.0" y="86.0" z="0.0"/>
    <Vector3 x="0.0" y="76.0" z="0.0"/>
    <Vector3 x="0.0" y="77.0" z="0.0"/>
    <Vector3 x="0.0" y="80.0" z="0.0"/>
    <Vector3 x="0.0" y="76.0" z="0.0"/>
    <Vector3 x="0.0" y="81.0" z="0.0"/>
    <Vector3 x="0.0" y="83.0" z="0.0"/>
    <Vector3 x="0.0" y="83.0" z="0.0"/>
    <Vector3 x="0.0" y="88.0" z="0.0"/>
    <Vector3 x="0.0" y="87.0" z="0.0"/>
    <Vector3 x="0.0" y="87.0" z="0.0"/>
    <Vector3 x="0.0" y="86.0" z="0.0"/>
    <Vector3 x="0.0" y="78.0" z="0.0"/>
    <Vector3 x="0.0" y="81.0" z="0.0"/>
    <Vector3 x="0.0" y="77.0" z="0.0"/>
    <Vector3 x="0.0" y="77.0" z="0.0"/>
    <Vector3 x="0.0" y="83.0" z="0.0"/>
    <Vector3 x="0.0" y="83.0" z="0.0"/>
    <Vector3 x="0.0" y="76.0" z="0.0"/>
    <Vector3 x="0.0" y="74.0" z="0.0"/>
  </Kerning>
  <CharMap>
    <Char c="&#10;"/>
    <Char c="&#13;"/>
    <Char c=" "/>
    <Char c="!"/>
    <Char c="&quot;"/>
    <Char c="#"/>
    <Char c="$"/>
    <Char c="%"/>
    <Char c="&amp;"/>
    <Char c="'"/>
    <Char c="("/>
    <Char c=")"/>
    <Char c="*"/>
    <Char c="+"/>
    <Char c=","/>
    <Char c="-"/>
    <Char c="."/>
    <Char c="/"/>
    <Char c="0"/>
    <Char c="1"/>
    <Char c="2"/>
    <Char c="3"/>
    <Char c="4"/>
    <Char c="5"/>
    <Char c="6"/>
    <Char c="7"/>
    <Char c="8"/>
    <Char c="9"/>
    <Char c=":"/>
    <Char c=";"/>
    <Char c="&lt;"/>
    <Char c="="/>
    <Char c="&gt;"/>
    <Char c="?"/>
    <Char c="@"/>
    <Char c="A"/>
    <Char c="B"/>
    <Char c="C"/>
    <Char c="D"/>
    <Char c="E"/>
    <Char c="F"/>
    <Char c="G"/>
    <Char c="H"/>
    <Char c="I"/>
    <Char c="J"/>
    <Char c="K"/>
    <Char c="L"/>
    <Char c="M"/>
    <Char c="N"/>
    <Char c="O"/>
    <Char c="P"/>
    <Char c="Q"/>
    <Char c="R"/>
    <Char c="S"/>
    <Char c="T"/>
    <Char c="U"/>
    <Char c="V"/>
    <Char c="W"/>
    <Char c="X"/>
    <Char c="Y"/>
    <Char c="Z"/>
    <Char c="["/>
    <Char c="\"/>
    <Char c="]"/>
    <Char c="^"/>
    <Char c="_"/>
    <Char c="`"/>
    <Char c="a"/>
    <Char c="b"/>
    <Char c="c"/>
    <Char c="d"/>
    <Char c="e"/>
    <Char c="f"/>
    <Char c="g"/>
    <Char c="h"/>
    <Char c="i"/>
    <Char c="j"/>
    <Char c="k"/>
    <Char c="l"/>
    <Char c="m"/>
    <Char c="n"/>
    <Char c="o"/>
    <Char c="p"/>
    <Char c="q"/>
    <Char c="r"/>
    <Char c="s"/>
    <Char c="t"/>
    <Char c="u"/>
    <Char c="v"/>
    <Char c="w"/>
    <Char c="x"/>
    <Char c="y"/>
    <Char c="z"/>
    <Char c="{"/>
    <Char c="|"/>
    <Char c="}"/>
    <Char c="~"/>
    <Char c=" "/>
    <Char c="Ç"/>
    <Char c="É"/>
    <Char c="ç"/>
    <Char c="é"/>
    <Char c="가"/>
    <Char c="각"/>
    <Char c="간"/>
    <Char c="갈"/>
    <Char c="감"/>
    <Char c="갑"/>
    <Char c="갔"/>
    <Char c="강"/>
    <Char c="같"/>
    <Char c="개"/>
    <Char c="거"/>
    <Char c="건"/>
    <Char c="걸"/>
    <Char c="겁"/>
    <Char c="것"/>
    <Char c="게"/>
    <Char c="겐"/>
    <Char c="겠"/>
    <Char c="겨"/>
    <Char c="결"/>
    <Char c="겼"/>
    <Char c="경"/>
    <Char c="계"/>
    <Char c="고"/>
    <Char c="곤"/>
    <Char c="곧"/>
    <Char c="곳"/>
    <Char c="공"/>
    <Char c="과"/>
    <Char c="관"/>
    <Char c="괜"/>
    <Char c="괴"/>
    <Char c="구"/>
    <Char c="국"/>
    <Char c="군"/>
    <Char c="굴"/>
    <Char c="권"/>
    <Char c="균"/>
    <Char c="그"/>
    <Char c="근"/>
    <Char c="글"/>
    <Char c="금"/>
    <Char c="기"/>
    <Char c="긴"/>
    <Char c="길"/>
    <Char c="까"/>
    <Char c="깐"/>
    <Char c="깥"/>
    <Char c="꺼"/>
    <Char c="께"/>
    <Char c="껴"/>
    <Char c="꼭"/>
    <Char c="꾸"/>
    <Char c="꿀"/>
    <Char c="끌"/>
    <Char c="끔"/>
    <Char c="끝"/>
    <Char c="끼"/>
    <Char c="나"/>
    <Char c="난"/>
    <Char c="날"/>
    <Char c="납"/>
    <Char c="났"/>
    <Char c="내"/>
    <Char c="낸"/>
    <Char c="냈"/>
    <Char c="냥"/>
    <Char c="너"/>
    <Char c="널"/>
    <Char c="네"/>
    <Char c="넷"/>
    <Char c="녕"/>
    <Char c="녜"/>
    <Char c="노"/>
    <Char c="논"/>
    <Char c="놀"/>
    <Char c="농"/>
    <Char c="놓"/>
    <Char c="누"/>
    <Char c="눈"/>
    <Char c="눌"/>
    <Char c="뉘"/>
    <Char c="뉴"/>
    <Char c="느"/>
    <Char c="는"/>
    <Char c="늘"/>
    <Char c="니"/>
    <Char c="닌"/>
    <Char c="님"/>
    <Char c="닙"/>
    <Char c="다"/>
    <Char c="단"/>
    <Char c="닮"/>
    <Char c="담"/>
    <Char c="답"/>
    <Char c="당"/>
    <Char c="대"/>
    <Char c="더"/>
    <Char c="던"/>
    <Char c="덩"/>
    <Char c="덮"/>
    <Char c="데"/>
    <Char c="도"/>
    <Char c="독"/>
    <Char c="돌"/>
    <Char c="동"/>
    <Char c="돼"/>
    <Char c="됐"/>
    <Char c="되"/>
    <Char c="된"/>
    <Char c="될"/>
    <Char c="됨"/>
    <Char c="됩"/>
    <Char c="두"/>
    <Char c="둘"/>
    <Char c="뒤"/>
    <Char c="드"/>
    <Char c="든"/>
    <Char c="들"/>
    <Char c="등"/>
    <Char c="디"/>
    <Char c="딘"/>
    <Char c="딩"/>
    <Char c="따"/>
    <Char c="때"/>
    <Char c="떠"/>
    <Char c="떤"/>
    <Char c="떨"/>
    <Char c="떻"/>
    <Char c="또"/>
    <Char c="똑"/>
    <Char c="뛰"/>
    <Char c="뛸"/>
    <Char c="뜨"/>
    <Char c="뜻"/>
    <Char c="라"/>
    <Char c="락"/>
    <Char c="란"/>
    <Char c="람"/>
    <Char c="랍"/>
    <Char c="랑"/>
    <Char c="래"/>
    <Char c="랙"/>
    <Char c="랜"/>
    <Char c="러"/>
    <Char c="런"/>
    <Char c="럴"/>
    <Char c="럼"/>
    <Char c="럽"/>
    <Char c="렀"/>
    <Char c="렇"/>
    <Char c="레"/>
    <Char c="렌"/>
    <Char c="려"/>
    <Char c="력"/>
    <Char c="렸"/>
    <Char c="례"/>
    <Char c="로"/>
    <Char c="록"/>
    <Char c="론"/>
    <Char c="롤"/>
    <Char c="롯"/>
    <Char c="료"/>
    <Char c="루"/>
    <Char c="륨"/>
    <Char c="르"/>
    <Char c="른"/>
    <Char c="를"/>
    <Char c="름"/>
    <Char c="리"/>
    <Char c="린"/>
    <Char c="릴"/>
    <Char c="림"/>
    <Char c="립"/>
    <Char c="마"/>
    <Char c="막"/>
    <Char c="만"/>
    <Char c="많"/>
    <Char c="말"/>
    <Char c="망"/>
    <Char c="맞"/>
    <Char c="매"/>
    <Char c="맹"/>
    <Char c="머"/>
    <Char c="멋"/>
    <Char c="멍"/>
    <Char c="메"/>
    <Char c="며"/>
    <Char c="면"/>
    <Char c="명"/>
    <Char c="몇"/>
    <Char c="모"/>
    <Char c="목"/>
    <Char c="몰"/>
    <Char c="몸"/>
    <Char c="못"/>
    <Char c="무"/>
    <Char c="문"/>
    <Char c="물"/>
    <Char c="뭐"/>
    <Char c="뭔"/>
    <Char c="뭘"/>
    <Char c="미"/>
    <Char c="믿"/>
    <Char c="밀"/>
    <Char c="및"/>
    <Char c="바"/>
    <Char c="밖"/>
    <Char c="반"/>
    <Char c="받"/>
    <Char c="발"/>
    <Char c="밝"/>
    <Char c="밤"/>
    <Char c="방"/>
    <Char c="배"/>
    <Char c="밸"/>
    <Char c="버"/>
    <Char c="번"/>
    <Char c="범"/>
    <Char c="법"/>
    <Char c="벤"/>
    <Char c="벨"/>
    <Char c="변"/>
    <Char c="별"/>
    <Char c="보"/>
    <Char c="복"/>
    <Char c="본"/>
    <Char c="볼"/>
    <Char c="봇"/>
    <Char c="봉"/>
    <Char c="봐"/>
    <Char c="봤"/>
    <Char c="부"/>
    <Char c="분"/>
    <Char c="불"/>
    <Char c="붕"/>
    <Char c="붙"/>
    <Char c="브"/>
    <Char c="블"/>
    <Char c="비"/>
    <Char c="빈"/>
    <Char c="빌"/>
    <Char c="빙"/>
    <Char c="빛"/>
    <Char c="빨"/>
    <Char c="빼"/>
    <Char c="뻔"/>
    <Char c="뿐"/>
    <Char c="쁘"/>
    <Char c="쁜"/>
    <Char c="쁠"/>
    <Char c="사"/>
    <Char c="산"/>
    <Char c="살"/>
    <Char c="상"/>
    <Char c="새"/>
    <Char c="색"/>
    <Char c="생"/>
    <Char c="서"/>
    <Char c="석"/>
    <Char c="선"/>
    <Char c="설"/>
    <Char c="성"/>
    <Char c="세"/>
    <Char c="셔"/>
    <Char c="션"/>
    <Char c="소"/>
    <Char c="속"/>
    <Char c="손"/>
    <Char c="솔"/>
    <Char c="쇠"/>
    <Char c="수"/>
    <Char c="순"/>
    <Char c="숫"/>
    <Char c="스"/>
    <Char c="슨"/>
    <Char c="슬"/>
    <Char c="습"/>
    <Char c="시"/>
    <Char c="식"/>
    <Char c="신"/>
    <Char c="실"/>
    <Char c="심"/>
    <Char c="십"/>
    <Char c="싱"/>
    <Char c="싶"/>
    <Char c="쓰"/>
    <Char c="쓸"/>
    <Char c="씁"/>
    <Char c="씌"/>
    <Char c="씨"/>
    <Char c="씩"/>
    <Char c="씬"/>
    <Char c="아"/>
    <Char c="악"/>
    <Char c="안"/>
    <Char c="않"/>
    <Char c="알"/>
    <Char c="앗"/>
    <Char c="았"/>
    <Char c="앞"/>
    <Char c="앤"/>
    <Char c="야"/>
    <Char c="얏"/>
    <Char c="양"/>
    <Char c="얘"/>
    <Char c="어"/>
    <Char c="억"/>
    <Char c="언"/>
    <Char c="얼"/>
    <Char c="엄"/>
    <Char c="없"/>
    <Char c="었"/>
    <Char c="에"/>
    <Char c="엑"/>
    <Char c="엔"/>
    <Char c="여"/>
    <Char c="역"/>
    <Char c="연"/>
    <Char c="열"/>
    <Char c="였"/>
    <Char c="영"/>
    <Char c="예"/>
    <Char c="오"/>
    <Char c="온"/>
    <Char c="올"/>
    <Char c="옵"/>
    <Char c="와"/>
    <Char c="완"/>
    <Char c="왓"/>
    <Char c="왔"/>
    <Char c="왕"/>
    <Char c="왜"/>
    <Char c="왠"/>
    <Char c="외"/>
    <Char c="왼"/>
    <Char c="요"/>
    <Char c="용"/>
    <Char c="우"/>
    <Char c="운"/>
    <Char c="울"/>
    <Char c="움"/>
    <Char c="웃"/>
    <Char c="워"/>
    <Char c="원"/>
    <Char c="웠"/>
    <Char c="위"/>
    <Char c="유"/>
    <Char c="육"/>
    <Char c="으"/>
    <Char c="은"/>
    <Char c="을"/>
    <Char c="음"/>
    <Char c="응"/>
    <Char c="의"/>
    <Char c="이"/>
    <Char c="인"/>
    <Char c="일"/>
    <Char c="읽"/>
    <Char c="잃"/>
    <Char c="임"/>
    <Char c="입"/>
    <Char c="있"/>
    <Char c="잊"/>
    <Char c="자"/>
    <Char c="작"/>
    <Char c="잔"/>
    <Char c="잖"/>
    <Char c="잘"/>
    <Char c="잠"/>
    <Char c="잡"/>
    <Char c="장"/>
    <Char c="재"/>
    <Char c="저"/>
    <Char c="적"/>
    <Char c="전"/>
    <Char c="절"/>
    <Char c="점"/>
    <Char c="접"/>
    <Char c="정"/>
    <Char c="제"/>
    <Char c="져"/>
    <Char c="조"/>
    <Char c="존"/>
    <Char c="좀"/>
    <Char c="종"/>
    <Char c="좋"/>
    <Char c="죠"/>
    <Char c="주"/>
    <Char c="죽"/>
    <Char c="준"/>
    <Char c="줄"/>
    <Char c="줌"/>
    <Char c="줍"/>
    <Char c="중"/>
    <Char c="줘"/>
    <Char c="즈"/>
    <Char c="즘"/>
    <Char c="지"/>
    <Char c="직"/>
    <Char c="진"/>
    <Char c="질"/>
    <Char c="짐"/>
    <Char c="집"/>
    <Char c="짓"/>
    <Char c="짜"/>
    <Char c="짝"/>
    <Char c="짧"/>
    <Char c="째"/>
    <Char c="쨌"/>
    <Char c="쩌"/>
    <Char c="쪽"/>
    <Char c="차"/>
    <Char c="착"/>
    <Char c="찮"/>
    <Char c="참"/>
    <Char c="창"/>
    <Char c="찾"/>
    <Char c="책"/>
    <Char c="처"/>
    <Char c="첫"/>
    <Char c="청"/>
    <Char c="체"/>
    <Char c="쳐"/>
    <Char c="초"/>
    <Char c="촌"/>
    <Char c="총"/>
    <Char c="최"/>
    <Char c="추"/>
    <Char c="축"/>
    <Char c="춰"/>
    <Char c="취"/>
    <Char c="치"/>
    <Char c="친"/>
    <Char c="칭"/>
    <Char c="카"/>
    <Char c="커"/>
    <Char c="컨"/>
    <Char c="켜"/>
    <Char c="콘"/>
    <Char c="쿵"/>
    <Char c="큐"/>
    <Char c="크"/>
    <Char c="큰"/>
    <Char c="클"/>
    <Char c="큼"/>
    <Char c="키"/>
    <Char c="킬"/>
    <Char c="타"/>
    <Char c="탄"/>
    <Char c="탈"/>
    <Char c="태"/>
    <Char c="택"/>
    <Char c="터"/>
    <Char c="턴"/>
    <Char c="테"/>
    <Char c="텐"/>
    <Char c="템"/>
    <Char c="토"/>
    <Char c="통"/>
    <Char c="투"/>
    <Char c="트"/>
    <Char c="특"/>
    <Char c="튼"/>
    <Char c="티"/>
    <Char c="파"/>
    <Char c="판"/>
    <Char c="팔"/>
    <Char c="패"/>
    <Char c="퍼"/>
    <Char c="페"/>
    <Char c="펴"/>
    <Char c="편"/>
    <Char c="펼"/>
    <Char c="평"/>
    <Char c="포"/>
    <Char c="폭"/>
    <Char c="표"/>
    <Char c="풀"/>
    <Char c="프"/>
    <Char c="플"/>
    <Char c="피"/>
    <Char c="필"/>
    <Char c="하"/>
    <Char c="학"/>
    <Char c="한"/>
    <Char c="할"/>
    <Char c="함"/>
    <Char c="합"/>
    <Char c="항"/>
    <Char c="해"/>
    <Char c="핸"/>
    <Char c="했"/>
    <Char c="행"/>
    <Char c="향"/>
    <Char c="험"/>
    <Char c="혀"/>
    <Char c="현"/>
    <Char c="형"/>
    <Char c="호"/>
    <Char c="혹"/>
    <Char c="홀"/>
    <Char c="화"/>
    <Char c="확"/>
    <Char c="환"/>
    <Char c="활"/>
    <Char c="회"/>
    <Char c="후"/>
    <Char c="훨"/>
    <Char c="휘"/>
    <Char c="흔"/>
    <Char c="흩"/>
    <Char c="히"/>
    <Char c="힘"/>
  </CharMap>
</SpriteFont>
