<?xml version='1.0' encoding='UTF-8'?>
<AnimatedTexturePC width="64" height="32" actualWidth="17" actualHeight="11">
  <Frames>
    <FramePC duration="800000">
      <Rectangle x="0" y="0" w="17" h="11"/>
    </FramePC>
    <FramePC duration="800000">
      <Rectangle x="0" y="12" w="17" h="11"/>
    </FramePC>
    <FramePC duration="800000">
      <Rectangle x="18" y="0" w="17" h="11"/>
    </FramePC>
    <FramePC duration="800000">
      <Rectangle x="18" y="12" w="17" h="11"/>
    </FramePC>
    <FramePC duration="800000">
      <Rectangle x="36" y="0" w="17" h="11"/>
    </FramePC>
    <FramePC duration="800000">
      <Rectangle x="36" y="12" w="17" h="11"/>
    </FramePC>
  </Frames>
</AnimatedTexturePC>
