<?xml version='1.0' encoding='UTF-8'?>
<AnimatedTexturePC width="64" height="32" actualWidth="11" actualHeight="14">
  <Frames>
    <FramePC duration="1000000">
      <Rectangle x="0" y="0" w="11" h="14"/>
    </FramePC>
    <FramePC duration="3300000">
      <Rectangle x="12" y="0" w="11" h="14"/>
    </FramePC>
    <FramePC duration="800000">
      <Rectangle x="0" y="15" w="11" h="14"/>
    </FramePC>
    <FramePC duration="800000">
      <Rectangle x="12" y="15" w="11" h="14"/>
    </FramePC>
    <FramePC duration="5800000">
      <Rectangle x="24" y="0" w="11" h="14"/>
    </FramePC>
    <FramePC duration="800000">
      <Rectangle x="36" y="0" w="11" h="14"/>
    </FramePC>
    <FramePC duration="16600000">
      <Rectangle x="24" y="15" w="11" h="14"/>
    </FramePC>
    <FramePC duration="800000">
      <Rectangle x="48" y="0" w="11" h="14"/>
    </FramePC>
  </Frames>
</AnimatedTexturePC>
