<?xml version='1.0' encoding='UTF-8'?>
<AnimatedTexturePC width="64" height="32" actualWidth="15" actualHeight="14">
  <Frames>
    <FramePC duration="1600000">
      <Rectangle x="0" y="0" w="15" h="14"/>
    </FramePC>
    <FramePC duration="1600000">
      <Rectangle x="16" y="0" w="15" h="14"/>
    </FramePC>
    <FramePC duration="1600000">
      <Rectangle x="0" y="15" w="15" h="14"/>
    </FramePC>
    <FramePC duration="1600000">
      <Rectangle x="16" y="15" w="15" h="14"/>
    </FramePC>
    <FramePC duration="1600000">
      <Rectangle x="32" y="0" w="15" h="14"/>
    </FramePC>
  </Frames>
</AnimatedTexturePC>
