<?xml version='1.0' encoding='UTF-8'?>
<AnimatedTexturePC width="64" height="64" actualWidth="17" actualHeight="14">
  <Frames>
    <FramePC duration="800000">
      <Rectangle x="0" y="0" w="17" h="14"/>
    </FramePC>
    <FramePC duration="800000">
      <Rectangle x="0" y="15" w="17" h="14"/>
    </FramePC>
    <FramePC duration="800000">
      <Rectangle x="18" y="0" w="17" h="14"/>
    </FramePC>
    <FramePC duration="800000">
      <Rectangle x="18" y="15" w="17" h="14"/>
    </FramePC>
    <FramePC duration="800000">
      <Rectangle x="36" y="0" w="17" h="14"/>
    </FramePC>
    <FramePC duration="800000">
      <Rectangle x="36" y="15" w="17" h="14"/>
    </FramePC>
    <FramePC duration="800000">
      <Rectangle x="0" y="30" w="17" h="14"/>
    </FramePC>
  </Frames>
</AnimatedTexturePC>
