<?xml version='1.0' encoding='UTF-8'?>
<AnimatedTexturePC width="32" height="32" actualWidth="11" actualHeight="14">
  <Frames>
    <FramePC duration="800000">
      <Rectangle x="0" y="0" w="11" h="14"/>
    </FramePC>
    <FramePC duration="9100000">
      <Rectangle x="12" y="0" w="11" h="14"/>
    </FramePC>
    <FramePC duration="800000">
      <Rectangle x="0" y="15" w="11" h="14"/>
    </FramePC>
    <FramePC duration="800000">
      <Rectangle x="12" y="15" w="11" h="14"/>
    </FramePC>
  </Frames>
</AnimatedTexturePC>
