<?xml version='1.0' encoding='UTF-8'?>
<AnimatedTexturePC width="32" height="32" actualWidth="12" actualHeight="14">
  <Frames>
    <FramePC duration="800000">
      <Rectangle x="0" y="0" w="12" h="14"/>
    </FramePC>
    <FramePC duration="800000">
      <Rectangle x="13" y="0" w="12" h="14"/>
    </FramePC>
    <FramePC duration="800000">
      <Rectangle x="0" y="15" w="12" h="14"/>
    </FramePC>
    <FramePC duration="800000">
      <Rectangle x="13" y="15" w="12" h="14"/>
    </FramePC>
  </Frames>
</AnimatedTexturePC>
