<?xml version='1.0' encoding='UTF-8'?>
<AnimatedTexturePC width="64" height="32" actualWidth="15" actualHeight="11">
  <Frames>
    <FramePC duration="700000">
      <Rectangle x="0" y="0" w="15" h="11"/>
    </FramePC>
    <FramePC duration="700000">
      <Rectangle x="16" y="0" w="15" h="11"/>
    </FramePC>
    <FramePC duration="700000">
      <Rectangle x="0" y="12" w="15" h="11"/>
    </FramePC>
    <FramePC duration="700000">
      <Rectangle x="16" y="12" w="15" h="11"/>
    </FramePC>
    <FramePC duration="700000">
      <Rectangle x="32" y="0" w="15" h="11"/>
    </FramePC>
    <FramePC duration="700000">
      <Rectangle x="32" y="12" w="15" h="11"/>
    </FramePC>
    <FramePC duration="700000">
      <Rectangle x="48" y="0" w="15" h="11"/>
    </FramePC>
    <FramePC duration="700000">
      <Rectangle x="48" y="12" w="15" h="11"/>
    </FramePC>
  </Frames>
</AnimatedTexturePC>
