<?xml version='1.0' encoding='UTF-8'?>
<AnimatedTexturePC width="64" height="64" actualWidth="16" actualHeight="16">
  <Frames>
    <FramePC duration="2000000">
      <Rectangle x="0" y="0" w="16" h="16"/>
    </FramePC>
    <FramePC duration="2000000">
      <Rectangle x="17" y="0" w="16" h="16"/>
    </FramePC>
    <FramePC duration="2000000">
      <Rectangle x="34" y="0" w="16" h="16"/>
    </FramePC>
    <FramePC duration="2000000">
      <Rectangle x="0" y="17" w="16" h="16"/>
    </FramePC>
    <FramePC duration="2000000">
      <Rectangle x="17" y="17" w="16" h="16"/>
    </FramePC>
  </Frames>
</AnimatedTexturePC>
