<?xml version='1.0' encoding='UTF-8'?>
<AnimatedTexturePC width="128" height="128" actualWidth="15" actualHeight="16">
  <Frames>
    <FramePC duration="1600000">
      <Rectangle x="0" y="0" w="15" h="16"/>
    </FramePC>
    <FramePC duration="1600000">
      <Rectangle x="16" y="0" w="15" h="16"/>
    </FramePC>
    <FramePC duration="1600000">
      <Rectangle x="32" y="0" w="15" h="16"/>
    </FramePC>
    <FramePC duration="1600000">
      <Rectangle x="48" y="0" w="15" h="16"/>
    </FramePC>
    <FramePC duration="1600000">
      <Rectangle x="0" y="17" w="15" h="16"/>
    </FramePC>
    <FramePC duration="600000">
      <Rectangle x="16" y="17" w="15" h="16"/>
    </FramePC>
    <FramePC duration="1600000">
      <Rectangle x="0" y="34" w="15" h="16"/>
    </FramePC>
    <FramePC duration="1600000">
      <Rectangle x="32" y="17" w="15" h="16"/>
    </FramePC>
    <FramePC duration="800000">
      <Rectangle x="16" y="34" w="15" h="16"/>
    </FramePC>
    <FramePC duration="1300000">
      <Rectangle x="48" y="17" w="15" h="16"/>
    </FramePC>
    <FramePC duration="1600000">
      <Rectangle x="32" y="34" w="15" h="16"/>
    </FramePC>
    <FramePC duration="600000">
      <Rectangle x="48" y="34" w="15" h="16"/>
    </FramePC>
    <FramePC duration="5000000">
      <Rectangle x="64" y="0" w="15" h="16"/>
    </FramePC>
    <FramePC duration="1600000">
      <Rectangle x="80" y="0" w="15" h="16"/>
    </FramePC>
    <FramePC duration="1600000">
      <Rectangle x="64" y="17" w="15" h="16"/>
    </FramePC>
    <FramePC duration="1600000">
      <Rectangle x="96" y="0" w="15" h="16"/>
    </FramePC>
    <FramePC duration="1600000">
      <Rectangle x="80" y="17" w="15" h="16"/>
    </FramePC>
    <FramePC duration="1600000">
      <Rectangle x="64" y="34" w="15" h="16"/>
    </FramePC>
    <FramePC duration="1600000">
      <Rectangle x="112" y="0" w="15" h="16"/>
    </FramePC>
    <FramePC duration="1600000">
      <Rectangle x="96" y="17" w="15" h="16"/>
    </FramePC>
    <FramePC duration="600000">
      <Rectangle x="80" y="34" w="15" h="16"/>
    </FramePC>
    <FramePC duration="1600000">
      <Rectangle x="112" y="17" w="15" h="16"/>
    </FramePC>
    <FramePC duration="1600000">
      <Rectangle x="96" y="34" w="15" h="16"/>
    </FramePC>
    <FramePC duration="1000000">
      <Rectangle x="112" y="34" w="15" h="16"/>
    </FramePC>
    <FramePC duration="1000000">
      <Rectangle x="0" y="51" w="15" h="16"/>
    </FramePC>
    <FramePC duration="1600000">
      <Rectangle x="16" y="51" w="15" h="16"/>
    </FramePC>
    <FramePC duration="1600000">
      <Rectangle x="0" y="68" w="15" h="16"/>
    </FramePC>
    <FramePC duration="1600000">
      <Rectangle x="32" y="51" w="15" h="16"/>
    </FramePC>
    <FramePC duration="1000000">
      <Rectangle x="16" y="68" w="15" h="16"/>
    </FramePC>
    <FramePC duration="1300000">
      <Rectangle x="0" y="85" w="15" h="16"/>
    </FramePC>
    <FramePC duration="1300000">
      <Rectangle x="48" y="51" w="15" h="16"/>
    </FramePC>
    <FramePC duration="5000000">
      <Rectangle x="32" y="68" w="15" h="16"/>
    </FramePC>
    <FramePC duration="1600000">
      <Rectangle x="16" y="85" w="15" h="16"/>
    </FramePC>
    <FramePC duration="1000000">
      <Rectangle x="64" y="51" w="15" h="16"/>
    </FramePC>
  </Frames>
</AnimatedTexturePC>
