<?xml version='1.0' encoding='UTF-8'?>
<AnimatedTexturePC width="64" height="64" actualWidth="16" actualHeight="17">
  <Frames>
    <FramePC duration="1300000">
      <Rectangle x="0" y="0" w="16" h="17"/>
    </FramePC>
    <FramePC duration="1300000">
      <Rectangle x="17" y="0" w="16" h="17"/>
    </FramePC>
    <FramePC duration="1300000">
      <Rectangle x="34" y="0" w="16" h="17"/>
    </FramePC>
    <FramePC duration="8300000">
      <Rectangle x="0" y="18" w="16" h="17"/>
    </FramePC>
    <FramePC duration="1600000">
      <Rectangle x="17" y="18" w="16" h="17"/>
    </FramePC>
    <FramePC duration="1600000">
      <Rectangle x="0" y="36" w="16" h="17"/>
    </FramePC>
    <FramePC duration="1600000">
      <Rectangle x="34" y="18" w="16" h="17"/>
    </FramePC>
    <FramePC duration="1600000">
      <Rectangle x="17" y="36" w="16" h="17"/>
    </FramePC>
    <FramePC duration="1600000">
      <Rectangle x="34" y="36" w="16" h="17"/>
    </FramePC>
  </Frames>
</AnimatedTexturePC>
