<?xml version='1.0' encoding='UTF-8'?>
<AnimatedTexturePC width="256" height="32" actualWidth="16" actualHeight="32">
  <Frames>
    <FramePC duration="800000">
      <Rectangle x="0" y="0" w="16" h="32"/>
    </FramePC>
    <FramePC duration="800000">
      <Rectangle x="16" y="0" w="16" h="32"/>
    </FramePC>
    <FramePC duration="800000">
      <Rectangle x="32" y="0" w="16" h="32"/>
    </FramePC>
    <FramePC duration="800000">
      <Rectangle x="48" y="0" w="16" h="32"/>
    </FramePC>
    <FramePC duration="800000">
      <Rectangle x="64" y="0" w="16" h="32"/>
    </FramePC>
    <FramePC duration="800000">
      <Rectangle x="80" y="0" w="16" h="32"/>
    </FramePC>
    <FramePC duration="800000">
      <Rectangle x="96" y="0" w="16" h="32"/>
    </FramePC>
    <FramePC duration="800000">
      <Rectangle x="112" y="0" w="16" h="32"/>
    </FramePC>
    <FramePC duration="800000">
      <Rectangle x="128" y="0" w="16" h="32"/>
    </FramePC>
    <FramePC duration="800000">
      <Rectangle x="144" y="0" w="16" h="32"/>
    </FramePC>
    <FramePC duration="800000">
      <Rectangle x="160" y="0" w="16" h="32"/>
    </FramePC>
    <FramePC duration="800000">
      <Rectangle x="176" y="0" w="16" h="32"/>
    </FramePC>
    <FramePC duration="800000">
      <Rectangle x="192" y="0" w="16" h="32"/>
    </FramePC>
    <FramePC duration="800000">
      <Rectangle x="208" y="0" w="16" h="32"/>
    </FramePC>
    <FramePC duration="800000">
      <Rectangle x="224" y="0" w="16" h="32"/>
    </FramePC>
    <FramePC duration="800000">
      <Rectangle x="240" y="0" w="16" h="32"/>
    </FramePC>
  </Frames>
</AnimatedTexturePC>
