<?xml version='1.0' encoding='UTF-8'?>
<AnimatedTexturePC width="64" height="64" actualWidth="16" actualHeight="8">
  <Frames>
    <FramePC duration="800000">
      <Rectangle x="0" y="0" w="16" h="8"/>
    </FramePC>
    <FramePC duration="800000">
      <Rectangle x="0" y="9" w="16" h="8"/>
    </FramePC>
    <FramePC duration="800000">
      <Rectangle x="0" y="18" w="16" h="8"/>
    </FramePC>
    <FramePC duration="800000">
      <Rectangle x="17" y="0" w="16" h="8"/>
    </FramePC>
    <FramePC duration="800000">
      <Rectangle x="17" y="9" w="16" h="8"/>
    </FramePC>
    <FramePC duration="800000">
      <Rectangle x="34" y="0" w="16" h="8"/>
    </FramePC>
    <FramePC duration="800000">
      <Rectangle x="17" y="18" w="16" h="8"/>
    </FramePC>
    <FramePC duration="800000">
      <Rectangle x="34" y="9" w="16" h="8"/>
    </FramePC>
    <FramePC duration="800000">
      <Rectangle x="34" y="18" w="16" h="8"/>
    </FramePC>
    <FramePC duration="800000">
      <Rectangle x="0" y="27" w="16" h="8"/>
    </FramePC>
    <FramePC duration="800000">
      <Rectangle x="0" y="36" w="16" h="8"/>
    </FramePC>
    <FramePC duration="800000">
      <Rectangle x="17" y="27" w="16" h="8"/>
    </FramePC>
  </Frames>
</AnimatedTexturePC>
