<?xml version='1.0' encoding='UTF-8'?>
<AnimatedTexturePC width="128" height="64" actualWidth="32" actualHeight="8">
  <Frames>
    <FramePC duration="900000">
      <Rectangle x="0" y="0" w="32" h="8"/>
    </FramePC>
    <FramePC duration="900000">
      <Rectangle x="0" y="9" w="32" h="8"/>
    </FramePC>
    <FramePC duration="900000">
      <Rectangle x="0" y="18" w="32" h="8"/>
    </FramePC>
    <FramePC duration="900000">
      <Rectangle x="0" y="27" w="32" h="8"/>
    </FramePC>
    <FramePC duration="900000">
      <Rectangle x="0" y="36" w="32" h="8"/>
    </FramePC>
    <FramePC duration="900000">
      <Rectangle x="0" y="45" w="32" h="8"/>
    </FramePC>
    <FramePC duration="900000">
      <Rectangle x="0" y="54" w="32" h="8"/>
    </FramePC>
    <FramePC duration="900000">
      <Rectangle x="33" y="0" w="32" h="8"/>
    </FramePC>
    <FramePC duration="900000">
      <Rectangle x="33" y="9" w="32" h="8"/>
    </FramePC>
    <FramePC duration="900000">
      <Rectangle x="33" y="18" w="32" h="8"/>
    </FramePC>
    <FramePC duration="900000">
      <Rectangle x="33" y="27" w="32" h="8"/>
    </FramePC>
    <FramePC duration="900000">
      <Rectangle x="66" y="0" w="32" h="8"/>
    </FramePC>
    <FramePC duration="900000">
      <Rectangle x="33" y="36" w="32" h="8"/>
    </FramePC>
  </Frames>
</AnimatedTexturePC>
