<?xml version='1.0' encoding='UTF-8'?>
<AnimatedTexturePC width="128" height="64" actualWidth="11" actualHeight="17">
  <Frames>
    <FramePC duration="1300000">
      <Rectangle x="0" y="0" w="11" h="17"/>
    </FramePC>
    <FramePC duration="1300000">
      <Rectangle x="12" y="0" w="11" h="17"/>
    </FramePC>
    <FramePC duration="1300000">
      <Rectangle x="24" y="0" w="11" h="17"/>
    </FramePC>
    <FramePC duration="1300000">
      <Rectangle x="36" y="0" w="11" h="17"/>
    </FramePC>
    <FramePC duration="1300000">
      <Rectangle x="48" y="0" w="11" h="17"/>
    </FramePC>
    <FramePC duration="1300000">
      <Rectangle x="0" y="18" w="11" h="17"/>
    </FramePC>
    <FramePC duration="1300000">
      <Rectangle x="12" y="18" w="11" h="17"/>
    </FramePC>
    <FramePC duration="1300000">
      <Rectangle x="24" y="18" w="11" h="17"/>
    </FramePC>
    <FramePC duration="1300000">
      <Rectangle x="36" y="18" w="11" h="17"/>
    </FramePC>
    <FramePC duration="1800000">
      <Rectangle x="48" y="18" w="11" h="17"/>
    </FramePC>
    <FramePC duration="1300000">
      <Rectangle x="60" y="0" w="11" h="17"/>
    </FramePC>
    <FramePC duration="1300000">
      <Rectangle x="72" y="0" w="11" h="17"/>
    </FramePC>
    <FramePC duration="1000000">
      <Rectangle x="60" y="18" w="11" h="17"/>
    </FramePC>
    <FramePC duration="1300000">
      <Rectangle x="84" y="0" w="11" h="17"/>
    </FramePC>
    <FramePC duration="1300000">
      <Rectangle x="72" y="18" w="11" h="17"/>
    </FramePC>
    <FramePC duration="2300000">
      <Rectangle x="96" y="0" w="11" h="17"/>
    </FramePC>
    <FramePC duration="2300000">
      <Rectangle x="84" y="18" w="11" h="17"/>
    </FramePC>
    <FramePC duration="1300000">
      <Rectangle x="108" y="0" w="11" h="17"/>
    </FramePC>
  </Frames>
</AnimatedTexturePC>
