<?xml version='1.0' encoding='UTF-8'?>
<AnimatedTexturePC width="64" height="32" actualWidth="19" actualHeight="6">
  <Frames>
    <FramePC duration="700000">
      <Rectangle x="0" y="0" w="19" h="6"/>
    </FramePC>
    <FramePC duration="700000">
      <Rectangle x="0" y="7" w="19" h="6"/>
    </FramePC>
    <FramePC duration="700000">
      <Rectangle x="0" y="14" w="19" h="6"/>
    </FramePC>
    <FramePC duration="700000">
      <Rectangle x="20" y="0" w="19" h="6"/>
    </FramePC>
    <FramePC duration="700000">
      <Rectangle x="20" y="7" w="19" h="6"/>
    </FramePC>
  </Frames>
</AnimatedTexturePC>
