<?xml version='1.0' encoding='UTF-8'?>
<AnimatedTexturePC width="64" height="32" actualWidth="20" actualHeight="10">
  <Frames>
    <FramePC duration="700000">
      <Rectangle x="0" y="0" w="20" h="10"/>
    </FramePC>
    <FramePC duration="700000">
      <Rectangle x="0" y="11" w="20" h="10"/>
    </FramePC>
    <FramePC duration="700000">
      <Rectangle x="21" y="0" w="20" h="10"/>
    </FramePC>
    <FramePC duration="700000">
      <Rectangle x="21" y="11" w="20" h="10"/>
    </FramePC>
    <FramePC duration="700000">
      <Rectangle x="42" y="0" w="20" h="10"/>
    </FramePC>
    <FramePC duration="700000">
      <Rectangle x="42" y="11" w="20" h="10"/>
    </FramePC>
  </Frames>
</AnimatedTexturePC>
