<?xml version='1.0' encoding='UTF-8'?>
<AnimatedTexturePC width="128" height="128" actualWidth="16" actualHeight="24">
  <Frames>
    <FramePC duration="1800000">
      <Rectangle x="0" y="0" w="16" h="24"/>
    </FramePC>
    <FramePC duration="2100000">
      <Rectangle x="17" y="0" w="16" h="24"/>
    </FramePC>
    <FramePC duration="2100000">
      <Rectangle x="34" y="0" w="16" h="24"/>
    </FramePC>
    <FramePC duration="1800000">
      <Rectangle x="0" y="25" w="16" h="24"/>
    </FramePC>
    <FramePC duration="2500000">
      <Rectangle x="17" y="25" w="16" h="24"/>
    </FramePC>
    <FramePC duration="2800000">
      <Rectangle x="34" y="25" w="16" h="24"/>
    </FramePC>
    <FramePC duration="6600000">
      <Rectangle x="51" y="0" w="16" h="24"/>
    </FramePC>
    <FramePC duration="1300000">
      <Rectangle x="68" y="0" w="16" h="24"/>
    </FramePC>
    <FramePC duration="16600000">
      <Rectangle x="51" y="25" w="16" h="24"/>
    </FramePC>
    <FramePC duration="1300000">
      <Rectangle x="85" y="0" w="16" h="24"/>
    </FramePC>
    <FramePC duration="1300000">
      <Rectangle x="68" y="25" w="16" h="24"/>
    </FramePC>
    <FramePC duration="1300000">
      <Rectangle x="102" y="0" w="16" h="24"/>
    </FramePC>
    <FramePC duration="2500000">
      <Rectangle x="85" y="25" w="16" h="24"/>
    </FramePC>
    <FramePC duration="2500000">
      <Rectangle x="102" y="25" w="16" h="24"/>
    </FramePC>
    <FramePC duration="2500000">
      <Rectangle x="0" y="50" w="16" h="24"/>
    </FramePC>
    <FramePC duration="2500000">
      <Rectangle x="17" y="50" w="16" h="24"/>
    </FramePC>
    <FramePC duration="2500000">
      <Rectangle x="0" y="75" w="16" h="24"/>
    </FramePC>
    <FramePC duration="2500000">
      <Rectangle x="34" y="50" w="16" h="24"/>
    </FramePC>
    <FramePC duration="2500000">
      <Rectangle x="17" y="75" w="16" h="24"/>
    </FramePC>
    <FramePC duration="2500000">
      <Rectangle x="0" y="100" w="16" h="24"/>
    </FramePC>
    <FramePC duration="2500000">
      <Rectangle x="51" y="50" w="16" h="24"/>
    </FramePC>
    <FramePC duration="2500000">
      <Rectangle x="34" y="75" w="16" h="24"/>
    </FramePC>
    <FramePC duration="1300000">
      <Rectangle x="17" y="100" w="16" h="24"/>
    </FramePC>
    <FramePC duration="1300000">
      <Rectangle x="68" y="50" w="16" h="24"/>
    </FramePC>
    <FramePC duration="4600000">
      <Rectangle x="51" y="75" w="16" h="24"/>
    </FramePC>
    <FramePC duration="2500000">
      <Rectangle x="34" y="100" w="16" h="24"/>
    </FramePC>
    <FramePC duration="16600000">
      <Rectangle x="85" y="50" w="16" h="24"/>
    </FramePC>
    <FramePC duration="2500000">
      <Rectangle x="68" y="75" w="16" h="24"/>
    </FramePC>
    <FramePC duration="2500000">
      <Rectangle x="51" y="100" w="16" h="24"/>
    </FramePC>
    <FramePC duration="2500000">
      <Rectangle x="102" y="50" w="16" h="24"/>
    </FramePC>
    <FramePC duration="4100000">
      <Rectangle x="85" y="75" w="16" h="24"/>
    </FramePC>
    <FramePC duration="3300000">
      <Rectangle x="68" y="100" w="16" h="24"/>
    </FramePC>
    <FramePC duration="3300000">
      <Rectangle x="102" y="75" w="16" h="24"/>
    </FramePC>
    <FramePC duration="3300000">
      <Rectangle x="85" y="100" w="16" h="24"/>
    </FramePC>
    <FramePC duration="13300000">
      <Rectangle x="102" y="100" w="16" h="24"/>
    </FramePC>
  </Frames>
</AnimatedTexturePC>
