<?xml version='1.0' encoding='UTF-8'?>
<AnimatedTexturePC width="64" height="32" actualWidth="11" actualHeight="8">
  <Frames>
    <FramePC duration="700000">
      <Rectangle x="0" y="0" w="11" h="8"/>
    </FramePC>
    <FramePC duration="700000">
      <Rectangle x="12" y="0" w="11" h="8"/>
    </FramePC>
    <FramePC duration="700000">
      <Rectangle x="0" y="9" w="11" h="8"/>
    </FramePC>
    <FramePC duration="700000">
      <Rectangle x="0" y="18" w="11" h="8"/>
    </FramePC>
    <FramePC duration="700000">
      <Rectangle x="12" y="9" w="11" h="8"/>
    </FramePC>
    <FramePC duration="700000">
      <Rectangle x="12" y="18" w="11" h="8"/>
    </FramePC>
    <FramePC duration="700000">
      <Rectangle x="24" y="0" w="11" h="8"/>
    </FramePC>
    <FramePC duration="700000">
      <Rectangle x="24" y="9" w="11" h="8"/>
    </FramePC>
    <FramePC duration="700000">
      <Rectangle x="36" y="0" w="11" h="8"/>
    </FramePC>
  </Frames>
</AnimatedTexturePC>
