<?xml version='1.0' encoding='UTF-8'?>
<AnimatedTexturePC width="64" height="64" actualWidth="12" actualHeight="9">
  <Frames>
    <FramePC duration="1500000">
      <Rectangle x="0" y="0" w="12" h="9"/>
    </FramePC>
    <FramePC duration="1500000">
      <Rectangle x="13" y="0" w="12" h="9"/>
    </FramePC>
    <FramePC duration="1500000">
      <Rectangle x="0" y="10" w="12" h="9"/>
    </FramePC>
    <FramePC duration="1500000">
      <Rectangle x="0" y="20" w="12" h="9"/>
    </FramePC>
    <FramePC duration="1500000">
      <Rectangle x="13" y="10" w="12" h="9"/>
    </FramePC>
    <FramePC duration="1500000">
      <Rectangle x="13" y="20" w="12" h="9"/>
    </FramePC>
    <FramePC duration="1500000">
      <Rectangle x="26" y="0" w="12" h="9"/>
    </FramePC>
    <FramePC duration="1500000">
      <Rectangle x="26" y="10" w="12" h="9"/>
    </FramePC>
    <FramePC duration="1500000">
      <Rectangle x="39" y="0" w="12" h="9"/>
    </FramePC>
    <FramePC duration="1500000">
      <Rectangle x="26" y="20" w="12" h="9"/>
    </FramePC>
    <FramePC duration="1500000">
      <Rectangle x="39" y="10" w="12" h="9"/>
    </FramePC>
    <FramePC duration="1500000">
      <Rectangle x="39" y="20" w="12" h="9"/>
    </FramePC>
    <FramePC duration="1500000">
      <Rectangle x="0" y="30" w="12" h="9"/>
    </FramePC>
    <FramePC duration="1500000">
      <Rectangle x="0" y="40" w="12" h="9"/>
    </FramePC>
    <FramePC duration="1500000">
      <Rectangle x="13" y="30" w="12" h="9"/>
    </FramePC>
    <FramePC duration="1500000">
      <Rectangle x="13" y="40" w="12" h="9"/>
    </FramePC>
    <FramePC duration="1500000">
      <Rectangle x="26" y="30" w="12" h="9"/>
    </FramePC>
    <FramePC duration="1500000">
      <Rectangle x="26" y="40" w="12" h="9"/>
    </FramePC>
    <FramePC duration="1500000">
      <Rectangle x="39" y="30" w="12" h="9"/>
    </FramePC>
    <FramePC duration="1500000">
      <Rectangle x="39" y="40" w="12" h="9"/>
    </FramePC>
  </Frames>
</AnimatedTexturePC>
