<?xml version='1.0' encoding='UTF-8'?>
<AnimatedTexturePC width="64" height="64" actualWidth="11" actualHeight="23">
  <Frames>
    <FramePC duration="1000000">
      <Rectangle x="0" y="0" w="11" h="23"/>
    </FramePC>
    <FramePC duration="1000000">
      <Rectangle x="12" y="0" w="11" h="23"/>
    </FramePC>
    <FramePC duration="1000000">
      <Rectangle x="24" y="0" w="11" h="23"/>
    </FramePC>
    <FramePC duration="1000000">
      <Rectangle x="36" y="0" w="11" h="23"/>
    </FramePC>
    <FramePC duration="1000000">
      <Rectangle x="48" y="0" w="11" h="23"/>
    </FramePC>
    <FramePC duration="1000000">
      <Rectangle x="0" y="24" w="11" h="23"/>
    </FramePC>
    <FramePC duration="1000000">
      <Rectangle x="12" y="24" w="11" h="23"/>
    </FramePC>
  </Frames>
</AnimatedTexturePC>
