<?xml version='1.0' encoding='UTF-8'?>
<AnimatedTexturePC width="256" height="128" actualWidth="32" actualHeight="32">
  <Frames>
    <FramePC duration="600000">
      <Rectangle x="0" y="0" w="32" h="32"/>
    </FramePC>
    <FramePC duration="600000">
      <Rectangle x="33" y="0" w="32" h="32"/>
    </FramePC>
    <FramePC duration="1000000">
      <Rectangle x="66" y="0" w="32" h="32"/>
    </FramePC>
    <FramePC duration="1300000">
      <Rectangle x="0" y="33" w="32" h="32"/>
    </FramePC>
    <FramePC duration="1100000">
      <Rectangle x="33" y="33" w="32" h="32"/>
    </FramePC>
    <FramePC duration="1100000">
      <Rectangle x="66" y="33" w="32" h="32"/>
    </FramePC>
    <FramePC duration="1100000">
      <Rectangle x="99" y="0" w="32" h="32"/>
    </FramePC>
    <FramePC duration="1500000">
      <Rectangle x="132" y="0" w="32" h="32"/>
    </FramePC>
    <FramePC duration="1500000">
      <Rectangle x="99" y="33" w="32" h="32"/>
    </FramePC>
    <FramePC duration="1300000">
      <Rectangle x="132" y="33" w="32" h="32"/>
    </FramePC>
  </Frames>
</AnimatedTexturePC>
