<?xml version='1.0' encoding='UTF-8'?>
<AnimatedTexturePC width="512" height="256" actualWidth="96" actualHeight="32">
  <Frames>
    <FramePC duration="500000">
      <Rectangle x="0" y="0" w="96" h="32"/>
    </FramePC>
    <FramePC duration="500000">
      <Rectangle x="0" y="32" w="96" h="32"/>
    </FramePC>
    <FramePC duration="500000">
      <Rectangle x="0" y="64" w="96" h="32"/>
    </FramePC>
    <FramePC duration="500000">
      <Rectangle x="0" y="96" w="96" h="32"/>
    </FramePC>
    <FramePC duration="500000">
      <Rectangle x="96" y="0" w="96" h="32"/>
    </FramePC>
    <FramePC duration="500000">
      <Rectangle x="96" y="32" w="96" h="32"/>
    </FramePC>
    <FramePC duration="500000">
      <Rectangle x="96" y="64" w="96" h="32"/>
    </FramePC>
    <FramePC duration="500000">
      <Rectangle x="96" y="96" w="96" h="32"/>
    </FramePC>
    <FramePC duration="500000">
      <Rectangle x="0" y="128" w="96" h="32"/>
    </FramePC>
    <FramePC duration="500000">
      <Rectangle x="0" y="160" w="96" h="32"/>
    </FramePC>
    <FramePC duration="500000">
      <Rectangle x="0" y="192" w="96" h="32"/>
    </FramePC>
    <FramePC duration="500000">
      <Rectangle x="96" y="128" w="96" h="32"/>
    </FramePC>
    <FramePC duration="500000">
      <Rectangle x="0" y="224" w="96" h="32"/>
    </FramePC>
    <FramePC duration="500000">
      <Rectangle x="96" y="160" w="96" h="32"/>
    </FramePC>
    <FramePC duration="500000">
      <Rectangle x="96" y="192" w="96" h="32"/>
    </FramePC>
    <FramePC duration="500000">
      <Rectangle x="96" y="224" w="96" h="32"/>
    </FramePC>
    <FramePC duration="500000">
      <Rectangle x="192" y="0" w="96" h="32"/>
    </FramePC>
    <FramePC duration="500000">
      <Rectangle x="192" y="32" w="96" h="32"/>
    </FramePC>
    <FramePC duration="500000">
      <Rectangle x="192" y="64" w="96" h="32"/>
    </FramePC>
    <FramePC duration="500000">
      <Rectangle x="192" y="96" w="96" h="32"/>
    </FramePC>
    <FramePC duration="500000">
      <Rectangle x="288" y="0" w="96" h="32"/>
    </FramePC>
    <FramePC duration="500000">
      <Rectangle x="288" y="32" w="96" h="32"/>
    </FramePC>
    <FramePC duration="500000">
      <Rectangle x="192" y="128" w="96" h="32"/>
    </FramePC>
    <FramePC duration="500000">
      <Rectangle x="192" y="160" w="96" h="32"/>
    </FramePC>
    <FramePC duration="500000">
      <Rectangle x="288" y="64" w="96" h="32"/>
    </FramePC>
    <FramePC duration="500000">
      <Rectangle x="192" y="192" w="96" h="32"/>
    </FramePC>
    <FramePC duration="500000">
      <Rectangle x="384" y="0" w="96" h="32"/>
    </FramePC>
    <FramePC duration="500000">
      <Rectangle x="288" y="96" w="96" h="32"/>
    </FramePC>
    <FramePC duration="500000">
      <Rectangle x="288" y="128" w="96" h="32"/>
    </FramePC>
    <FramePC duration="500000">
      <Rectangle x="384" y="32" w="96" h="32"/>
    </FramePC>
    <FramePC duration="500000">
      <Rectangle x="192" y="224" w="96" h="32"/>
    </FramePC>
    <FramePC duration="500000">
      <Rectangle x="384" y="64" w="96" h="32"/>
    </FramePC>
  </Frames>
</AnimatedTexturePC>
