<?xml version='1.0' encoding='UTF-8'?>
<AnimatedTexturePC width="1024" height="512" actualWidth="96" actualHeight="32">
  <Frames>
    <FramePC duration="500000">
      <Rectangle x="0" y="0" w="96" h="32"/>
    </FramePC>
    <FramePC duration="500000">
      <Rectangle x="0" y="32" w="96" h="32"/>
    </FramePC>
    <FramePC duration="500000">
      <Rectangle x="0" y="64" w="96" h="32"/>
    </FramePC>
    <FramePC duration="500000">
      <Rectangle x="0" y="96" w="96" h="32"/>
    </FramePC>
    <FramePC duration="500000">
      <Rectangle x="96" y="0" w="96" h="32"/>
    </FramePC>
    <FramePC duration="500000">
      <Rectangle x="96" y="32" w="96" h="32"/>
    </FramePC>
    <FramePC duration="500000">
      <Rectangle x="96" y="64" w="96" h="32"/>
    </FramePC>
    <FramePC duration="500000">
      <Rectangle x="96" y="96" w="96" h="32"/>
    </FramePC>
    <FramePC duration="500000">
      <Rectangle x="0" y="128" w="96" h="32"/>
    </FramePC>
    <FramePC duration="500000">
      <Rectangle x="0" y="160" w="96" h="32"/>
    </FramePC>
    <FramePC duration="500000">
      <Rectangle x="0" y="192" w="96" h="32"/>
    </FramePC>
    <FramePC duration="500000">
      <Rectangle x="96" y="128" w="96" h="32"/>
    </FramePC>
    <FramePC duration="500000">
      <Rectangle x="0" y="224" w="96" h="32"/>
    </FramePC>
    <FramePC duration="500000">
      <Rectangle x="96" y="160" w="96" h="32"/>
    </FramePC>
    <FramePC duration="500000">
      <Rectangle x="96" y="192" w="96" h="32"/>
    </FramePC>
    <FramePC duration="500000">
      <Rectangle x="96" y="224" w="96" h="32"/>
    </FramePC>
    <FramePC duration="500000">
      <Rectangle x="192" y="0" w="96" h="32"/>
    </FramePC>
    <FramePC duration="500000">
      <Rectangle x="192" y="32" w="96" h="32"/>
    </FramePC>
    <FramePC duration="500000">
      <Rectangle x="192" y="64" w="96" h="32"/>
    </FramePC>
    <FramePC duration="500000">
      <Rectangle x="192" y="96" w="96" h="32"/>
    </FramePC>
    <FramePC duration="500000">
      <Rectangle x="288" y="0" w="96" h="32"/>
    </FramePC>
    <FramePC duration="500000">
      <Rectangle x="288" y="32" w="96" h="32"/>
    </FramePC>
    <FramePC duration="500000">
      <Rectangle x="192" y="128" w="96" h="32"/>
    </FramePC>
    <FramePC duration="500000">
      <Rectangle x="192" y="160" w="96" h="32"/>
    </FramePC>
    <FramePC duration="500000">
      <Rectangle x="288" y="64" w="96" h="32"/>
    </FramePC>
    <FramePC duration="500000">
      <Rectangle x="192" y="192" w="96" h="32"/>
    </FramePC>
    <FramePC duration="500000">
      <Rectangle x="384" y="0" w="96" h="32"/>
    </FramePC>
    <FramePC duration="500000">
      <Rectangle x="288" y="96" w="96" h="32"/>
    </FramePC>
    <FramePC duration="500000">
      <Rectangle x="288" y="128" w="96" h="32"/>
    </FramePC>
    <FramePC duration="500000">
      <Rectangle x="384" y="32" w="96" h="32"/>
    </FramePC>
    <FramePC duration="500000">
      <Rectangle x="192" y="224" w="96" h="32"/>
    </FramePC>
    <FramePC duration="500000">
      <Rectangle x="384" y="64" w="96" h="32"/>
    </FramePC>
    <FramePC duration="500000">
      <Rectangle x="288" y="160" w="96" h="32"/>
    </FramePC>
    <FramePC duration="500000">
      <Rectangle x="288" y="192" w="96" h="32"/>
    </FramePC>
    <FramePC duration="500000">
      <Rectangle x="384" y="96" w="96" h="32"/>
    </FramePC>
    <FramePC duration="500000">
      <Rectangle x="288" y="224" w="96" h="32"/>
    </FramePC>
    <FramePC duration="500000">
      <Rectangle x="384" y="128" w="96" h="32"/>
    </FramePC>
    <FramePC duration="500000">
      <Rectangle x="384" y="160" w="96" h="32"/>
    </FramePC>
    <FramePC duration="500000">
      <Rectangle x="384" y="192" w="96" h="32"/>
    </FramePC>
    <FramePC duration="500000">
      <Rectangle x="384" y="224" w="96" h="32"/>
    </FramePC>
    <FramePC duration="500000">
      <Rectangle x="0" y="256" w="96" h="32"/>
    </FramePC>
    <FramePC duration="500000">
      <Rectangle x="0" y="288" w="96" h="32"/>
    </FramePC>
    <FramePC duration="500000">
      <Rectangle x="0" y="320" w="96" h="32"/>
    </FramePC>
    <FramePC duration="500000">
      <Rectangle x="96" y="256" w="96" h="32"/>
    </FramePC>
    <FramePC duration="500000">
      <Rectangle x="0" y="352" w="96" h="32"/>
    </FramePC>
    <FramePC duration="500000">
      <Rectangle x="0" y="384" w="96" h="32"/>
    </FramePC>
    <FramePC duration="500000">
      <Rectangle x="96" y="288" w="96" h="32"/>
    </FramePC>
    <FramePC duration="500000">
      <Rectangle x="96" y="320" w="96" h="32"/>
    </FramePC>
    <FramePC duration="500000">
      <Rectangle x="0" y="416" w="96" h="32"/>
    </FramePC>
    <FramePC duration="500000">
      <Rectangle x="96" y="352" w="96" h="32"/>
    </FramePC>
    <FramePC duration="500000">
      <Rectangle x="192" y="256" w="96" h="32"/>
    </FramePC>
    <FramePC duration="500000">
      <Rectangle x="0" y="448" w="96" h="32"/>
    </FramePC>
    <FramePC duration="500000">
      <Rectangle x="192" y="288" w="96" h="32"/>
    </FramePC>
    <FramePC duration="500000">
      <Rectangle x="96" y="384" w="96" h="32"/>
    </FramePC>
    <FramePC duration="500000">
      <Rectangle x="96" y="416" w="96" h="32"/>
    </FramePC>
    <FramePC duration="500000">
      <Rectangle x="192" y="320" w="96" h="32"/>
    </FramePC>
    <FramePC duration="500000">
      <Rectangle x="96" y="448" w="96" h="32"/>
    </FramePC>
    <FramePC duration="500000">
      <Rectangle x="288" y="256" w="96" h="32"/>
    </FramePC>
    <FramePC duration="500000">
      <Rectangle x="192" y="352" w="96" h="32"/>
    </FramePC>
    <FramePC duration="500000">
      <Rectangle x="288" y="288" w="96" h="32"/>
    </FramePC>
    <FramePC duration="500000">
      <Rectangle x="192" y="384" w="96" h="32"/>
    </FramePC>
    <FramePC duration="500000">
      <Rectangle x="288" y="320" w="96" h="32"/>
    </FramePC>
    <FramePC duration="500000">
      <Rectangle x="192" y="416" w="96" h="32"/>
    </FramePC>
    <FramePC duration="500000">
      <Rectangle x="192" y="448" w="96" h="32"/>
    </FramePC>
    <FramePC duration="500000">
      <Rectangle x="384" y="256" w="96" h="32"/>
    </FramePC>
    <FramePC duration="500000">
      <Rectangle x="288" y="352" w="96" h="32"/>
    </FramePC>
    <FramePC duration="500000">
      <Rectangle x="384" y="288" w="96" h="32"/>
    </FramePC>
    <FramePC duration="500000">
      <Rectangle x="288" y="384" w="96" h="32"/>
    </FramePC>
    <FramePC duration="500000">
      <Rectangle x="288" y="416" w="96" h="32"/>
    </FramePC>
    <FramePC duration="500000">
      <Rectangle x="384" y="320" w="96" h="32"/>
    </FramePC>
    <FramePC duration="500000">
      <Rectangle x="384" y="352" w="96" h="32"/>
    </FramePC>
    <FramePC duration="500000">
      <Rectangle x="288" y="448" w="96" h="32"/>
    </FramePC>
    <FramePC duration="500000">
      <Rectangle x="384" y="384" w="96" h="32"/>
    </FramePC>
    <FramePC duration="500000">
      <Rectangle x="384" y="416" w="96" h="32"/>
    </FramePC>
    <FramePC duration="500000">
      <Rectangle x="384" y="448" w="96" h="32"/>
    </FramePC>
    <FramePC duration="500000">
      <Rectangle x="480" y="0" w="96" h="32"/>
    </FramePC>
    <FramePC duration="500000">
      <Rectangle x="480" y="32" w="96" h="32"/>
    </FramePC>
    <FramePC duration="500000">
      <Rectangle x="480" y="64" w="96" h="32"/>
    </FramePC>
    <FramePC duration="500000">
      <Rectangle x="576" y="0" w="96" h="32"/>
    </FramePC>
    <FramePC duration="500000">
      <Rectangle x="480" y="96" w="96" h="32"/>
    </FramePC>
    <FramePC duration="500000">
      <Rectangle x="576" y="32" w="96" h="32"/>
    </FramePC>
    <FramePC duration="500000">
      <Rectangle x="480" y="128" w="96" h="32"/>
    </FramePC>
    <FramePC duration="500000">
      <Rectangle x="576" y="64" w="96" h="32"/>
    </FramePC>
    <FramePC duration="500000">
      <Rectangle x="480" y="160" w="96" h="32"/>
    </FramePC>
    <FramePC duration="500000">
      <Rectangle x="672" y="0" w="96" h="32"/>
    </FramePC>
    <FramePC duration="500000">
      <Rectangle x="576" y="96" w="96" h="32"/>
    </FramePC>
    <FramePC duration="500000">
      <Rectangle x="480" y="192" w="96" h="32"/>
    </FramePC>
    <FramePC duration="500000">
      <Rectangle x="672" y="32" w="96" h="32"/>
    </FramePC>
    <FramePC duration="500000">
      <Rectangle x="576" y="128" w="96" h="32"/>
    </FramePC>
    <FramePC duration="500000">
      <Rectangle x="480" y="224" w="96" h="32"/>
    </FramePC>
    <FramePC duration="500000">
      <Rectangle x="672" y="64" w="96" h="32"/>
    </FramePC>
    <FramePC duration="500000">
      <Rectangle x="480" y="256" w="96" h="32"/>
    </FramePC>
    <FramePC duration="500000">
      <Rectangle x="576" y="160" w="96" h="32"/>
    </FramePC>
    <FramePC duration="500000">
      <Rectangle x="672" y="96" w="96" h="32"/>
    </FramePC>
    <FramePC duration="500000">
      <Rectangle x="768" y="0" w="96" h="32"/>
    </FramePC>
    <FramePC duration="500000">
      <Rectangle x="480" y="288" w="96" h="32"/>
    </FramePC>
    <FramePC duration="500000">
      <Rectangle x="576" y="192" w="96" h="32"/>
    </FramePC>
    <FramePC duration="500000">
      <Rectangle x="672" y="128" w="96" h="32"/>
    </FramePC>
    <FramePC duration="500000">
      <Rectangle x="576" y="224" w="96" h="32"/>
    </FramePC>
    <FramePC duration="500000">
      <Rectangle x="768" y="32" w="96" h="32"/>
    </FramePC>
    <FramePC duration="500000">
      <Rectangle x="480" y="320" w="96" h="32"/>
    </FramePC>
    <FramePC duration="500000">
      <Rectangle x="768" y="64" w="96" h="32"/>
    </FramePC>
    <FramePC duration="500000">
      <Rectangle x="672" y="160" w="96" h="32"/>
    </FramePC>
    <FramePC duration="500000">
      <Rectangle x="576" y="256" w="96" h="32"/>
    </FramePC>
    <FramePC duration="500000">
      <Rectangle x="480" y="352" w="96" h="32"/>
    </FramePC>
    <FramePC duration="500000">
      <Rectangle x="768" y="96" w="96" h="32"/>
    </FramePC>
    <FramePC duration="500000">
      <Rectangle x="672" y="192" w="96" h="32"/>
    </FramePC>
    <FramePC duration="500000">
      <Rectangle x="576" y="288" w="96" h="32"/>
    </FramePC>
    <FramePC duration="500000">
      <Rectangle x="480" y="384" w="96" h="32"/>
    </FramePC>
    <FramePC duration="500000">
      <Rectangle x="864" y="0" w="96" h="32"/>
    </FramePC>
    <FramePC duration="500000">
      <Rectangle x="864" y="32" w="96" h="32"/>
    </FramePC>
    <FramePC duration="500000">
      <Rectangle x="576" y="320" w="96" h="32"/>
    </FramePC>
    <FramePC duration="500000">
      <Rectangle x="480" y="416" w="96" h="32"/>
    </FramePC>
    <FramePC duration="500000">
      <Rectangle x="672" y="224" w="96" h="32"/>
    </FramePC>
    <FramePC duration="500000">
      <Rectangle x="768" y="128" w="96" h="32"/>
    </FramePC>
    <FramePC duration="500000">
      <Rectangle x="480" y="448" w="96" h="32"/>
    </FramePC>
    <FramePC duration="500000">
      <Rectangle x="576" y="352" w="96" h="32"/>
    </FramePC>
    <FramePC duration="500000">
      <Rectangle x="672" y="256" w="96" h="32"/>
    </FramePC>
    <FramePC duration="500000">
      <Rectangle x="768" y="160" w="96" h="32"/>
    </FramePC>
    <FramePC duration="500000">
      <Rectangle x="864" y="64" w="96" h="32"/>
    </FramePC>
    <FramePC duration="500000">
      <Rectangle x="672" y="288" w="96" h="32"/>
    </FramePC>
    <FramePC duration="500000">
      <Rectangle x="768" y="192" w="96" h="32"/>
    </FramePC>
    <FramePC duration="500000">
      <Rectangle x="864" y="96" w="96" h="32"/>
    </FramePC>
    <FramePC duration="500000">
      <Rectangle x="576" y="384" w="96" h="32"/>
    </FramePC>
    <FramePC duration="500000">
      <Rectangle x="864" y="128" w="96" h="32"/>
    </FramePC>
    <FramePC duration="500000">
      <Rectangle x="576" y="416" w="96" h="32"/>
    </FramePC>
    <FramePC duration="500000">
      <Rectangle x="768" y="224" w="96" h="32"/>
    </FramePC>
    <FramePC duration="500000">
      <Rectangle x="672" y="320" w="96" h="32"/>
    </FramePC>
  </Frames>
</AnimatedTexturePC>
