<?xml version='1.0' encoding='UTF-8'?>
<AnimatedTexturePC width="512" height="256" actualWidth="128" actualHeight="24">
  <Frames>
    <FramePC duration="1100000">
      <Rectangle x="0" y="0" w="128" h="24"/>
    </FramePC>
    <FramePC duration="1100000">
      <Rectangle x="0" y="25" w="128" h="24"/>
    </FramePC>
    <FramePC duration="1100000">
      <Rectangle x="0" y="50" w="128" h="24"/>
    </FramePC>
    <FramePC duration="1100000">
      <Rectangle x="0" y="75" w="128" h="24"/>
    </FramePC>
    <FramePC duration="1100000">
      <Rectangle x="0" y="100" w="128" h="24"/>
    </FramePC>
    <FramePC duration="1100000">
      <Rectangle x="0" y="125" w="128" h="24"/>
    </FramePC>
    <FramePC duration="1100000">
      <Rectangle x="0" y="150" w="128" h="24"/>
    </FramePC>
    <FramePC duration="1100000">
      <Rectangle x="0" y="175" w="128" h="24"/>
    </FramePC>
    <FramePC duration="1100000">
      <Rectangle x="0" y="200" w="128" h="24"/>
    </FramePC>
    <FramePC duration="1100000">
      <Rectangle x="129" y="0" w="128" h="24"/>
    </FramePC>
    <FramePC duration="1100000">
      <Rectangle x="129" y="25" w="128" h="24"/>
    </FramePC>
    <FramePC duration="1100000">
      <Rectangle x="129" y="50" w="128" h="24"/>
    </FramePC>
    <FramePC duration="1100000">
      <Rectangle x="129" y="75" w="128" h="24"/>
    </FramePC>
    <FramePC duration="1100000">
      <Rectangle x="129" y="100" w="128" h="24"/>
    </FramePC>
    <FramePC duration="1100000">
      <Rectangle x="129" y="125" w="128" h="24"/>
    </FramePC>
    <FramePC duration="1100000">
      <Rectangle x="258" y="0" w="128" h="24"/>
    </FramePC>
  </Frames>
</AnimatedTexturePC>
