<?xml version='1.0' encoding='UTF-8'?>
<AnimatedTexturePC width="256" height="256" actualWidth="64" actualHeight="21">
  <Frames>
    <FramePC duration="400000">
      <Rectangle x="0" y="0" w="64" h="21"/>
    </FramePC>
    <FramePC duration="400000">
      <Rectangle x="0" y="22" w="64" h="21"/>
    </FramePC>
    <FramePC duration="400000">
      <Rectangle x="0" y="44" w="64" h="21"/>
    </FramePC>
    <FramePC duration="400000">
      <Rectangle x="0" y="66" w="64" h="21"/>
    </FramePC>
    <FramePC duration="400000">
      <Rectangle x="0" y="88" w="64" h="21"/>
    </FramePC>
    <FramePC duration="400000">
      <Rectangle x="65" y="0" w="64" h="21"/>
    </FramePC>
    <FramePC duration="400000">
      <Rectangle x="65" y="22" w="64" h="21"/>
    </FramePC>
    <FramePC duration="400000">
      <Rectangle x="65" y="44" w="64" h="21"/>
    </FramePC>
    <FramePC duration="400000">
      <Rectangle x="130" y="0" w="64" h="21"/>
    </FramePC>
    <FramePC duration="400000">
      <Rectangle x="65" y="66" w="64" h="21"/>
    </FramePC>
    <FramePC duration="400000">
      <Rectangle x="130" y="22" w="64" h="21"/>
    </FramePC>
    <FramePC duration="400000">
      <Rectangle x="65" y="88" w="64" h="21"/>
    </FramePC>
    <FramePC duration="400000">
      <Rectangle x="130" y="44" w="64" h="21"/>
    </FramePC>
    <FramePC duration="400000">
      <Rectangle x="130" y="66" w="64" h="21"/>
    </FramePC>
    <FramePC duration="400000">
      <Rectangle x="130" y="88" w="64" h="21"/>
    </FramePC>
    <FramePC duration="400000">
      <Rectangle x="0" y="110" w="64" h="21"/>
    </FramePC>
    <FramePC duration="400000">
      <Rectangle x="0" y="132" w="64" h="21"/>
    </FramePC>
    <FramePC duration="400000">
      <Rectangle x="0" y="154" w="64" h="21"/>
    </FramePC>
  </Frames>
</AnimatedTexturePC>
