<?xml version='1.0' encoding='UTF-8'?>
<AnimatedTexturePC width="64" height="64" actualWidth="17" actualHeight="18">
  <Frames>
    <FramePC duration="1000000">
      <Rectangle x="0" y="0" w="17" h="18"/>
    </FramePC>
    <FramePC duration="1000000">
      <Rectangle x="18" y="0" w="17" h="18"/>
    </FramePC>
    <FramePC duration="1000000">
      <Rectangle x="36" y="0" w="17" h="18"/>
    </FramePC>
    <FramePC duration="1000000">
      <Rectangle x="0" y="19" w="17" h="18"/>
    </FramePC>
    <FramePC duration="1000000">
      <Rectangle x="18" y="19" w="17" h="18"/>
    </FramePC>
    <FramePC duration="1000000">
      <Rectangle x="0" y="38" w="17" h="18"/>
    </FramePC>
    <FramePC duration="1000000">
      <Rectangle x="36" y="19" w="17" h="18"/>
    </FramePC>
    <FramePC duration="1000000">
      <Rectangle x="18" y="38" w="17" h="18"/>
    </FramePC>
  </Frames>
</AnimatedTexturePC>
