<?xml version='1.0' encoding='UTF-8'?>
<AnimatedTexturePC width="128" height="64" actualWidth="16" actualHeight="21">
  <Frames>
    <FramePC duration="1300000">
      <Rectangle x="0" y="0" w="16" h="21"/>
    </FramePC>
    <FramePC duration="1300000">
      <Rectangle x="17" y="0" w="16" h="21"/>
    </FramePC>
    <FramePC duration="1300000">
      <Rectangle x="34" y="0" w="16" h="21"/>
    </FramePC>
    <FramePC duration="8300000">
      <Rectangle x="0" y="22" w="16" h="21"/>
    </FramePC>
    <FramePC duration="1600000">
      <Rectangle x="17" y="22" w="16" h="21"/>
    </FramePC>
    <FramePC duration="1600000">
      <Rectangle x="34" y="22" w="16" h="21"/>
    </FramePC>
    <FramePC duration="1600000">
      <Rectangle x="51" y="0" w="16" h="21"/>
    </FramePC>
    <FramePC duration="1600000">
      <Rectangle x="68" y="0" w="16" h="21"/>
    </FramePC>
    <FramePC duration="1600000">
      <Rectangle x="51" y="22" w="16" h="21"/>
    </FramePC>
  </Frames>
</AnimatedTexturePC>
